open,high,low,close,volume
100.24835707650561,100.38405602260306,100.17869982697225,100.24835707650561,991
100.17922492592002,100.24032481853075,100.12256020741289,100.17922492592002,597
100.50306919497037,100.62254540717939,100.31576522580927,100.50306919497037,975
101.26458412317437,101.2866677325636,101.14866727882162,101.26458412317437,571
101.1475074358127,101.38694314210508,100.84949090069738,101.1475074358127,763
101.0304389573381,101.18464738876635,100.89960209218604,101.0304389573381,407
101.8200453650918,102.02020946464549,101.42022780251224,101.8200453650918,558
102.20376272966826,102.36009714413764,101.89203742627569,102.20376272966826,613
101.96902553670078,102.13855097920016,101.92271563791172,101.96902553670078,602
102.24030555849376,102.4040244821624,101.80692875153049,102.24030555849376,143
102.00859671208752,102.19298398768905,101.84800672678362,102.00859671208752,140
101.7757318353024,101.94601382265492,101.6861121926322,101.7757318353024,937
101.8967129710854,102.15987245272903,101.77946743222921,101.8967129710854,362
100.94007284875651,101.03326304437093,100.73080284161902,100.94007284875651,393
100.0776139325,100.24221165090067,99.97301961772061,100.0776139325,784
99.79647016787952,99.8047785359923,99.78216736602492,99.79647016787952,108
99.2900546077123,99.5047931769518,99.02220054461525,99.2900546077123,152
99.44717827400994,99.53884186183502,99.14380659070828,99.44717827400994,895
98.99316623624934,99.13612768804764,98.80142549042063,98.99316623624934,227
98.28701438558168,98.64591935526013,97.92282094052844,98.28701438558168,630
99.01983877004247,99.32880706252612,98.57718318644021,99.01983877004247,743
98.9069506197992,99.02777010507032,98.86595279033742,98.9069506197992,624
98.94071472214317,99.21291606309713,98.91092616289491,98.94071472214317,831
98.22834062903644,98.24129889906112,98.16107655467053,98.22834062903644,878
97.95614926677385,98.10923676564886,97.76925219711195,97.95614926677385,856
98.01161056162879,98.3071546206892,97.73657475010734,98.01161056162879,869
97.43611377291764,97.4852135092765,97.0613984941382,97.43611377291764,239
97.62396278209047,97.67500021639333,97.44527896492262,97.62396278209047,993
97.32364343713107,97.6645678287665,97.30707576144614,97.32364343713107,858
97.17779656223443,97.19442326737874,97.0878233020924,97.17779656223443,331
96.87694325611973,97.0416278930322,96.79289544114674,96.87694325611973,667
97.8030823483742,97.99220903388773,97.56590069728823,97.8030823483742,187
97.79633373600524,97.89720674914892,97.53394142693202,97.79633373600524,865
97.26747827152728,97.37573809051973,97.17418433334002,97.26747827152728,663
97.67875072757887,98.07411504136839,97.5331031061177,97.67875072757887,858
97.06832890259336,97.1673719221943,97.039898667873,97.06832890259336,863
97.17276070009574,97.23362967430653,96.99414713469838,97.17276070009574,736
96.19292563815584,96.25551143159385,96.16339527004835,96.19292563815584,300
95.52883261370663,95.6525438851022,95.2854066294754,95.52883261370663,487
95.6272632316412,96.02439851384416,95.32282217065602,95.6272632316412,460
95.9964965216389,96.02120236200712,95.92674146943753,95.9964965216389,231
96.0821806622339,96.12552702006519,96.06781803366368,96.0821806622339,276
96.02435652103978,96.0762008836406,95.4899150441455,96.02435652103978,151
95.87380467324513,95.89868162662667,95.65661412652942,95.87380467324513,645
95.13454367806142,95.3002024301311,94.97182382718967,95.13454367806142,121
94.77462157386407,94.79866128561328,94.5849803748994,94.77462157386407,752
94.54430218838418,94.63446465565053,94.40293351912126,94.54430218838418,418
95.07286330149364,95.11480051420854,94.90924750403245,95.07286330149364,882
95.24467244627787,95.33618083307883,95.08117529014663,95.24467244627787,267
94.3631523685965,94.44990189046621,94.03957023943849,94.3631523685965,137
94.5251943532939,94.87957368974318,94.11094553980519,94.5251943532939,972
94.33265321308573,94.46002724476482,94.26033475307186,94.33265321308573,857
93.99419221293276,94.12839518206525,93.70465085931708,93.99419221293276,846
94.3000303573532,94.51919818995398,94.01809449842126,94.3000303573532,666
94.81553011860117,95.03642048417217,94.70084336026358,94.81553011860117,472
95.28117017815927,95.36787850025378,95.10597541057676,95.28117017815927,731
94.86156141654796,94.90607640199293,94.70378857337754,94.86156141654796,677
94.70695522862235,95.04334898541943,94.4851998965609,94.70695522862235,933
94.87258694432413,94.96819450736258,94.62436008032117,94.87258694432413,526
95.3603595078853,95.64828113404508,94.93464146611991,95.3603595078853,939
95.12077238896266,95.1487366606663,95.03068999697678,95.12077238896266,265
95.02794290063075,95.07564268576536,94.92202126071683,95.02794290063075,821
94.47477541362774,94.65189082996675,94.32529056442965,94.47477541362774,601
93.8766721015874,94.23300905888077,93.76458917514566,93.8766721015874,174
94.2829350127845,94.55587027796462,93.93687591680535,94.2829350127845,539
94.96105502706992,94.97154979828252,94.61083330589545,94.96105502706992,745
94.92504996627976,94.9803170252886,94.79833541746342,94.92504996627976,364
95.42681641522577,95.51356635241797,95.3292592117236,95.42681641522577,505
95.60763442774959,95.65076818193631,95.58028789657529,95.60763442774959,785
95.28507455044702,95.35558379899435,95.1090918695024,95.28507455044702,342
95.46577235320123,95.5539527909234,95.3170064262848,95.46577235320123,700
96.23479063643421,96.45808080747102,96.09873005802211,96.23479063643421,861
96.21687761687923,96.41444993336053,96.19981671386974,96.21687761687923,642
96.99919944478623,97.09104028110613,96.76373523653227,96.99919944478623,376
95.68932689274136,95.87288053230039,95.60427722359546,95.68932689274136,649
96.10027814492898,96.16235737222408,95.93271140942409,96.10027814492898,407
96.14380167904807,96.27516877278696,95.87836343448771,96.14380167904807,502
95.99429800381513,96.20996101714098,95.92899068313987,95.99429800381513,749
96.04017839208288,96.111961908831,95.99024379852122,96.04017839208288,529
95.04639393478243,95.25435257968807,95.01405611317742,95.04639393478243,175
94.93655799086368,95.30629060465698,94.88157938908148,94.93655799086368,438
95.11511427661955,95.37664279283824,94.99890081660755,95.11511427661955,864
95.8540612989903,95.9087933228328,95.27522428747598,95.8540612989903,549
95.59492618985348,95.90829713129624,95.35637238952407,95.59492618985348,178
95.19067938840689,95.31049734025966,94.83174159897438,95.19067938840689,137
94.93980086661462,94.97493560911298,94.81732089469348,94.93980086661462,417
95.39750192546566,95.59119865485805,95.1841712516819,95.39750192546566,427
95.56187748029551,95.83823131800905,95.53445737581747,95.56187748029551,529
95.29699737841199,95.45100740019551,95.25949660166623,95.29699737841199,262
95.55363109496867,95.85486054312365,95.35452737953608,95.55363109496867,457
95.60216986964268,95.68993986773832,95.59124198131367,95.60216986964268,739
96.08649236490912,96.31430466643239,95.92796779883489,96.08649236490912,769
95.73546581797045,96.22709970408026,95.47178392785884,95.73546581797045,428
95.57163474467157,95.76778771340408,95.39850790770764,95.57163474467157,930
95.37558066810548,95.39831203660529,95.25567841987264,95.37558066810548,513
94.64382319403943,94.96364784220677,94.43171121842106,94.64382319403943,980
94.79188333257171,94.92651007101831,94.5982459824275,94.79188333257171,694
94.92241096866167,94.98342804960302,94.554723588756,94.92241096866167,575
94.92496769698289,95.00499162924312,94.57622879557144,94.92496769698289,555
94.80767413029531,94.9243072737465,94.66575392601501,94.80767413029531,828
94.0999887592701,94.3811182787717,93.71807220583072,94.0999887592701,813
93.88966609788743,93.9298138060391,93.73159982154773,93.88966609788743,889
93.71830883962404,94.13882897800825,93.40610425353445,93.71830883962404,251
93.31717020501324,93.45187813459269,93.15089735411804,93.31717020501324,637
93.23652734918024,93.40817055553457,93.1272832660828,93.23652734918024,514
93.4385527775875,93.547805579423,93.33478536902317,93.4385527775875,442
94.38164572819277,94.49422786024978,94.36152130602568,94.38164572819277,865
94.46893463460869,94.49042361096754,94.36610643645655,94.46893463460869,485
94.59770982997007,94.61308291137081,94.34739395343354,94.59770982997007,862
94.56048687208698,94.82318150435204,94.46924007116529,94.56048687208698,266
93.60110126443746,93.7403934823948,93.27874425174002,93.60110126443746,964
93.58784432671285,93.96068423189033,93.5564506013031,93.58784432671285,571
93.61795943168337,93.75222094995759,93.52647326418169,93.61795943168337,239
94.84958048792602,94.86742012724854,94.58945374697633,94.84958048792602,328
94.75340000553545,94.809640724616,94.69386622247289,94.75340000553545,172
94.90417367670226,94.92885750340245,94.8615509258837,94.90417367670226,527
94.88681779184964,94.97573619086427,94.82551535055568,94.88681779184964,398
94.30247877303987,94.38924582105764,94.12358993300244,94.30247877303987,335
94.87389018029738,95.0245136464215,94.77654807423228,94.87389018029738,806
95.24985669664076,95.47443963213027,94.98643705728976,95.24985669664076,699
95.64537267016229,96.14600702834343,95.47982639222298,95.64537267016229,196
95.19067894276492,95.28747581068502,95.14209609654746,95.19067894276492,577
95.89207609823296,96.03191858596736,95.54371241524102,95.89207609823296,777
95.19115056683682,95.51267882894146,95.03418549312713,95.19115056683682,590
95.48457911373696,95.5405016577179,95.2691406128834,95.48457911373696,395
96.57980692664195,96.60524680343843,96.29639151997333,96.57980692664195,505
96.08453876407661,96.17910177806218,95.36397233691444,96.08453876407661,814
95.80138989927522,96.34588072747361,95.79307208576354,95.80138989927522,546
95.85121558181905,95.88444370443472,95.56713539719307,95.85121558181905,798
95.59947775476095,95.82942604583454,95.39695070388056,95.59947775476095,374
94.82414603922788,94.88901518146687,94.62493953856638,94.82414603922788,119
94.85842752663089,95.06569336599853,94.50357960302286,94.85842752663089,986
94.32727566976784,94.49837220895296,94.24341306357094,94.32727566976784,684
94.56407188508544,94.6187974071641,94.46433488029817,94.56407188508544,526
94.10435976796853,94.31482566188917,94.04040666527216,94.10435976796853,949
94.87932697047731,94.97443385982437,94.84278701609293,94.87932697047731,460
94.48770032430919,94.72637547801786,94.42400015370956,94.48770032430919,409
94.32666956620635,94.69330365654609,94.01411980919575,94.32666956620635,693
94.73342817489119,94.93701958537706,94.63779883034994,94.73342817489119,907
94.11799601667421,94.377205755239,94.05706022415546,94.11799601667421,455
94.23172598397628,94.26746216149787,94.19686378327096,94.23172598397628,126
94.8852973611175,95.03587557741625,94.83963367591247,94.8852973611175,752
94.08155574383689,94.2045445643401,93.69875457823419,94.08155574383689,146
94.17387267310303,94.33890585305214,94.05784714456324,94.17387267310303,555
94.30381407022725,94.34906168796073,94.16633942177975,94.30381407022725,211
94.6947255061159,94.91831227066133,94.40721615592938,94.6947255061159,846
94.07625015067686,94.31011320369414,93.8453264371693,94.07625015067686,762
93.41602184413472,93.4460514105382,93.18416536428855,93.41602184413472,474
93.67699262694316,94.02349154593662,93.67094586639969,93.67699262694316,414
93.82548496355976,93.9041251642962,93.4103659505842,93.82548496355976,944
93.95073138873269,93.95757232564031,93.86173734813526,93.95073138873269,225
94.12395549348118,94.29488042183219,93.7767470815709,94.12395549348118,106
93.78394313269193,93.87534149945698,93.51013087272344,93.78394313269193,661
93.90006998127244,94.18171533493393,93.74620375040236,93.90006998127244,459
94.04660621792178,94.06202194019808,93.71603938065397,94.04660621792178,677
93.6894305089086,93.90056935868523,93.46672623821694,93.6894305089086,998
94.62231776448098,94.84174653843507,94.4930543049415,94.62231776448098,461
94.85923422493687,94.98376857824735,94.64484229756765,94.85923422493687,778
94.26358247633554,94.36409172562638,94.22487332650202,94.26358247633554,863
94.59185928065246,94.834277424517,94.57092995580082,94.59185928065246,874
94.1045184455388,94.40315640798059,94.03528905674833,94.1045184455388,807
94.49806074741002,94.5318176948932,94.34275208950399,94.49806074741002,794
95.07735853691372,95.13398470137763,94.92807956220928,95.07735853691372,363
94.66701737773786,94.68742865586363,94.61395176673788,94.66701737773786,899
95.14870544236003,95.64406385573544,95.08062641101685,95.14870544236003,374
95.35509590582828,95.45531390769003,95.21268777474468,95.35509590582828,729
95.76612598582552,96.06999325604366,95.72914898920578,95.76612598582552,495
96.7145224771525,96.7378548273864,96.55114222678698,96.7145224771525,412
96.59182841915107,96.79804962980992,96.58014068017435,96.59182841915107,958
96.21496033697233,96.31758578624517,96.19787259992835,96.21496033697233,591
95.77020312215956,96.12418573569067,95.71786166546428,95.77020312215956,888
95.36229797967684,95.54429048784895,95.00904949774247,95.36229797967684,503
95.32374712496978,95.45175244864664,95.29725818102987,95.32374712496978,476
95.49432311237811,95.56560562908498,95.29340353895321,95.49432311237811,743
95.63266851204313,95.76489593448132,95.58675103264798,95.63266851204313,758
96.04626013656113,96.08637437269229,95.99861127618144,96.04626013656113,640
96.05276108250008,96.06834562963579,96.02892922850984,96.05276108250008,938
96.77952812107874,96.88944298429163,96.76776283924514,96.77952812107874,419
96.64719970445977,96.94898348331314,96.59124616291412,96.64719970445977,324
98.00728428775457,98.2309519151132,97.81542013471078,98.00728428775457,555
98.32011796163708,98.60399483279629,98.02704988494808,98.32011796163708,750
97.89153918342895,97.93633817720915,97.76067970473409,97.89153918342895,388
97.35609293439839,97.50344560343197,97.17646816788213,97.35609293439839,380
97.59732914201999,97.72110120804892,97.44820197545943,97.59732914201999,516
97.48559774935705,97.61144450203454,97.45460334564576,97.48559774935705,583
97.8425979964031,98.42541983955677,97.68915307091244,97.8425979964031,637
98.07921680868988,98.33463372115611,97.93653100348645,98.07921680868988,903
98.04280235236145,98.25944004169466,97.88527648057045,98.04280235236145,878
97.61940549332725,97.66612450957956,97.44749732905883,97.61940549332725,897
96.86198188098432,97.28534249197709,96.64259152155338,96.86198188098432,412
96.6387244049508,96.80596337509164,96.56101055560035,96.6387244049508,708
97.06692380211254,97.12008947524194,97.063446980204,97.06692380211254,749
97.17397067417764,97.38942940878077,97.12558644875118,97.17397067417764,892
96.55110128482164,96.55467371579918,96.17576321855407,96.55110128482164,707
96.63769174774723,96.70461251865329,96.2933532253202,96.63769174774723,156
96.83035043761164,96.94347701798898,96.7755412398345,96.83035043761164,222
96.38842171951107,96.44292531755698,96.35388083619569,96.38842171951107,842
96.46528427248384,96.6713720296112,96.21637447433123,96.46528427248384,389
96.49438863170684,96.7526824095199,96.0253941778026,96.49438863170684,697
95.92290348279153,95.98430409479259,95.82056470840918,95.92290348279153,409
96.10179716296567,96.16014370804133,96.02437370824971,96.10179716296567,662
96.38218942614978,96.425011622607,96.31492741705965,96.38218942614978,327
96.92371504773742,97.02154115906727,96.88901772959463,96.92371504773742,105
97.45061607375487,97.46165020132916,97.1611891140659,97.45061607375487,542
96.76178138977633,96.76190308624079,96.62708961463089,96.76178138977633,409
96.29286886981878,96.53219429398422,96.10126181609301,96.29286886981878,884
96.55038650342311,96.85360973949412,96.54096244906093,96.55038650342311,955
96.80727947887922,97.10879006780591,96.52740486965013,96.80727947887922,101
97.06480332203225,97.06680755238037,96.64886391500305,97.06480332203225,887
98.9911690673596,99.12890795404866,98.68528752271328,98.9911690673596,702
99.2766143227062,99.3388086160034,99.20466118187299,99.2766143227062,873
99.8443971427965,99.92490038474357,99.83804320025696,99.8443971427965,853
100.3213980245431,100.4552856988516,100.2793652950319,100.3213980245431,474
100.647093650196,100.66951893891827,100.57337826884797,100.647093650196,345
100.48945902787582,100.87212709482039,100.08711471278727,100.48945902787582,571
100.86894363812246,101.0619527542377,100.70436291992716,100.86894363812246,690
100.48253103085368,100.66183096489371,100.29696713963047,100.48253103085368,922
100.36412172748368,100.91220701189066,100.36373914027948,100.36412172748368,403
100.12143995356912,100.35892538390553,100.10925205121193,100.12143995356912,157
100.16237702326228,100.26662302139118,99.92704951353893,100.16237702326228,324
101.31970630659903,101.58294152290503,101.02720023006074,101.31970630659903,525
100.38607371030315,100.42578754767935,100.33816381892618,100.38607371030315,301
100.72920380549041,101.14148489029499,100.56936326164198,100.72920380549041,617
99.92284586989558,100.00891839819688,99.85006759746557,99.92284586989558,129
99.68687993700087,99.94181056180854,99.68539250923888,99.68687993700087,250
100.23135523548456,100.41629959658724,100.19050424695315,100.23135523548456,647
100.26349524503229,100.39603354172989,100.12589348206332,100.26349524503229,209
99.72462285606764,99.74197507116017,99.66340297740142,99.72462285606764,220
99.36697100143766,99.47353825519365,99.25084394548712,99.36697100143766,340
99.706769875905,99.87062316874287,99.52649453261921,99.706769875905,870
99.34158656004642,99.5326642742824,99.32254633693822,99.34158656004642,701
99.44981585483741,99.68932231709044,99.19027304991441,99.44981585483741,129
99.47260177478931,99.65136506090563,99.32791433015669,99.47260177478931,565
99.14680160098641,99.36760672768088,98.50694867194397,99.14680160098641,564
100.21877364564907,100.51682315030888,100.11987512527264,100.21877364564907,336
100.53573315680808,100.5650160151766,100.52820414378864,100.53573315680808,470
99.52316186347927,99.75546247317567,99.49593469370588,99.52316186347927,781
99.61638902086399,99.65336437211305,99.22035815055771,99.61638902086399,248
99.28549578847979,99.58664534859263,99.17051458029678,99.28549578847979,473
99.7117124558779,99.8797013638263,99.60562208526007,99.7117124558779,699
99.31545208666155,99.65259243746854,98.98679827974749,99.31545208666155,615
99.2580838659281,99.38733233075742,99.18515545510468,99.2580838659281,532
99.51057750541833,99.60628835876187,99.41324494395359,99.51057750541833,351
99.94345510250339,100.04658722852007,99.7862388627418,99.94345510250339,572
99.3433068989755,99.66768164853251,99.18333076587282,99.3433068989755,662
99.17605628105503,99.28002311020008,98.8144316902667,99.17605628105503,635
98.93858362547455,99.20507358167418,98.68341298453828,98.93858362547455,145
98.61191900918769,98.73820273044217,98.4371003286347,98.61191900918769,727
99.49464612932823,99.65445974395669,99.46606319092959,99.49464612932823,638
99.69713698480871,99.69836327489575,99.59585650115385,99.69713698480871,706
99.06669500764119,99.17832165957267,99.06561274071065,99.06669500764119,978
99.52562598116857,99.72450172736698,99.29214784542835,99.52562598116857,534
100.58670407967489,100.69231128058448,100.58586197549972,100.58670407967489,710
101.10293670995046,101.25662381333116,100.99486188376424,101.10293670995046,727
100.34325172697345,100.35307067323458,100.1739307584958,100.34325172697345,375
100.10113469054032,100.37147619694525,99.97740870039098,100.10113469054032,947
100.73459026513363,100.87176835642121,100.6637948881209,100.73459026513363,607
100.38075553232424,100.43320224620082,100.00222479065683,100.38075553232424,194
100.60266524639736,100.68980741287432,100.31671027449438,100.60266524639736,810
100.98998227311203,100.99655717014252,100.87341665922081,100.98998227311203,245
100.52651703732299,100.53457857718904,100.49623028529085,100.52651703732299,766
100.49675435929208,100.6757403716052,100.21654048816664,100.49675435929208,881
98.87612068925755,98.9943387955226,98.71718502464853,98.87612068925755,501
98.3639268685904,98.39520872434896,97.90519446411626,98.3639268685904,932
98.23764279289382,98.39037642283762,98.02685662332277,98.23764279289382,603
97.6137512019114,97.69389865264972,97.54612313683981,97.6137512019114,514
98.42995685387721,98.51527678113442,98.07256334076702,98.42995685387721,375
97.7148861648969,97.7398297965442,97.53536836394552,97.7148861648969,425
97.4948639215484,97.52450849931702,97.3549009328168,97.4948639215484,355
97.56023421019145,97.6612864788263,97.50900102894228,97.56023421019145,656
98.28087085472451,98.35427537766884,98.22338481307926,98.28087085472451,612
97.5629397791348,97.64102161641912,97.50511569370143,97.5629397791348,246
98.14452165521227,98.53827311709907,97.97946015176421,98.14452165521227,394
98.14963818572207,98.33758528207149,98.09659341263196,98.14963818572207,474
97.65888386019809,97.81100399308312,97.58195783378385,97.65888386019809,766
97.88993559732972,98.00412379611817,97.62010117650102,97.88993559732972,155
97.98946544511647,98.0131354582475,97.7845962047193,97.98946544511647,325
97.68935700653707,97.76766724158908,97.55505750374756,97.68935700653707,618
97.72425804903207,97.7517263139451,97.50685198343182,97.72425804903207,119
97.5316012506012,97.76952977969825,97.48898313562741,97.5316012506012,258
97.58835992322682,97.65748399215711,97.4349716707502,97.58835992322682,569
97.91942526048734,97.9318430001302,97.81423471252849,97.91942526048734,951
98.71243366856002,98.92087178395663,98.6607416336962,98.71243366856002,690
98.0935259191466,98.14018292736418,98.02822939439069,98.0935259191466,465
99.16004260647473,99.18433832234055,98.6977207314146,99.16004260647473,100
98.18399870671348,98.2468032272107,98.16903299804964,98.18399870671348,947
98.10810615919569,98.12682796386896,97.98453851541984,98.10810615919569,328
98.40226476243798,98.40411016103707,98.01392595293939,98.40226476243798,824
98.54276069630549,98.66009961405787,98.37063086992255,98.54276069630549,382
98.23141093639519,98.38164438031997,98.01402819741185,98.23141093639519,859
98.12734981121656,98.32706388851305,97.93647386655604,98.12734981121656,218
97.88084934388715,98.15924600124656,97.79774174511975,97.88084934388715,990
97.58616696541505,97.76211043769196,97.37905395185956,97.58616696541505,326
98.01096801392556,98.04582142081895,97.94204191299866,98.01096801392556,123
98.18947575690808,98.2100992733972,98.14414683219482,98.18947575690808,801
97.84302095927775,97.89728027190728,97.71684995153527,97.84302095927775,407
98.29282089699437,98.76396159501984,98.07010094675707,98.29282089699437,406
98.44647065743267,98.76138792898514,98.0322195666017,98.44647065743267,668
98.85290171685214,99.07019774143022,98.8258905758954,98.85290171685214,593
99.16771613781395,99.25686810805738,98.97984352499964,99.16771613781395,607
98.75321863235291,99.13471676686356,98.68454456239381,98.75321863235291,410
98.47312811225443,98.66860093575117,98.32202713096132,98.47312811225443,920
98.84677491481607,99.22429993894127,98.61386555919404,98.84677491481607,188
99.1519600475328,99.34500286288291,99.05433279150436,99.1519600475328,374
99.14150925055073,99.189256835609,99.06241536254161,99.14150925055073,720
99.20017294220511,99.45494040723196,98.95767475338872,99.20017294220511,752
99.83900539009933,99.84194420920821,99.67537854577179,99.83900539009933,896
99.54321969568142,99.6204529952811,99.13655987347339,99.54321969568142,579
99.81676838626643,99.84770645249334,99.71711550097818,99.81676838626643,987
99.71567206004949,99.85844754886752,99.51364591717983,99.71567206004949,556
99.60683145843588,99.62663434833333,99.29005234021831,99.60683145843588,855
100.15621988442948,100.26070283010498,99.92083590600316,100.15621988442948,996
100.56892805892349,100.68229072248396,100.53774434171326,100.56892805892349,685
100.97568287692381,101.13786563144696,100.95248862637152,100.97568287692381,454
101.62842228050097,101.75917068646237,101.50952898419033,101.62842228050097,361
101.63892420131735,101.82200479541434,101.39317884922824,101.63892420131735,275
101.97990068696484,102.22444304553123,101.91490496813111,101.97990068696484,503
101.82476730866811,102.15851008113734,101.5857302281875,101.82476730866811,329
101.98685048491234,102.21343576237254,101.74827124618498,101.98685048491234,687
101.92177895772849,102.33386349741743,101.62639649846643,101.92177895772849,422
101.97027694022485,102.02067769246524,101.75679354304711,101.97027694022485,794
102.26785545294331,102.38767229000227,102.09797913746779,102.26785545294331,885
101.85874511132657,102.0661461762004,101.78415340928395,101.85874511132657,376
102.9049387491693,102.96003521220511,102.67595709764151,102.9049387491693,838
102.40193005841945,102.43838610312703,102.30255024898894,102.40193005841945,776
101.79483575202559,102.05767565795021,101.68584991438979,101.79483575202559,374
102.37389118877563,102.40161819448171,102.37252038979533,102.37389118877563,316
102.7697225357571,102.869344934886,102.54602865346843,102.7697225357571,923
103.08178244428318,103.18501504886846,102.7946344320962,103.08178244428318,289
103.39595519891532,103.60904014363483,103.15934906585174,103.39595519891532,117
103.38983181249186,103.54479224811897,103.13857798350979,103.38983181249186,843
102.94120462674894,103.04772597808365,102.68024587202477,102.94120462674894,513
102.97910690584581,103.35820837504409,102.79926768663621,102.97910690584581,283
102.64052605008976,102.67059172484251,102.41968314592582,102.64052605008976,717
103.12808591679864,103.1680926742611,103.01601352666529,103.12808591679864,342
103.05455722604756,103.0679592343926,102.94555171146308,103.05455722604756,525
102.6418086276513,102.8061447929123,102.63958810952673,102.6418086276513,152
102.48111570682481,102.80582154900317,102.20025460579163,102.48111570682481,325
102.68758143396262,102.79312171634675,102.3059792637668,102.68758143396262,813
102.40571915756064,102.63117626230202,102.35384229087208,102.40571915756064,697
101.99460895977742,102.08475701523797,101.46275272296795,101.99460895977742,661
102.11645256552337,102.51679376586848,102.05699514657138,102.11645256552337,994
102.23893585107774,102.36919334407438,102.05198622516947,102.23893585107774,871
101.98546426339217,102.17908998296264,101.94053780022097,101.98546426339217,418
101.74994511058301,101.87343083676848,101.60464212683605,101.74994511058301,806
101.86597007926183,102.0006529271738,101.79455700436975,101.86597007926183,468
101.14192790851317,101.31948869562893,100.8949988250168,101.14192790851317,347
100.43819602132488,100.71789281993875,100.2609483346522,100.43819602132488,667
100.07897391069866,100.23520897795619,100.01474347327263,100.07897391069866,276
99.97225033484274,100.01532799261476,99.75916737919508,99.97225033484274,575
100.12770411764174,100.15592701698286,99.97452730397762,100.12770411764174,761
100.86538222611652,101.17037921414534,100.77420169948299,100.86538222611652,112
101.29421203771753,101.32096791222178,101.2334735189333,101.29421203771753,460
101.21424277273582,101.38633046634918,100.89700331971999,101.21424277273582,388
101.20473466878447,101.34359994501433,101.19639871315859,101.20473466878447,530
100.70346998646556,101.21802046431446,100.35251830281031,100.70346998646556,675
100.69421341846937,100.79417774566413,100.56483932549001,100.69421341846937,438
100.5498840990093,100.94811212880023,100.1222730566825,100.5498840990093,716
100.71124337917836,100.78348941776123,100.56876671020507,100.71124337917836,850
100.29762790740219,100.32212609247708,100.1400955890401,100.29762790740219,133
100.55730116452277,100.57477264957483,100.34091198868698,100.55730116452277,423
101.32367062102406,101.46983324614581,101.13307685432258,101.32367062102406,650
101.26929054679563,101.31834889532301,100.86862817071922,101.26929054679563,555
101.4701464078451,101.71864657522899,101.40468091974083,101.4701464078451,324
101.81521840370067,102.00420014823769,101.68268972493506,101.81521840370067,740
101.61460816775775,101.74376769607849,101.58292083893231,101.61460816775775,232
101.72665440866297,101.92978705483893,101.66327299894182,101.72665440866297,579
101.73295060905386,101.84059293015231,101.41942053709636,101.73295060905386,651
101.78178865832828,102.05568141325949,101.57889316012502,101.78178865832828,930
101.39528376640055,101.7482489431589,101.15915512006846,101.39528376640055,996
101.40753885353003,101.56239283801084,101.38312043423981,101.40753885353003,320
101.65653799915275,101.70127131351343,101.41513269646721,101.65653799915275,500
102.38210980305027,102.44823245526835,102.06558599430346,102.38210980305027,705
102.86174521609287,102.97481520659309,102.84478568931026,102.86174521609287,710
103.93833644484864,103.96701763706291,103.87532372292881,103.93833644484864,159
103.55466266340461,103.66973400830864,103.5414268970316,103.55466266340461,740
103.99082298176495,104.18294562826564,103.97186884736392,103.99082298176495,231
104.08249398463413,104.24079347182872,103.75110069348638,104.08249398463413,492
105.17739545124296,105.21175754400349,104.86689937648595,105.17739545124296,912
104.77324630856538,104.8025726633741,104.72408930508914,104.77324630856538,680
104.35338538747499,104.82320709908,104.12076555046478,104.35338538747499,113
104.05368906475297,104.24366687840283,103.6401844007133,104.05368906475297,534
102.99174120259806,103.1761059338621,102.52622135601199,102.99174120259806,573
102.72886369175768,102.74886132451078,102.57476760442017,102.72886369175768,250
102.34929736098083,102.41632598873646,102.22550184729941,102.34929736098083,785
102.42449425421893,102.45156110100355,102.3335141205979,102.42449425421893,569
102.5953722421075,102.84127127364911,102.49774138919973,102.5953722421075,510
103.53345766171545,103.61584230859263,103.4302480304951,103.53345766171545,444
104.00866958080847,104.37098073544726,103.89936469759778,104.00866958080847,903
103.72021775297728,103.83603301315237,103.70116494010193,103.72021775297728,295
103.2710104173031,103.7692426989334,103.25418450067326,103.2710104173031,643
103.51697000305636,103.76031470155594,103.20241992191806,103.51697000305636,172
102.85685339954604,103.07477930412787,102.69290712825827,102.85685339954604,293
103.77258278247322,103.8444398433345,103.65207570935586,103.77258278247322,661
104.36230284283387,104.50575555159051,104.22589847986106,104.36230284283387,668
104.12771501678152,104.29959485894496,103.88664110562462,104.12771501678152,728
103.27114775223609,103.36519889548936,102.8018674874374,103.27114775223609,291
103.94808393931879,104.24779321145276,103.81680687915053,103.94808393931879,529
103.89081401669249,103.94516002466644,103.59224763841945,103.89081401669249,600
104.50972217267922,104.88366850507022,104.36557672502,104.50972217267922,316
103.71250834328204,103.7251689878383,103.6056559387476,103.71250834328204,722
103.41282083180515,103.42853851038802,103.37279049884367,103.41282083180515,584
103.41544268166425,103.65511639553894,103.01277849244475,103.41544268166425,700
103.43893297854662,103.44180026298177,103.33422223002113,103.43893297854662,459
103.213900242807,103.29821670509506,103.00603478303138,103.213900242807,921
103.52532520898075,103.73433643802699,103.2984863243577,103.52532520898075,408
102.99151499428945,103.01567304078966,102.94800911752273,102.99151499428945,768
102.9203252517788,103.07032978809195,102.7196308340502,102.9203252517788,520
102.98047306763476,103.21147257974309,102.64566918214732,102.98047306763476,680
103.23769248466414,103.2764248375675,103.19442117774588,103.23769248466414,881
103.59349992370858,103.59408511704447,103.39915466175648,103.59349992370858,836
103.03117887778964,103.06676055607197,102.9714457996737,103.03117887778964,510
102.26412179242183,102.47825546670515,102.03608235287061,102.26412179242183,616
102.90296020337108,103.00849095860674,102.64108141428443,102.90296020337108,342
103.06911720936088,103.06983372972743,102.88751886092525,103.06911720936088,729
102.6948739410826,102.73380668008754,102.62536884227727,102.6948739410826,271
103.47044992884386,103.72493560540718,103.36647334249027,103.47044992884386,754
103.5282872459903,103.5717684165357,103.40764803137856,103.5282872459903,934
104.1179358380222,104.28891662254948,103.82020130126584,104.1179358380222,868
104.15169507872726,104.15357414964242,104.15161324154761,104.15169507872726,559
105.18206904116825,105.39332673791748,104.97685667498978,105.18206904116825,464
106.05973946238986,106.13924501370448,105.97944626887295,106.05973946238986,929
105.93525738815032,105.93794148522801,105.83944197705083,105.93525738815032,177
106.42104286362749,106.42369948141929,106.18660825422221,106.42104286362749,668
106.74373083842006,106.93461856367826,106.55012491698079,106.74373083842006,589
107.42804661718624,107.5294297612135,106.96028202888058,107.42804661718624,631
106.94558488689619,106.95362583380346,106.77861773937926,106.94558488689619,625
107.28861061689541,107.38900900893165,107.2560438089852,107.28861061689541,305
107.8178228603202,108.03911521448262,107.75451371967826,107.8178228603202,848
106.93845311710865,107.1884963222876,106.89664032077415,106.93845311710865,792
106.34682386077576,106.43132303986225,106.19467709142036,106.34682386077576,390
105.3272077718957,105.5327515216516,105.27672813056529,105.3272077718957,800
105.19250435467342,105.25560894285746,104.96481183644255,105.19250435467342,603
105.5512754825714,105.56084726810195,105.17333592525182,105.5512754825714,758
106.3024540086194,106.35265471724944,106.2585336722567,106.3024540086194,951
106.3395013988293,106.37538423303907,106.33525478567414,106.3395013988293,653
107.15380917161494,107.45714168087213,107.0395751683275,107.15380917161494,527
106.4637584425075,106.53361081957709,106.20721911798542,106.4637584425075,570
105.61206722282992,105.93537155373267,105.55411841744711,105.61206722282992,965
105.58429337338161,105.71615820033705,105.38625836566752,105.58429337338161,612
105.77632609785127,105.83998630067214,105.7485372276782,105.77632609785127,423
105.75997872380422,105.86830287646606,105.40698435297894,105.75997872380422,715
104.72625767378429,104.74366071844791,104.59601971986922,104.72625767378429,354
104.6816976540279,104.79832222029276,104.40787112155157,104.6816976540279,820
104.02946290377547,104.12681120420707,103.774492589573,104.02946290377547,829
104.36429917819049,104.40376186064854,104.33393535964174,104.36429917819049,689
104.54759830123892,104.70230782426033,104.27253416482712,104.54759830123892,150
104.07765840807524,104.28784664131302,103.67731331182839,104.07765840807524,899
103.8207249494069,103.88879304598348,103.71425054714754,103.8207249494069,199
103.29111818846242,103.33626271478485,103.22693103759825,103.29111818846242,823
103.25977863982584,103.35090802184355,103.16965897357001,103.25977863982584,563
103.73734980007646,103.89599403951786,103.68474276371288,103.73734980007646,598
103.24448677690869,103.42761753776036,103.23142463457421,103.24448677690869,336
103.49651003466761,103.73379315277113,103.36407232513227,103.49651003466761,906
103.23138122548139,103.4291556950085,103.1281542322638,103.23138122548139,571
102.83494480935022,102.93311938832893,102.52896811166919,102.83494480935022,497
102.78142962937294,102.88781593103135,102.68118382788424,102.78142962937294,256
102.26380846816325,102.79028570909875,102.05966042612158,102.26380846816325,397
101.98698381548965,102.07296383653123,101.7599599316074,101.98698381548965,113
101.38804486919523,101.72356995762645,101.21469882252849,101.38804486919523,215
102.37040743565342,102.62373383467474,102.3298877307582,102.37040743565342,238
102.38803921163928,102.58596940487216,101.96011369892857,102.38803921163928,174
102.03817645764299,102.17549736401263,101.95034237275652,102.03817645764299,914
102.1451664130101,102.3143042752994,102.01638381095087,102.1451664130101,459
102.08900238816469,102.14258213499639,101.72938671617611,102.08900238816469,123
101.97851758839808,102.12027322894238,101.78268150114256,101.97851758839808,505
102.28560093841979,102.44946925696671,102.2696647424507,102.28560093841979,788
102.66435479344344,102.8960491927381,102.63566084738255,102.66435479344344,666
102.39910421963818,102.6438629441408,102.29517672598446,102.39910421963818,824
102.11119509931584,102.3010543989909,102.08296773501256,102.11119509931584,425
101.97366925074002,102.07846904185688,101.72071534538502,101.97366925074002,433
100.82270866837223,100.84125728152814,100.75847478856349,100.82270866837223,428
100.06511313727296,100.16451927540614,99.86850653992902,100.06511313727296,774
100.74855027099522,100.93918177194624,100.53586189774288,100.74855027099522,399
101.57103412774586,101.6436332684324,101.42394042588953,101.57103412774586,775
101.44651610796767,101.68124218647702,101.44059187957629,101.44651610796767,188
101.73479458949555,101.93357877533063,101.60805140935051,101.73479458949555,114
101.89041966676731,102.12100231800828,101.76779516692147,101.89041966676731,400
103.42986007099493,103.80998987933935,103.02589010044217,103.42986007099493,733
103.98964752671222,104.06830655434551,103.76163100650753,103.98964752671222,417
103.92568873097184,104.14698016143078,103.72156372287108,103.92568873097184,959
103.44791851067163,103.49708817416042,103.28470567297327,103.44791851067163,277
102.64469535054285,102.91223018776039,102.56062428522755,102.64469535054285,561
102.74642716847646,102.86886149220018,102.54659724955302,102.74642716847646,368
102.36825179583431,102.48210966048832,102.12855532535752,102.36825179583431,204
101.65712494103548,101.67145865181152,101.59854677499487,101.65712494103548,770
101.33383849891422,101.38231359053525,101.28358232664927,101.33383849891422,616
100.79306449710703,100.98550661282324,100.65197775229556,100.79306449710703,438
101.63663531464331,101.83378192132881,101.6187977751956,101.63663531464331,491
102.07745519311804,102.23221130889617,102.03695101657125,102.07745519311804,240
102.07346887245973,102.27509017381182,101.91217376145927,102.07346887245973,268
102.81344094190474,102.83043553443191,102.65375319670824,102.81344094190474,116
102.85212509572855,103.0697036981504,102.39170148551474,102.85212509572855,643
102.42148299506442,102.55833143116747,102.390974005537,102.42148299506442,104
103.18304503369926,103.3241961461447,102.90622502752123,103.18304503369926,993
103.45250005554159,103.50462172200838,103.36487707008061,103.45250005554159,236
102.93387697837836,103.23135186765916,102.7060286147057,102.93387697837836,718
102.83870763933656,102.85614863774401,102.77741727933433,102.83870763933656,261
102.40089851264419,102.65035924277713,102.3659138191558,102.40089851264419,868
101.70949864716202,101.73659692162538,101.48212050868219,101.70949864716202,779
102.17258742092784,102.48085164988811,101.95273770941454,102.17258742092784,562
103.12729574116291,103.39409537833829,102.98219742671031,103.12729574116291,537
102.42801195425334,102.58355896370291,102.2516482982132,102.42801195425334,481
102.70949657259862,102.724433741126,102.70421079135852,102.70949657259862,899
102.38417528803771,102.3886753656868,102.13867043951004,102.38417528803771,481
102.14061259615536,102.29337255062802,102.13185168483392,102.14061259615536,581
101.84441563403593,101.92274975593674,101.59296864190107,101.84441563403593,454
101.41242024919602,101.78892439948952,101.06384695518567,101.41242024919602,344
101.43668106316844,101.53508187398903,101.37333947670325,101.43668106316844,724
101.02120600496292,101.24741973094991,100.68923243491136,101.02120600496292,789
101.15643441785284,101.34886266349092,100.98836169794188,101.15643441785284,575
101.13131536312827,101.13136015272742,101.07612274383726,101.13131536312827,564
101.01184133969507,101.03086631520576,100.82323321138286,101.01184133969507,289
100.55805950867426,100.84047462993739,100.50184506367074,100.55805950867426,593
100.2696738433901,100.30277215621672,100.09298502223773,100.2696738433901,622
100.64736945630297,100.84059738847517,100.6357205841711,100.64736945630297,634
100.89782805011515,101.1234963641683,100.63616037670428,100.89782805011515,730
100.40905042771588,100.66354709388564,100.37921962992243,100.40905042771588,381
100.45871658043049,100.77075074545648,100.25175554774141,100.45871658043049,930
100.83441014211638,101.25787497099057,100.51668130839705,100.83441014211638,529
99.99970750155569,100.08195958765239,99.84527456418276,99.99970750155569,680
100.27138759774566,100.30051099711103,100.18936034539146,100.27138759774566,957
99.94007571827274,100.31848243276987,99.77607589108929,99.94007571827274,745
100.22537505256932,100.23780226586318,100.00120519900699,100.22537505256932,352
99.84374547429806,99.8894419098417,99.53299509715214,99.84374547429806,662
98.9413044239658,98.9585368447857,98.67387398179757,98.9413044239658,142
98.12753320502422,98.24014942043469,97.66123598651285,98.12753320502422,581
98.15157567835492,98.34088858206047,97.80647196700403,98.15157567835492,240
98.28143692921566,98.50754225312312,98.25320367933806,98.28143692921566,610
97.82927861666346,97.83544004366306,97.49973990970955,97.82927861666346,636
98.14857484605214,98.45672532135549,98.13749003365565,98.14857484605214,997
97.31781481491767,97.42311128587666,97.24044662332037,97.31781481491767,369
97.28477491559401,97.37173385426846,97.02991747098383,97.28477491559401,460
96.67926681571278,96.84238566463202,96.62106489026328,96.67926681571278,715
96.3533487618117,96.67794375421242,96.18862013584058,96.3533487618117,394
96.37704809746991,96.6197407695005,96.23406692805999,96.37704809746991,764
95.94684141482793,96.16633840909856,95.90610568791345,95.94684141482793,574
95.75456364271302,95.98895042855766,95.63958187697189,95.75456364271302,915
96.25771004732024,96.62152025038075,95.84207872389824,96.25771004732024,982
95.96926411255868,96.3429695501733,95.86212118595877,95.96926411255868,571
96.38711016859125,96.6658736981661,96.29893396631235,96.38711016859125,916
95.82225674126244,95.85908062092807,95.79315224282037,95.82225674126244,260
96.08715883022008,96.10097586876493,96.0166087851683,96.08715883022008,894
96.80794314054903,97.37006880387264,96.72212545982684,96.80794314054903,144
95.57212089048538,95.62558429511894,95.39584859316416,95.57212089048538,898
95.17367326275014,95.26335591264596,95.12038404762642,95.17367326275014,930
95.46220932634041,95.53307120264418,95.41723016736314,95.46220932634041,979
95.36068663331892,95.54139077007962,95.34899121962529,95.36068663331892,777
95.54625957000458,95.62375783298566,95.51857599953658,95.54625957000458,306
95.24426697664667,95.3867678650651,95.06190740031454,95.24426697664667,207
95.28756187038312,95.42542768399913,95.27538819489908,95.28756187038312,603
95.20972325268707,95.49181673596962,95.16146977763397,95.20972325268707,541
95.79361428351697,96.05315995865323,95.71318137220241,95.79361428351697,164
95.92082470516758,96.21324679620666,95.88476775056952,95.92082470516758,366
96.08962603620517,96.29154322978341,96.04303503351547,96.08962603620517,498
95.88368755314394,96.18660225495566,95.87227157250476,95.88368755314394,964
95.6398844411077,95.69469220923756,95.52915514419753,95.6398844411077,796
95.42360534719789,95.47679018601238,95.36096054899657,95.42360534719789,979
95.62083141838704,95.64136113307717,95.57660577280421,95.62083141838704,323
95.41033917797691,95.68306063701685,95.37422699033742,95.41033917797691,764
95.55522660642511,95.64291207986817,95.3550659977486,95.55522660642511,388
96.59292700574782,96.71524731805776,96.45105522381934,96.59292700574782,384
97.02848935746367,97.0360020277399,96.90915028128157,97.02848935746367,285
96.86547759137974,96.89588137250628,96.85883555540266,96.86547759137974,325
97.46608455246172,97.92607837733902,97.06184583254557,97.46608455246172,299
97.26204686595095,97.55031521509402,97.21878680025824,97.26204686595095,603
96.24298459836203,96.50081096544952,96.10395168173181,96.24298459836203,110
95.73894144290333,95.87022275600133,95.73587075255213,95.73894144290333,936
94.80354548239039,94.89945048131675,94.52588458072769,94.80354548239039,597
94.62778874036974,94.95365244385806,94.52365092126591,94.62778874036974,376
94.63699792996451,95.00661995244222,94.46090370887883,94.63699792996451,102
95.47521658610215,95.57956991756197,95.3886776939805,95.47521658610215,961
95.63868027298423,95.88037671383805,95.19462901001631,95.63868027298423,889
95.5291300085798,95.61154670155409,95.5228494051949,95.5291300085798,673
95.94383279917155,96.16644561940898,95.72536553958135,95.94383279917155,104
94.8382651446676,94.92487793401587,94.81190159814825,94.8382651446676,620
94.95607242372189,94.99335970688621,94.6458430074423,94.95607242372189,669
95.34150502066538,95.4373758091966,95.1876135585048,95.34150502066538,379
94.60221189777546,94.67994134698212,94.29488073202747,94.60221189777546,522
95.17408891937893,95.22781324416654,95.06178651509003,95.17408891937893,337
95.34333712312613,95.56106409173795,95.31470385639902,95.34333712312613,416
95.13569316617573,95.69596776410272,94.92680592681417,95.13569316617573,226
95.45208409922887,95.5495175358347,95.31527541022085,95.45208409922887,403
96.58743052813107,97.03095234416146,96.40205356167382,96.58743052813107,848
96.67836365566032,96.8467833936046,96.41701906181792,96.67836365566032,830
96.80247394881049,97.05592928648504,96.52930262374421,96.80247394881049,277
96.57279349904036,96.73802262224847,96.15440144003507,96.57279349904036,929
96.14787131430796,96.21220184622628,95.87384353334706,96.14787131430796,589
96.56303922258009,96.64278178293816,96.31382743759605,96.56303922258009,536
96.13499730962566,96.20900180279311,96.03503877452987,96.13499730962566,760
96.17078042823536,96.22665047764674,95.94787897461654,96.17078042823536,137
95.9319517048528,96.00613792557434,95.61551668256416,95.9319517048528,729
96.171441617726,96.1876802545531,96.06176088147329,96.171441617726,582
96.33827267036948,96.50533935744244,96.21324857910149,96.33827267036948,414
96.85704264249843,96.92425772499949,96.8564299150103,96.85704264249843,583
96.60203444307105,96.70205700899523,96.3933345440521,96.60203444307105,196
96.46709697542437,96.5670087570742,96.23745601849308,96.46709697542437,116
95.97771511753321,96.15460360500956,95.6408384518969,95.97771511753321,936
95.75556848749515,95.8131984958032,95.71024865469224,95.75556848749515,546
95.94421873401758,96.01598834855336,95.92235135329811,95.94421873401758,378
96.32271304234025,96.56047429057888,96.02094330561435,96.32271304234025,970
95.86163038025144,95.99463956385206,95.77875303702963,95.86163038025144,551
96.29643334030428,96.46758185629457,96.19434534470408,96.29643334030428,765
96.97425226970675,97.21143658954412,96.9032809616552,96.97425226970675,705
97.1809697213186,97.21755263404266,97.07943615147666,97.1809697213186,786
98.11936762759764,98.49011407584146,98.06451892590235,98.11936762759764,913
97.73247302804586,97.8249038472578,97.64303088073694,97.73247302804586,128
97.11014567639015,97.13198429529025,97.05445273364647,97.11014567639015,645
96.22078555193801,96.44771349190222,96.13613859143439,96.22078555193801,109
96.9688077076826,97.1031911697756,96.57530029060878,96.9688077076826,887
97.29599053585963,97.33665419294313,97.28112063289805,97.29599053585963,901
97.2681982004044,97.49263886706308,97.19820309327926,97.2681982004044,200
97.40818251356431,97.68480964291994,97.2940855764361,97.40818251356431,752
96.84543798991513,96.9814684630655,96.74957138112215,96.84543798991513,186
98.06831397972354,98.10467022624097,97.97823509156045,98.06831397972354,569
98.13292457071115,98.19180836624797,98.03711457600372,98.13292457071115,400
98.1876219680136,98.26235264913784,98.18644521244353,98.1876219680136,739
98.55050527996295,98.60302041182607,98.52470472836019,98.55050527996295,305
98.79100989583131,99.04728657545604,98.37090703258455,98.79100989583131,700
98.90295190797087,99.28089260469518,98.77237583367642,98.90295190797087,181
98.50771468024821,98.59194072720842,98.44971490337882,98.50771468024821,311
98.74344885881621,98.8330350053708,98.3568562237225,98.74344885881621,218
99.68446110705372,99.7759060694436,99.44613139927398,99.68446110705372,959
100.3571711301312,100.62772293625416,100.18370822838034,100.3571711301312,235
101.15376444345091,101.39340952209116,101.11318264773426,101.15376444345091,872
100.89815660523531,100.95526493029676,100.81551151529811,100.89815660523531,887
100.40335419510602,100.66332844381213,100.01320072963172,100.40335419510602,476
100.3404607350562,100.48326908381169,100.17464072463298,100.3404607350562,527
100.36832319120055,100.55450066775892,100.25005915908578,100.36832319120055,819
100.91541895043602,101.27752344612021,100.72579416114951,100.91541895043602,413
100.06918663557862,100.31217545694962,99.79518136030337,100.06918663557862,503
100.83396179530892,100.85511587201374,100.7431850755391,100.83396179530892,342
100.75495784601942,100.82131360037384,100.57508320575104,100.75495784601942,444
100.54151731104571,100.84723557029757,100.4194684594878,100.54151731104571,711
100.03546512341562,100.09757305099846,99.71394164605073,100.03546512341562,726
99.20803678748274,99.43108023307693,99.12475753573396,99.20803678748274,941
99.6196220794637,99.77824901218648,99.36753619961904,99.6196220794637,523
99.6562810630579,99.89443022320523,99.3209539949305,99.6562810630579,115
99.01130061318737,99.1033790797187,98.82692887720185,99.01130061318737,615
98.36376122715556,98.36935511005296,98.17608296034365,98.36376122715556,365
98.1958688775105,98.25059179374365,97.8911747756498,98.1958688775105,659
99.0303796401552,99.150480967238,98.94539913379792,99.0303796401552,834
98.9005839644734,99.11444070575243,98.88632038637043,98.9005839644734,815
98.14901248791435,98.19065353951234,97.90042244730594,98.14901248791435,119
98.02614095587137,98.18368544252448,97.7916906532744,98.02614095587137,899
97.88977917099753,97.93503762444621,97.77582250089064,97.88977917099753,805
96.54133584952675,96.9340464162355,96.48165026963018,96.54133584952675,927
96.51418841626784,96.58122052957486,96.41251468092345,96.51418841626784,110
96.3987211511635,96.47129227663822,96.38636697688818,96.3987211511635,119
96.7468243335702,97.05231660479394,96.73458518534862,96.7468243335702,378
97.67130238104288,97.71518484523729,97.38278674659239,97.67130238104288,994
98.23458489581675,98.28157052083438,97.92200693188111,98.23458489581675,432
98.10014055053934,98.17765672879045,98.0718087109989,98.10014055053934,646
97.5468775961685,97.87995452381669,97.49935031556635,97.5468775961685,500
98.83355749779344,99.00367057569412,98.81722645283888,98.83355749779344,877
98.86316671480068,99.15407440697824,98.54082702641324,98.86316671480068,843
98.87013136075716,99.15693156150324,98.80284424523475,98.87013136075716,137
98.85806881720215,99.03539665104307,98.53812797699253,98.85806881720215,182
98.95711119758607,99.09166255502596,98.8071560225797,98.95711119758607,131
98.8849309916241,99.12064554857814,98.46202229916385,98.8849309916241,153
98.59809998818399,98.87896324458298,98.36367472626611,98.59809998818399,836
98.32467051756379,98.37371768714263,98.24437088745455,98.32467051756379,924
98.30829388245579,98.49822218217909,98.1961252252605,98.30829388245579,718
98.0365814968889,98.3796001663254,97.8531401576219,98.0365814968889,636
97.68015860555032,97.81568602593529,97.62711285510538,97.68015860555032,144
97.73337371939627,97.73490853213318,97.44509389733192,97.73337371939627,729
97.60588511068585,97.77627092484401,97.48297924285114,97.60588511068585,393
98.3578816049772,98.54085516459676,98.14565525358744,98.3578816049772,224
97.0323967007807,97.04555363867564,96.75698866289328,97.0323967007807,647
97.57815012674193,97.69831605456112,97.33851844424693,97.57815012674193,443
98.20119272299074,98.35713195942664,97.82091578987348,98.20119272299074,991
97.16449760678667,97.1765285066677,97.1621301775386,97.16449760678667,522
96.99315380974649,97.16771080045201,96.88545383234762,96.99315380974649,266
96.80743337674859,96.99146382304014,96.5348852113488,96.80743337674859,368
96.10367752938969,96.39911041265216,95.85451321839699,96.10367752938969,293
95.71476918559425,95.81682741750686,95.5306182725428,95.71476918559425,223
95.15948126286133,95.38001967207622,95.04550167897891,95.15948126286133,370
96.03561648457314,96.07118244451422,95.9782329693856,96.03561648457314,157
96.50345568114687,96.60940922233148,96.44112991640193,96.50345568114687,979
97.13923322864396,97.30020441627998,97.00035336021452,97.13923322864396,158
97.50006926066558,97.66656458501026,97.39837254586187,97.50006926066558,549
96.93554337505697,96.95461342992353,96.90139595293283,96.93554337505697,919
96.67328324191708,96.70920931646218,96.6198049817576,96.67328324191708,316
96.91797052253104,97.0737966476487,96.66061657125599,96.91797052253104,680
96.30690661808507,96.62235229226897,96.15601345229804,96.30690661808507,581
96.66340583317125,96.83344538233419,96.36204550420419,96.66340583317125,343
96.54324313409218,96.87089226591108,96.5005170723951,96.54324313409218,202
96.35583273031737,96.40775207467922,96.1700760563207,96.35583273031737,616
96.71131271441912,96.9535982151456,96.5976952302968,96.71131271441912,910
96.93344437016214,97.03453381209285,96.74881370006112,96.93344437016214,363
96.75296128725259,96.85509807489171,96.73265009013053,96.75296128725259,340
97.33262618893471,97.50697107377154,97.27900078280913,97.33262618893471,945
96.79209452513476,97.00580443682581,96.77826056652756,96.79209452513476,960
97.1000623286069,97.11777654206065,97.05827847391134,97.1000623286069,833
97.39661295759109,97.53355592840107,97.2685930272477,97.39661295759109,930
97.2418397379341,97.45723064610969,96.99809751778022,97.2418397379341,328
97.40490624905516,97.68050111584024,96.99487844054408,97.40490624905516,551
96.7793494608625,97.20909071964992,96.52591303451473,96.7793494608625,554
97.24136297046596,97.34560612870371,97.14208972173897,97.24136297046596,643
97.14891190224446,97.56577822651302,97.07640969997563,97.14891190224446,964
96.88755039198495,96.9991964444645,96.63451061439436,96.88755039198495,473
97.4120550049034,97.53462006923726,97.16096140296492,97.4120550049034,123
97.05988315963201,97.14417975906528,96.71275698446101,97.05988315963201,405
96.35565251145023,96.61009222230025,96.27880612814641,96.35565251145023,473
95.57733792468828,95.69496937757545,95.5186836495996,95.57733792468828,286
95.8803429003611,96.02163800051426,95.53408153842655,95.8803429003611,739
95.24012822411296,95.24658118626722,95.16822401168487,95.24012822411296,211
96.11752531510514,96.29629195923296,96.03748072462523,96.11752531510514,592
95.07656061116327,95.11307758684576,94.91514299921576,95.07656061116327,393
95.92478879530829,96.0357074433948,95.8581040536518,95.92478879530829,521
96.0302975289096,96.2652498889562,95.5419918147259,96.0302975289096,248
95.9819409729744,96.4051433843406,95.86366612829602,95.9819409729744,250
95.70948142956992,95.99571909621707,95.56862251567308,95.70948142956992,273
95.90904948674596,96.2936927439879,95.79762899735873,95.90904948674596,296
95.89023213553354,95.93926661990382,95.85858610823136,95.89023213553354,354
96.4418830765418,96.74556621630754,96.31410930180603,96.4418830765418,513
96.49899690087283,96.50823922160701,95.98908903192549,96.49899690087283,267
96.57414778160377,96.72393500436496,96.40632813708956,96.57414778160377,181
96.39234167549684,96.6911700549502,96.28114226518255,96.39234167549684,169
96.3638688636363,96.40414777537936,96.30209593752167,96.3638688636363,936
96.51776974808233,96.55640079305225,96.34867764148746,96.51776974808233,525
95.66268555175402,96.05836253506864,95.30176496987617,95.66268555175402,501
94.98859284070117,94.99382987053833,94.84237067276328,94.98859284070117,624
95.36022488771253,95.37448233982242,95.23239704415552,95.36022488771253,730
95.4456576067765,95.57344896961905,95.29841818989998,95.4456576067765,311
95.35366593860017,95.49536355890599,95.15545652921469,95.35366593860017,201
95.36288290513286,95.44989342518004,95.13050267914156,95.36288290513286,888
95.5366737578137,95.83227420887454,95.32973381859624,95.5366737578137,807
95.26679391765902,95.72505247903582,94.85906553264937,95.26679391765902,688
94.87764155495786,95.09934097311722,94.6242808332692,94.87764155495786,437
94.9755641825067,95.2896293453573,94.81647686576024,94.9755641825067,432
94.48637779369919,94.55372025278331,94.45805016807206,94.48637779369919,304
94.69050417155643,94.7941309828898,94.61846458985944,94.69050417155643,586
93.8392123694375,93.94685979545247,93.43339439744769,93.8392123694375,328
94.35379018810032,94.55067279733537,94.13281619716058,94.35379018810032,288
94.59008892930684,95.23660201580932,94.55231290196416,94.59008892930684,198
94.71810379646378,95.01976594621328,94.54252183691318,94.71810379646378,510
95.20944928843653,95.4095033929919,94.96300959517392,95.20944928843653,829
96.04218651066782,96.12467052463779,95.99213416313873,96.04218651066782,559
96.54937154317689,96.84034997623475,96.36178704465627,96.54937154317689,293
95.62893442751107,95.8233204961992,95.29121598738558,95.62893442751107,654
94.98914594414322,95.01783173155069,94.83223869663725,94.98914594414322,989
94.67673665529537,94.84200971234854,94.49501843625787,94.67673665529537,735
94.68978218040078,94.76822810266958,94.59833965315839,94.68978218040078,119
94.94861169063535,95.28424767506031,94.91201828252204,94.94861169063535,410
94.58573978405862,94.60033367043488,94.33246805308933,94.58573978405862,941
94.67912316629716,94.71546987382034,94.4468537921537,94.67912316629716,939
94.3014317001205,94.48970799734836,94.10757570417275,94.3014317001205,779
93.99567279862453,94.37458902871899,93.94893814027954,93.99567279862453,657
93.29234225020042,93.3243499849163,93.07710650347944,93.29234225020042,834
92.83072562714497,92.8958226496099,92.61864478492924,92.83072562714497,178
92.15488332433681,92.37480021720233,91.82516980441423,92.15488332433681,269
91.66694669784815,92.11664600474808,91.52830003050475,91.66694669784815,345
92.19376759615207,92.41878686155668,92.04973539223771,92.19376759615207,882
91.7190681517361,91.83521636984739,91.21275152603585,91.7190681517361,571
93.0352591841548,93.03595535386944,92.92203499476481,93.0352591841548,198
93.28191813459524,93.31092487290093,93.23268616973154,93.28191813459524,421
93.37433619644268,93.39867393358014,93.3517076891165,93.37433619644268,240
92.94515730635207,93.02677651806606,92.67598309467695,92.94515730635207,208
93.29531224605657,93.47597086821239,93.2776504433997,93.29531224605657,412
93.00749333293768,93.19432162138442,92.92134723994448,93.00749333293768,748
93.06849824026037,93.15518872860027,92.95408271605938,93.06849824026037,220
94.34854050939477,94.41250696222038,94.13676614007966,94.34854050939477,198
94.30051055953244,94.62069215791023,94.24121704632259,94.30051055953244,677
94.87514722267528,95.18643042978964,94.73730930293566,94.87514722267528,593
94.52355901011234,94.7101380811511,94.49444548016376,94.52355901011234,243
94.50606476486385,95.10977611897741,94.48969321559191,94.50606476486385,209
95.3914650826816,95.7072541012252,95.36886094062184,95.3914650826816,583
95.07798155378772,95.23693325828211,94.92735736370119,95.07798155378772,229
95.98420583278619,96.38548756032877,95.87059350991227,95.98420583278619,499
96.33808180051392,96.58557471886063,96.06250587215023,96.33808180051392,939
96.05684841256678,96.37251694806623,95.65525719339432,96.05684841256678,605
96.37305228209453,96.5487832521306,96.05461269928689,96.37305228209453,868
96.8593295069079,97.129068146637,96.59467803555418,96.8593295069079,309
97.17023448801649,97.56905923616338,96.88626298109949,97.17023448801649,857
96.38512212807126,96.4284330757469,96.14698024168223,96.38512212807126,460
96.02155354015882,96.33599964897445,95.99467605178292,96.02155354015882,253
95.89779422238307,95.9592864023861,95.33604930391154,95.89779422238307,744
95.86057750783304,95.93856662770973,95.74281719450914,95.86057750783304,632
96.17091355660838,96.1858910734827,95.88949369877616,96.17091355660838,646
96.259764057075,96.50907645030689,96.06327629092922,96.259764057075,459
95.59209187771995,95.91830540275895,95.49027294760525,95.59209187771995,409
95.78219080322293,95.9304233369499,95.6955197149888,95.78219080322293,573
96.08748367586485,96.24903158706168,95.97403533450347,96.08748367586485,835
96.36737889983037,96.68344685399497,96.18032514878153,96.36737889983037,735
96.90776926260769,97.09108278536323,96.80114180905973,96.90776926260769,851
97.32473033988214,97.53621579730496,97.27785713553826,97.32473033988214,975
97.55432037949636,97.57048349412908,97.44111843379235,97.55432037949636,399
97.51923752376703,97.86765401530822,97.25296763549198,97.51923752376703,440
96.68875705700904,96.77980117318559,96.64480830740467,96.68875705700904,103
96.90356616657533,96.9553190489498,96.84438065853358,96.90356616657533,734
97.00741001015689,97.10682050752402,96.75528118695915,97.00741001015689,653
97.14319942875457,97.1541384018295,97.01398324122702,97.14319942875457,268
96.50482514084442,96.59310909282301,96.40816100511924,96.50482514084442,519
95.96429687064028,96.13489990828899,95.82515293047126,95.96429687064028,379
96.49087329730673,96.54649727018,96.33725922621386,96.49087329730673,836
96.4710957203784,96.85184760150732,96.07438058475547,96.4710957203784,488
96.81184606906471,96.90842161292294,96.71837984313558,96.81184606906471,284
96.82600525712995,96.83474733652835,96.69318271420401,96.82600525712995,422
96.84088332687782,97.08544491130449,96.66274970022867,96.84088332687782,110
97.31002522986581,97.42358679830264,97.05861461493713,97.31002522986581,784
97.05200286575713,97.15451159143701,96.9969383601397,97.05200286575713,707
97.10006325422762,97.1580808341547,96.78459779481753,97.10006325422762,377
96.8689256098751,96.87770571649979,96.767835705604,96.8689256098751,238
96.65167749615895,96.83778416002387,96.43371688732557,96.65167749615895,777
96.49709143442463,96.62925967377515,96.36670475421863,96.49709143442463,798
96.60815832024149,96.7231956101702,96.57359586428723,96.60815832024149,185
96.36878400940975,96.37116417402859,95.94492373587211,96.36878400940975,999
96.99666207219651,97.12469137321526,96.86419280824586,96.99666207219651,330
96.54935842108677,96.65096087929768,96.12366486738645,96.54935842108677,550
96.45592259900609,96.59856105987932,95.93581541352029,96.45592259900609,237
96.236057069869,96.28131791141803,95.98891586506458,96.236057069869,630
96.95954601204588,96.97958056580323,96.38984059431556,96.95954601204588,437
97.05782340030166,97.100808593257,97.04276251615349,97.05782340030166,255
97.57374567003598,97.66569394904859,97.3756684227137,97.57374567003598,706
96.83096548351749,96.89878314242286,96.80986533355824,96.83096548351749,116
96.96449061645212,96.98369247005154,96.68609147682959,96.96449061645212,891
97.40930601426385,97.44972091549612,97.24319595619782,97.40930601426385,996
97.45044800890156,97.45128839197979,97.11001854420113,97.45044800890156,360
97.98318819643424,98.32426066773685,97.75114604281282,97.98318819643424,259
97.72454397138405,97.92269135513232,97.64395535766215,97.72454397138405,408
98.42921769147684,98.44205845046739,98.41587240022987,98.42921769147684,180
99.57866675328646,99.89339255770986,99.40493137019025,99.57866675328646,796
99.39724747306663,99.4716637688001,99.35111623929302,99.39724747306663,312
99.17449621236624,99.3975455196416,99.16212987796261,99.17449621236624,526
99.90118845092509,99.95685050210041,99.88420698621802,99.90118845092509,441
100.69097452379044,100.76538738885671,100.42252381852973,100.69097452379044,458
100.42954451021382,100.48572273553405,100.36351089771244,100.42954451021382,778
100.21945110166588,100.33000928517492,100.03303381895441,100.21945110166588,305
100.07855879723563,100.19761993677443,99.904636590255,100.07855879723563,435
99.4063335417185,99.69350483453567,99.27531348739399,99.4063335417185,360
98.9470075684764,99.0039209265713,98.66637988685859,98.9470075684764,885
98.44493718510036,98.55714735550481,98.40469995107017,98.44493718510036,999
98.06103840254829,98.11120513691054,97.7955383534572,98.06103840254829,847
98.0436959588549,98.37276694930905,97.98517626970673,98.0436959588549,342
98.16080332512315,98.20783630077338,98.1458822472994,98.16080332512315,831
98.9360535715302,99.07390889616067,98.9288714908025,98.9360535715302,976
98.4368765511608,98.57387578118608,98.23096363271536,98.4368765511608,958
98.92903775039909,99.038863046597,98.75761080831218,98.92903775039909,681
98.82204332828634,98.94094287277169,98.78300699370342,98.82204332828634,494
98.79731147346013,99.05324104312997,98.74305686743827,98.79731147346013,824
99.13472121954342,99.35956123893281,98.945091217183,99.13472121954342,436
98.57336020876227,98.73922428363454,98.55484808532798,98.57336020876227,898
98.76456508185429,98.8828792855449,98.49401024670344,98.76456508185429,837
98.84779118596082,98.92403864341539,98.5267515829189,98.84779118596082,880
99.09401681796489,99.13544915578369,98.93496337546844,99.09401681796489,378
99.2386011399188,99.49261874496977,98.99360485830762,99.2386011399188,348
100.46625120987424,100.72525263986192,100.26810850559663,100.46625120987424,932
100.14738121774859,100.20380620637613,99.91754143081097,100.14738121774859,807
99.88188274024768,100.00805544238436,99.77828806498964,99.88188274024768,129
99.57031247703529,99.74319853976999,99.30207051466188,99.57031247703529,914
99.29257391745516,99.43112907139681,99.23449954865197,99.29257391745516,230
98.9738803538019,99.01482180050635,98.81964197273595,98.9738803538019,623
99.56838861935567,99.64568759742023,99.28571403441863,99.56838861935567,559
100.2786407433506,100.44137365837811,100.22779761329299,100.2786407433506,494
99.99326759647587,100.14720087827816,99.86327873741433,99.99326759647587,627
99.57708980992376,99.64110144822241,99.51299748562144,99.57708980992376,512
99.81279758811696,100.07588524129442,99.59808889941219,99.81279758811696,216
99.53668606597648,99.73565980473407,99.5020303363178,99.53668606597648,248
99.85315197485424,99.95992090361723,99.85155196519898,99.85315197485424,208
99.95461348527989,99.98454067413026,99.94901668674574,99.95461348527989,335
99.19674142778128,99.46413701940939,99.1790407330177,99.19674142778128,925
99.97049402844631,99.97296721609479,99.80359105733189,99.97049402844631,526
100.86843286499408,100.93409705353218,100.72303426647039,100.86843286499408,616
100.56203851975188,100.57205463952317,100.41261526754536,100.56203851975188,279
100.36818773978389,100.66252951945627,100.04416887194488,100.36818773978389,948
100.51112043514634,100.54666004430439,100.44275437077712,100.51112043514634,495
100.67834883013985,100.83728066696901,100.49941733980145,100.67834883013985,100
101.00762096647627,101.14988494858558,100.84835894990556,101.00762096647627,107
102.01272323585944,102.13174947304219,101.96022386376728,102.01272323585944,243
101.92424962211241,102.1839882803111,101.76204857421963,101.92424962211241,754
101.52510099984319,101.5814846039934,101.37623807137065,101.52510099984319,374
100.83544138583592,100.97318393474687,100.70765678136101,100.83544138583592,764
100.46997636586497,100.5919239105323,100.4264922373777,100.46997636586497,386
100.45341287942807,100.73722576209957,100.10455062894341,100.45341287942807,589
101.35069181118696,101.74060984573217,101.34540670691355,101.35069181118696,741
101.09188616166888,101.2253299495298,101.0405081648839,101.09188616166888,732
101.20378013748834,101.40052734626904,101.12381667127342,101.20378013748834,670
101.19556868945196,101.46331343067908,100.8833931481558,101.19556868945196,828
101.789765326176,101.96689896297728,101.65749733334754,101.789765326176,130
103.0532315391128,103.22338808883843,103.03213446568124,103.0532315391128,551
102.78779715265264,102.93355519192812,102.68581090438128,102.78779715265264,343
102.54307743139353,102.63942084158063,102.17470183097528,102.54307743139353,239
103.06515786992806,103.11367843253905,102.98700751594714,103.06515786992806,500
103.40610361474121,103.57923854497469,102.9385018713829,103.40610361474121,824
104.32945727760922,104.54572066916293,104.23324320370706,104.32945727760922,640
104.6214213702722,104.78898598250576,104.58804949229366,104.6214213702722,263
104.44177532487868,104.61071592461927,104.29528454968441,104.44177532487868,203
104.73710274022483,105.00026710822807,104.65764947310053,104.73710274022483,162
105.29145453051628,105.4208033176,105.1342352664954,105.29145453051628,114
105.70169562111496,105.71826858948876,105.51237363907265,105.70169562111496,897
105.95533263666862,106.04999997177961,105.89506626438794,105.95533263666862,593
106.48866998146319,106.49463073783348,106.1933192354934,106.48866998146319,278
107.07331777668603,107.17823471329555,106.92899333844015,107.07331777668603,622
107.76439727220479,107.83161061150594,107.75106332112203,107.76439727220479,540
108.0887522159996,108.14251320288746,107.56386998279083,108.0887522159996,624
108.00519317584117,108.30730238591507,107.70882407562492,108.00519317584117,826
108.07855001905783,108.21610687802291,108.04704651959126,108.07855001905783,587
108.681804502312,108.81720673767008,108.43620694039488,108.681804502312,410
108.27333666681838,108.34821467345976,108.00093073041818,108.27333666681838,837
108.45767332125483,108.64297597221078,108.44276050884272,108.45767332125483,674
108.26100391509115,108.36771264025577,108.1858603332804,108.26100391509115,866
108.27537632655856,108.57825913903818,108.08475871556006,108.27537632655856,229
108.91460225786221,109.0243423531412,108.67104159679769,108.91460225786221,565
109.01015179187216,109.02665449565444,108.92413626219866,109.01015179187216,601
109.03337006595024,109.37441158750543,108.90263192855099,109.03337006595024,362
108.35344199546027,108.5204079775696,108.30883439049498,108.35344199546027,270
108.72656877847388,108.79388906398631,108.71278256801219,108.72656877847388,505
109.04931086904442,109.15791525832158,108.9989550542159,109.04931086904442,801
110.13093823069715,110.27032652272477,110.03537586144327,110.13093823069715,895
109.97704911322066,109.99196764862228,109.96831856636007,109.97704911322066,124
110.08662427705262,110.15534378408826,110.06006301663729,110.08662427705262,548
110.211316118908,110.49858661031584,110.14003281210346,110.211316118908,259
111.00004275878973,111.11006845503331,110.98452308084066,111.00004275878973,316
110.95239499259625,111.11245364891774,110.90798628296704,110.95239499259625,787
111.09190575548142,111.09549134913138,110.8940773394653,111.09190575548142,947
111.39585401033969,111.402938038478,111.32595976275621,111.39585401033969,832
111.48915857191787,111.59457179556583,111.27812138299163,111.48915857191787,589
111.2659417646426,111.47067371386875,111.25797268008645,111.2659417646426,379
111.36298676109176,111.42012407071022,111.24452032012096,111.36298676109176,180
111.89980263602165,112.22486869783668,111.74564600642539,111.89980263602165,224
111.38654498631611,111.65887999240884,111.25199959076477,111.38654498631611,269
111.45302982338954,111.79149242721051,111.26848011067666,111.45302982338954,681
111.10296941591996,111.15491365013527,111.10250794684026,111.10296941591996,689
111.70049273038238,111.7075670138001,111.5727894145327,111.70049273038238,189
110.93889927799049,111.15624144026744,110.90383761395768,110.93889927799049,479
110.65943835435469,110.81369223769019,110.51379484939358,110.65943835435469,959
110.84804429188695,110.94862622189456,110.629563586278,110.84804429188695,210
111.63080630650413,111.83994530067972,111.45995279418845,111.63080630650413,263
111.59793117596763,111.6397147674418,111.41738854631063,111.59793117596763,514
111.32033141262103,111.40173459098239,111.27874189284623,111.32033141262103,739
112.26090994734133,112.63106617582848,112.107682430436,112.26090994734133,254
111.53690299713321,111.77009783426931,110.94386089115615,111.53690299713321,293
110.43750001882317,110.4580381221729,110.17198908868133,110.43750001882317,575
110.65750724384984,110.7070765002302,110.6261182827944,110.65750724384984,784
110.40648013167353,110.6205442414039,110.37812481951363,110.40648013167353,911
109.89586372310818,110.03322922219874,109.83176017837498,109.89586372310818,924
110.25004194675786,110.32970734933419,109.97090045038436,110.25004194675786,120
110.37194230364346,110.87042023396008,110.15979597885236,110.37194230364346,922
110.0899029882751,110.221872910696,109.79501092295374,110.0899029882751,208
109.44975078893965,109.67313896576013,109.37049660475063,109.44975078893965,498
109.88597945307973,110.09553444230755,109.7614466098961,109.88597945307973,971
110.21108004205905,110.34866045863753,110.14523912939327,110.21108004205905,998
110.16149211016936,110.23092440665305,109.89984827059008,110.16149211016936,228
111.0848106081932,111.2683650383035,110.89870845508598,111.0848106081932,608
110.54976822503012,110.79180144410319,110.48748655479226,110.54976822503012,379
109.78700563956775,109.91599133163221,109.51468094790599,109.78700563956775,526
109.44105160462713,109.59970410381814,109.40229634058399,109.44105160462713,126
109.41825859644939,109.56935075672797,109.33441232066961,109.41825859644939,443
109.53992832111074,109.98655150453718,109.26231067378268,109.53992832111074,500
109.41931029218257,109.55790169308881,109.03693145928308,109.41931029218257,703
109.59533799043972,109.80055547863172,109.59346855516657,109.59533799043972,394
108.9695682783445,109.13832628352081,108.81901677897308,108.9695682783445,666
109.69145058038113,109.75466814480292,109.52934442782322,109.69145058038113,295
109.65037499118485,109.78448362346819,109.59957087795071,109.65037499118485,992
110.20902290697892,110.2393024053672,110.08917034189875,110.20902290697892,832
110.38038558016777,110.81110320275668,110.32853038529201,110.38038558016777,912
110.60876218974467,110.65364619742111,110.29595938610231,110.60876218974467,255
110.89364582986077,110.96356889606645,110.75374792885063,110.89364582986077,539
111.11750010986943,111.1441999936817,111.02139417736504,111.11750010986943,200
111.4388614898032,112.03352272406171,111.34112109575678,111.4388614898032,847
112.10343775486942,112.35656504388739,112.04713644258527,112.10343775486942,599
112.20169833972015,112.35131653628989,112.11928720876804,112.20169833972015,384
112.5562002185144,112.61453200515221,112.40847860529573,112.5562002185144,168
112.5113323713708,112.56920015249939,112.32765974838402,112.5113323713708,878
113.23139097909554,113.26543573748977,113.11984321330907,113.23139097909554,485
112.8931948280659,113.02024393538669,112.87159813471685,112.8931948280659,551
113.7936650445213,113.99891351958189,113.76562903832098,113.7936650445213,237
113.77358606919913,113.89563307033792,113.59404175550723,113.77358606919913,347
113.0581985181401,113.15314693910808,112.87233620069858,113.0581985181401,202
113.12225072559549,113.19776167216307,112.58419559932479,113.12225072559549,719
112.78172489685805,112.81813298307519,112.72728046250351,112.78172489685805,811
113.20204667135242,113.56819543631867,113.15719491306453,113.20204667135242,609
112.87573468170122,112.97437381939919,112.74188416887598,112.87573468170122,474
112.65264296509383,112.84631013774454,112.63928880155169,112.65264296509383,826
111.70787259962107,111.75753369476827,111.5640359234312,111.70787259962107,254
111.48171943999652,111.63221611541137,111.26598728579042,111.48171943999652,186
110.26977977668204,110.38740149646691,110.21776887358989,110.26977977668204,979
109.47782836493919,109.69568281432541,109.29778723424909,109.47782836493919,581
109.85803569301133,109.93444243415453,109.5631591191477,109.85803569301133,308
110.25093577233675,110.71943143986981,109.74820707869496,110.25093577233675,277
110.46366455322922,110.5235989486968,110.22548736665591,110.46366455322922,685
109.98017648166461,110.06138231254715,109.97990582117149,109.98017648166461,357
109.95632080359363,110.06375676650197,109.79063918214587,109.95632080359363,372
109.95451953404834,110.14336250209871,109.9195025039936,109.95451953404834,962
109.37533718945207,109.41436959888043,109.3585767175298,109.37533718945207,947
110.12703634033565,110.4600867871246,110.03890382897325,110.12703634033565,123
110.56571748562348,110.60145886253618,110.26558531573147,110.56571748562348,924
110.45523539870865,110.58019896331943,110.36001570482009,110.45523539870865,682
110.46867831820592,110.62966683293338,110.3561363506914,110.46867831820592,694
110.57286972217969,110.59233891595824,110.31438388965967,110.57286972217969,499
109.55200228796754,109.7077571495631,109.46928214510248,109.55200228796754,452
109.42841359670724,109.54734819413967,109.35307022713337,109.42841359670724,903
109.08742147270834,109.17193515651259,108.94916897450658,109.08742147270834,400
108.58661146776089,108.84910920582816,108.43596497242797,108.58661146776089,109
108.44606132131791,108.49434314459192,108.35790298211553,108.44606132131791,930
109.34490458474268,109.40995491991355,109.05279325762596,109.34490458474268,142
109.66532601537618,109.90117864709202,109.43294429145057,109.66532601537618,150
109.37973652048478,109.53796452135596,109.33804507707431,109.37973652048478,818
109.66602791116286,109.72298702249235,109.21869888051872,109.66602791116286,206
110.36570562945586,110.60134156692271,109.86347911991786,110.36570562945586,870
110.82802247091225,110.91459255141623,110.8240361585808,110.82802247091225,805
110.85783765587233,111.07998829035526,110.79532424426806,110.85783765587233,334
110.53436926701954,110.68540626178033,110.42989728184872,110.53436926701954,589
110.88348092382634,111.1003764287978,110.80820751638652,110.88348092382634,774
111.08022361653721,111.12260152277686,111.00290709870302,111.08022361653721,574
111.52782022655107,111.62114402018621,111.33769465192577,111.52782022655107,680
111.84540612739205,111.99278639783842,111.66019369452225,111.84540612739205,946
112.37018248505171,112.38136177837443,112.30768350942346,112.37018248505171,391
112.10256487927143,112.1182830384652,111.69645573462658,112.10256487927143,916
112.76126191208859,112.80259743779641,112.71634378543858,112.76126191208859,580
112.86006171443479,112.8859212058419,112.82555683976945,112.86006171443479,868
113.89769215074743,113.92441769669279,113.70936859763069,113.89769215074743,559
113.55309824170264,113.70843705229707,113.45191138053849,113.55309824170264,524
114.42108014328527,114.60940394599557,114.21487649987678,114.42108014328527,428
114.52003553501659,114.53533914746534,114.34511800585463,114.52003553501659,284
114.19432653320936,114.22921532006642,114.14256636048758,114.19432653320936,866
113.9523836161822,114.10186946683204,113.8801331595095,113.9523836161822,605
113.79220996208504,114.05859258416325,113.45787807475531,113.79220996208504,727
114.004292935286,114.26588577379587,113.79011647685171,114.004292935286,577
114.26571067930375,114.3766384209301,114.1088781308651,114.26571067930375,113
113.97886067733447,114.30364424584846,113.46965966441017,113.97886067733447,989
113.96668338120398,114.1193118413459,113.90732887978713,113.96668338120398,826
115.0378185605099,115.22231479455652,114.87810493516022,115.0378185605099,192
115.90159014556026,115.92646537002045,115.68374524718561,115.90159014556026,845
116.11975198039728,116.43937415954764,116.11799407597273,116.11975198039728,279
116.13875371948139,116.18209764790596,116.08601390630677,116.13875371948139,665
116.19876938284051,116.48213408843034,116.17791211839408,116.19876938284051,404
116.50552836920572,116.57856216941538,116.39658911178178,116.50552836920572,574
115.99413208660651,116.04311154694906,115.73602988708092,115.99413208660651,641
115.86544381789484,115.98610318765047,115.8358500417683,115.86544381789484,998
115.03115178095605,115.14586354833153,114.8553484037231,115.03115178095605,623
115.2307633422587,115.56429639549687,115.04727091153995,115.2307633422587,210
115.55436131211007,115.75247467759863,115.30152379291174,115.55436131211007,514
115.31276808096038,115.48839242168147,115.05586920545335,115.31276808096038,520
116.0997614626054,116.2967506876288,115.90154957776089,116.0997614626054,510
115.48687863110423,115.50964358556573,115.20892357204008,115.48687863110423,983
114.75469119099932,114.84128577660805,114.72304191651101,114.75469119099932,723
114.86691710027931,114.899701912998,114.76769430432263,114.86691710027931,780
115.39046625158538,115.53899808473986,115.37366189939875,115.39046625158538,715
116.23243009731432,116.33364795555269,116.21554274004322,116.23243009731432,622
116.00298796587985,116.22959643535535,115.87244070876716,116.00298796587985,958
116.5423283825955,116.58726436292147,116.43160371977037,116.5423283825955,428
116.52307414784515,116.73807839074733,116.44979957839186,116.52307414784515,371
116.43676049787474,116.43761308540351,116.20275976058677,116.43676049787474,113
116.87859046661808,117.05047331756997,116.7429978086982,116.87859046661808,274
117.20475190582479,117.49583217337003,117.19429247831059,117.20475190582479,257
116.41655582733267,116.53415953114006,116.35488013348595,116.41655582733267,721
117.15482600219562,117.1921406528067,116.93275517000728,117.15482600219562,763
117.84487167926935,118.27911025148184,117.61279708373586,117.84487167926935,333
117.53209032851458,117.82095901091057,117.1449075183701,117.53209032851458,240
117.72999209523329,118.06447300039575,117.60454060266098,117.72999209523329,580
117.97700718837466,118.05443685158684,117.8549015095328,117.97700718837466,218
118.1073440712866,118.10745606975455,118.07481717730657,118.1073440712866,481
117.8321914943639,117.99748211653565,117.27715380214228,117.8321914943639,620
117.49637981039487,117.64537556389188,117.13788964576715,117.49637981039487,788
117.48360277489915,117.65152444930729,117.34678597914393,117.48360277489915,509
118.06996728452884,118.20518142758756,117.91643325366788,118.06996728452884,148
118.34176736182606,118.45615307106574,118.33609406094014,118.34176736182606,909
118.15646019578301,118.31952502914481,117.92662352230228,118.15646019578301,469
118.54230955110718,118.77854978573696,118.17706545541495,118.54230955110718,432
117.11803824079215,117.24256102078401,116.93650669914385,117.11803824079215,248
117.6924210909782,118.05022356907848,117.58780429163927,117.6924210909782,256
116.82256420158915,117.02398776627162,116.67665198595962,116.82256420158915,703
116.64134373088758,116.89554975077381,116.62526785084574,116.64134373088758,251
116.0815087835745,116.14692346974726,115.80744548354664,116.0815087835745,560
115.43416804571406,115.4937579186767,115.07629315589503,115.43416804571406,475
116.01458143940332,116.1052258198599,115.93478221055885,116.01458143940332,781
115.78073083874737,116.07562724022303,115.70507904228378,115.78073083874737,695
115.95398277961273,116.03570492912552,115.93760169709192,115.95398277961273,970
115.93052249017313,116.07003087866815,115.73420063728432,115.93052249017313,938
116.1690429037847,116.49280741818198,115.68453178886551,116.1690429037847,524
116.20745384931483,116.43047910184752,115.93490193685558,116.20745384931483,147
115.56595773722054,115.58060162728303,115.52813456727834,115.56595773722054,434
116.06409114694411,116.19515665158427,115.7477159282443,116.06409114694411,828
115.81721285536345,115.8562063965616,115.57479151281989,115.81721285536345,688
115.03892190603358,115.14950670928083,115.02254963781722,115.03892190603358,654
114.82486432555062,115.0364936118095,114.75967160448502,114.82486432555062,875
115.57524422086777,115.81065054715839,115.27281899239244,115.57524422086777,568
116.00035509192452,116.31282599379917,115.81112437569858,116.00035509192452,674
115.82602902472058,116.00382657455731,115.49129088525632,115.82602902472058,344
115.65140017256137,115.99750376292695,115.60637766042434,115.65140017256137,731
115.49058264695267,115.5985728271037,115.18564729838316,115.49058264695267,930
116.52895663873309,116.61495492045606,116.52791131924053,116.52895663873309,361
116.71992436484886,116.98459254934686,116.65240312035426,116.71992436484886,941
116.9349451884444,116.94155878871676,116.9280835171299,116.9349451884444,349
117.45008691546032,117.49425526951839,117.34371819089807,117.45008691546032,596
117.56948149497357,117.57804637078868,117.51547051534472,117.56948149497357,151
117.43996042206322,118.02934126592002,117.1641381414295,117.43996042206322,588
117.34178549752073,117.6627324999797,116.87895270098623,117.34178549752073,888
117.3059848678137,117.40418565700526,117.05819167885274,117.3059848678137,241
117.28737374955878,117.35333836173248,117.14227940768716,117.28737374955878,471
117.65118852137728,117.66354373383139,117.43551956289008,117.65118852137728,350
117.67716146428093,117.70984702835815,117.37516554219783,117.67716146428093,413
118.04348150288872,118.16293729005797,117.79194610731808,118.04348150288872,324
118.00312321283444,118.12643908329589,117.88471685095551,118.00312321283444,764
118.04244080799248,118.3038604768723,117.91487999449697,118.04244080799248,155
117.04334046572643,117.08055415222054,116.7763300923676,117.04334046572643,438
117.50150430307767,117.61381899719188,117.18387831787855,117.50150430307767,620
117.67474854102666,117.71448236779123,117.24635201299708,117.67474854102666,852
118.17375359595648,118.2479271544507,118.03682763652097,118.17375359595648,599
116.72562590685963,116.92389278530648,116.67321886249134,116.72562590685963,583
117.76981325925,117.96297861342919,117.68394448915106,117.76981325925,263
117.70001844517242,117.7473618693777,117.48539696235268,117.70001844517242,540
118.25410985354118,118.38981978446539,117.8690872287538,118.25410985354118,232
117.73415688997842,118.10913002107877,117.57637796382153,117.73415688997842,180
118.0405438425097,118.14494796953186,117.79744973409375,118.0405438425097,449
117.51383606092288,117.62247636099815,117.26910220651072,117.51383606092288,746
117.20195158057498,117.24051279803646,117.16576401517419,117.20195158057498,233
118.15896725750838,118.42687084222139,118.0547615196421,118.15896725750838,151
118.06362605712671,118.23394950516405,118.00947475241674,118.06362605712671,593
118.17234249371657,118.36556755882263,117.94026780350298,118.17234249371657,301
118.60737635906095,118.613949033857,118.39227635483482,118.60737635906095,809
118.85521730304725,118.93177298338917,118.83090728649023,118.85521730304725,717
118.93042675561904,118.95372442614524,118.73943394849044,118.93042675561904,922
119.11290725685215,119.21074962178501,118.74185714894162,119.11290725685215,855
120.31461504947129,120.40271394870395,120.19328174677331,120.31461504947129,607
120.28580565095449,120.30081105103385,119.79571450412818,120.28580565095449,844
120.38635517431197,120.60494699649131,120.18330431964272,120.38635517431197,113
120.91168237231578,121.10577489969711,120.8775929622332,120.91168237231578,484
121.46444533879477,121.54711974462086,121.24234588297647,121.46444533879477,836
122.05796049157496,122.06888284815697,121.8040300383547,122.05796049157496,822
122.37732560258955,122.50878982161346,122.28133424877255,122.37732560258955,300
121.80582314622431,121.86867663058455,121.63379139037204,121.80582314622431,264
122.62253891237486,122.83469892673605,122.42560357340996,122.62253891237486,660
122.04936621586552,122.22927849121318,121.78426170199471,122.04936621586552,232
122.20068394848504,122.40433472876857,122.16887669553869,122.20068394848504,681
121.82354602347536,122.0407386576237,121.65519920967654,121.82354602347536,983
121.79147685017887,121.93172675905969,121.70291866259329,121.79147685017887,218
121.95585805533061,122.151085793344,121.82975835248126,121.95585805533061,750
122.11653666305574,122.43179846240999,121.92108289073114,122.11653666305574,854
122.32749704017338,122.40644851799499,122.30708940000969,122.32749704017338,792
123.13435267470271,123.2068612929213,123.01938737781033,123.13435267470271,585
123.3611198254597,123.59364943719693,123.263068336574,123.3611198254597,282
123.23904150781438,123.27510924594715,123.23739503490047,123.23904150781438,557
123.72108509195856,123.98972697007534,123.70967432459348,123.72108509195856,434
124.31582033642087,124.5076913285505,124.29951017740291,124.31582033642087,661
123.70201642885237,123.93841553323193,123.44257412101912,123.70201642885237,792
124.00071646377731,124.10830525704394,123.96868948438073,124.00071646377731,736
124.35130283493275,124.38788314841754,124.23457771784182,124.35130283493275,330
124.20252108325276,124.43560938849697,123.93305243942088,124.20252108325276,410
124.89037448990857,125.18450688803902,124.81623337648546,124.89037448990857,959
124.8153466963923,125.08040297078279,124.69300068910859,124.8153466963923,102
124.87813492312807,125.14735560790056,124.8325841388763,124.87813492312807,987
124.79159901098613,125.028631617274,124.62207144797225,124.79159901098613,784
124.79938853477687,124.97904904471467,124.60934079054782,124.79938853477687,180
124.25125099132927,124.39000431282862,124.23282673491468,124.25125099132927,374
123.53122555003212,123.5997157258675,123.16914097368604,123.53122555003212,487
124.3284780816446,124.58395230835472,124.02197146352275,124.3284780816446,926
123.90499740748544,124.08717881449219,123.63318410810768,123.90499740748544,444
123.40930123275729,123.42409818906454,123.30633730027782,123.40930123275729,318
122.33260617595543,122.41447021887276,122.06493019520265,122.33260617595543,751
122.01312530211068,122.25787427144193,121.96622071689448,122.01312530211068,162
121.35158040540693,121.84708162913275,121.11210086814687,121.35158040540693,539
122.17258798547512,122.38029615688227,122.02997333901781,122.17258798547512,126
122.67749653014644,122.90005616926902,122.5393900377162,122.67749653014644,807
122.33342135755758,122.41398804325254,122.20678408968453,122.33342135755758,480
123.45963926022974,123.49350503165275,123.35465395607366,123.45963926022974,763
123.95052200372554,124.08163287538324,123.86344020960192,123.95052200372554,863
123.78810631197123,124.14924008759449,123.74670151983403,123.78810631197123,347
122.53840345453445,122.80340438552358,122.15980923915008,122.53840345453445,253
123.68387474082982,123.87834174159306,123.6475899686062,123.68387474082982,309
122.98908850744803,123.3776026217355,122.6323056678114,122.98908850744803,121
122.16638913396959,122.63831198578961,121.98719514052225,122.16638913396959,681
122.67767434997441,123.1314726723063,122.56097563128046,122.67767434997441,118
123.89755055314404,123.9352412724299,123.66082702050477,123.89755055314404,608
124.5896869623993,124.84378461151566,124.46725457712023,124.5896869623993,712
124.87164152242548,125.06428682920426,124.63100205079701,124.87164152242548,773
125.16901869325812,125.19061543046065,124.9329551254226,125.16901869325812,750
125.59572647264828,125.6183226972696,125.34612435486954,125.59572647264828,987
125.97519076754166,126.15408253616269,125.87523242144226,125.97519076754166,699
126.11578647952635,126.18266142890101,125.8290364726835,126.11578647952635,528
126.16788703150229,126.40505001370528,126.06595440996027,126.16788703150229,136
126.13659046755252,126.20153885456892,126.04090853088377,126.13659046755252,506
125.75960817311919,125.89183875885146,125.66527965739216,125.75960817311919,523
125.6192706346858,125.72132107916681,125.57524866992708,125.6192706346858,782
124.77279222758811,124.82519554245981,124.52552859164683,124.77279222758811,871
124.72362241419074,124.91030700508591,124.65798062050499,124.72362241419074,437
124.22932686061529,124.30167025817875,123.97967190940935,124.22932686061529,370
123.6775322020074,123.71326615705121,123.5863238671502,123.6775322020074,866
123.76747927758414,124.44259509761966,123.52562336980634,123.76747927758414,751
124.46348042075644,124.553410459525,124.39853175668622,124.46348042075644,679
124.9226387237576,125.07541930547274,124.89882630810898,124.9226387237576,679
124.13738842194601,124.21546731536944,124.02658531529667,124.13738842194601,780
123.64257435366085,123.73581983200427,123.40485451755396,123.64257435366085,716
124.11295994765496,124.32125053800992,123.7804774280905,124.11295994765496,561
123.6217162508858,123.82238942943162,123.36907842628219,123.6217162508858,414
123.50939967588728,123.6190923305954,123.22088135159821,123.50939967588728,157
123.78442572539956,123.94950864496417,123.71268447724633,123.78442572539956,475
123.30025349796774,123.64549629035932,123.20021967849297,123.30025349796774,798
123.35294125104072,123.38503125969385,123.32167221634089,123.35294125104072,555
122.68592850358162,122.74195070513163,122.67821385518637,122.68592850358162,506
122.38524468160601,122.44135902292572,122.09904072558096,122.38524468160601,484
122.54513564867727,122.66834115742087,122.31195830078359,122.54513564867727,155
121.74863878191144,121.81785963626744,121.64094490446054,121.74863878191144,558
121.96887615089163,122.13880510743296,121.68263879772225,121.96887615089163,574
121.95905725142829,122.34162752209785,121.62145288250892,121.95905725142829,615
122.23530222863687,122.59076118224296,122.18720967967653,122.23530222863687,896
122.3472592956692,122.4440275206745,122.17120665454907,122.3472592956692,116
123.02932951065613,123.03779588978817,123.0134161008589,123.02932951065613,532
123.09194176198008,123.27330859125466,122.7089608609844,123.09194176198008,336
122.87723899141746,123.16760594045114,122.66075078266137,122.87723899141746,406
122.9383877429336,123.0713279239638,122.69671735303449,122.9383877429336,861
123.21003675745179,123.2342518439299,123.07718056255692,123.21003675745179,532
123.23446679261464,123.50757886670108,123.0940073499764,123.23446679261464,123
123.25476263821658,123.26406195444189,123.14950546448019,123.25476263821658,399
122.9037667943132,122.99377772855023,122.8194244239445,122.9037667943132,727
122.57231633553772,122.69023213472495,122.26274824328199,122.57231633553772,337
121.87101369963787,121.96838211343137,121.69269800829885,121.87101369963787,780
122.74580207123134,123.08124998982623,122.39381168601692,122.74580207123134,924
122.1238704535357,122.32297579187052,121.90962680893357,122.1238704535357,591
121.77741785463775,121.79370905219332,121.45287654048897,121.77741785463775,387
121.41821422185315,121.55331239130624,121.37678996643898,121.41821422185315,514
121.86567641032536,121.98117980124681,121.82846686789512,121.86567641032536,852
121.71820157117935,121.81951910551881,121.33491070697607,121.71820157117935,499
122.34207260751622,122.5644632796883,122.15930727628711,122.34207260751622,515
122.00532729539428,122.22622283616177,121.71699805872584,122.00532729539428,975
122.14482437650618,122.17025609588116,122.08710244624648,122.14482437650618,909
121.7271508498763,121.85552666217185,121.53176448565819,121.7271508498763,989
122.79972541376299,122.87634439799494,122.77410389336428,122.79972541376299,901
122.20592620424823,122.39054068351135,122.08744200277077,122.20592620424823,582
122.36083655936174,122.41473531050254,122.22007508291144,122.36083655936174,350
122.67772499982779,122.69298063017571,122.58324257100612,122.67772499982779,776
122.88462454855353,123.21694074638913,122.78686725379706,122.88462454855353,499
122.79198071911468,122.96404723099802,122.60537512494642,122.79198071911468,952
122.72707036924797,123.28053545376845,122.51841485042583,122.72707036924797,240
122.74897610523752,123.29193949313478,122.52581916296042,122.74897610523752,477
122.67547510442327,122.97585093118253,122.67054990671191,122.67547510442327,219
123.15741466282073,123.20961640765519,122.92184739180547,123.15741466282073,437
124.2626761636164,124.26456143572916,124.1777272856422,124.2626761636164,549
123.98393027111248,124.04452464582994,123.8033469608297,123.98393027111248,987
123.29902878132295,123.41686085892073,123.09320284570728,123.29902878132295,260
123.25488775714732,123.2934115866647,123.15402535044645,123.25488775714732,204
124.54474242597448,124.57354242151482,124.53041617061925,124.54474242597448,949
124.14290514198962,124.16175968543581,124.09352776168316,124.14290514198962,191
124.96246354471165,124.99875575740778,124.86260542655054,124.96246354471165,584
125.80131395174988,126.06401951142067,125.64394193800284,125.80131395174988,518
125.52451983089588,125.53243377572261,125.40642937073893,125.52451983089588,520
125.80901137048852,125.84170091981201,125.58104004961618,125.80901137048852,815
126.62320968205279,126.64897960632398,126.60688929718337,126.62320968205279,651
126.43364581155905,126.47681196264628,126.33108204966777,126.43364581155905,153
126.33185563150786,126.55942718670174,126.19532922710543,126.33185563150786,700
126.04101517453354,126.11174568550985,125.97960967094767,126.04101517453354,746
125.5336368091871,125.57910199055173,125.45820565262484,125.5336368091871,613
125.2089980366541,125.4684575434392,125.09516408111794,125.2089980366541,196
124.59702790327296,124.61290313127702,124.50737045042389,124.59702790327296,667
124.61406963740258,124.65696229089609,124.47733154037773,124.61406963740258,971
124.22908302187327,124.24835994913624,124.18927879932072,124.22908302187327,735
124.34597597776865,124.59344993648136,124.06345934125983,124.34597597776865,284
123.56802815466683,123.61957306698409,123.50742489617184,123.56802815466683,532
123.73346827077407,123.99013918623172,123.59815851869348,123.73346827077407,570
124.15023275157853,124.17095033050794,124.03405692394307,124.15023275157853,224
123.1533649302928,123.3252568749824,122.76895754237148,123.1533649302928,433
123.34039321521658,123.4762678493314,123.33686895302121,123.34039321521658,363
123.95422771145323,124.01516127820436,123.64195911483326,123.95422771145323,951
123.34940720210763,123.47350738192746,123.29315862084029,123.34940720210763,290
124.18569339552649,124.73157427251124,124.17316216653933,124.18569339552649,949
124.39520290020951,124.3962439525885,124.30540938909547,124.39520290020951,826
124.0426969723303,124.1346180320818,123.99121086750813,124.0426969723303,320
124.01481243350145,124.2274641708077,123.81249837836057,124.01481243350145,298
124.29397588976231,124.40462409013027,124.07497976613985,124.29397588976231,443
124.33197858546852,124.44671921432705,124.20125872843218,124.33197858546852,273
124.6013565816917,124.61095374066181,124.48980150918796,124.6013565816917,316
124.14101978515203,124.41448507740901,123.91402495217217,124.14101978515203,305
124.22570019717007,124.28895495322202,124.07913756494933,124.22570019717007,678
123.51884294871758,123.79208590575874,123.3869512438297,123.51884294871758,472
123.46322991804323,123.51941561743278,123.13354739650433,123.46322991804323,273
123.01127609731083,123.17307381915663,122.86018375453664,123.01127609731083,177
122.64351112601594,122.8624236169387,122.38233890877858,122.64351112601594,422
123.26155771362116,123.508855616058,123.06673401997442,123.26155771362116,653
123.8072127739183,124.18124051248256,123.64058670823863,123.8072127739183,675
124.11178183437188,124.21162223402708,124.04422258176042,124.11178183437188,483
123.56562545203559,123.70932224906781,123.5374432763582,123.56562545203559,940
123.4074212271882,123.56411435685314,123.32329735869699,123.4074212271882,536
124.01397007717779,124.15562332110927,123.97014864471106,124.01397007717779,298
124.08482853399774,124.23996359392088,124.07119511392042,124.08482853399774,701
125.24449330398858,125.62234979483863,125.10178007367277,125.24449330398858,106
125.44115222368576,125.44342620544546,125.35648754738274,125.44115222368576,362
125.53717678193078,125.62240809386002,125.50481092932792,125.53717678193078,733
125.38261854982953,125.57869620012623,125.3715108016512,125.38261854982953,775
125.44938900222067,125.87645322701586,125.36269626738196,125.44938900222067,727
125.3731540840304,125.44046306827222,125.23967519641883,125.3731540840304,624
125.7272084223747,125.78885160800687,125.42340938972326,125.7272084223747,119
126.20555958077199,126.27490955897363,125.9900817879922,126.20555958077199,812
125.81256485051802,125.94154402224689,125.59110274373015,125.81256485051802,920
125.14694837373912,125.29283578350865,125.1347744597529,125.14694837373912,353
124.22884568718747,124.33358654376538,124.14403036851408,124.22884568718747,697
124.48284135064374,124.75600053625392,124.43014145605854,124.48284135064374,279
123.9311580475568,124.08822163160946,123.8784169864415,123.9311580475568,848
122.85471275108057,123.24450537337009,122.7431251947757,122.85471275108057,452
123.04900205334606,123.19613308207433,122.8273987745499,123.04900205334606,672
124.29550181206245,124.480682647408,124.2905462627631,124.29550181206245,826
124.29246635629251,124.5279081137759,124.24324281040242,124.29246635629251,992
124.71171174351832,125.0785386563908,124.63245816020522,124.71171174351832,314
124.7526264227921,125.10691093308087,124.70805362355004,124.7526264227921,457
124.70318159619653,124.94915821925383,124.60000035013373,124.70318159619653,983
125.16271983769042,125.32346456986936,125.04818060747876,125.16271983769042,701
125.01758256559609,125.11152852489401,124.8292220191311,125.01758256559609,707
125.15127872263204,125.2113926007491,124.65987783398194,125.15127872263204,672
125.31212762573006,125.40152313629126,125.2518746888152,125.31212762573006,667
124.97808239890853,125.02194418153493,124.9411915047776,124.97808239890853,319
125.47410357367679,125.48116265182583,125.3385355541332,125.47410357367679,705
125.38662369532908,125.53119065436472,125.06740583689023,125.38662369532908,651
125.00875111558265,125.44386087098017,124.89984549219571,125.00875111558265,436
125.27700603736785,125.47557977844359,125.07724298372995,125.27700603736785,418
124.82777204647233,124.93761977713484,124.579341376314,124.82777204647233,859
124.84186262515689,124.89127851251844,124.5232413808563,124.84186262515689,565
124.8373031268348,125.0632366186969,124.6296817295426,124.8373031268348,828
125.38025090975059,125.47841220304987,125.37473972244747,125.38025090975059,999
125.61760002619056,125.84379750388767,125.42214305978196,125.61760002619056,253
125.60508654681799,125.63025041712766,125.31541536322632,125.60508654681799,450
126.01396969641813,126.22858796209066,125.95549462579939,126.01396969641813,161
126.70907347092678,126.87885440220087,126.52151613765855,126.70907347092678,559
126.98797862410271,127.24971545030054,126.84965293901804,126.98797862410271,339
126.9931549340244,127.02385507313836,126.59193391454092,126.9931549340244,289
126.33723681784933,126.51052637183982,126.25225759701485,126.33723681784933,245
125.80467998631164,125.98603683964673,125.61838608240085,125.80467998631164,621
125.65206763413431,125.7332376874729,125.48713572156446,125.65206763413431,391
125.34731153305466,125.36128190669139,125.32713934843886,125.34731153305466,741
125.25382588156194,125.41332298103069,125.16588220968642,125.25382588156194,159
125.28215084401049,125.35825490507375,125.23236392163827,125.28215084401049,572
125.54699722118886,125.68513739905859,125.51330706720236,125.54699722118886,786
125.51174783215932,125.54028551459965,125.39798674872625,125.51174783215932,172
125.75499865407242,126.07573902516582,125.72902908797906,125.75499865407242,338
125.78723586147748,125.87916332509245,125.64596992013823,125.78723586147748,515
124.79950257830055,124.98222402181415,124.76521099217238,124.79950257830055,278
124.32983488139116,124.35654796449836,124.2627781864877,124.32983488139116,166
124.25779110353035,124.39292399418174,124.0040165850092,124.25779110353035,692
123.6529437321098,123.81229997864364,123.18271208948737,123.6529437321098,176
123.95290809710791,124.04458776975046,123.76509544711998,123.95290809710791,347
124.71828351327976,124.78815622397623,124.3574625803625,124.71828351327976,806
125.32766443912841,125.3960843354399,125.26572808272107,125.32766443912841,167
125.22094300366331,125.32246536825195,125.06574937148403,125.22094300366331,949
125.96630607208829,126.18638465054403,125.54141704346962,125.96630607208829,667
126.04063980068935,126.32563403505243,125.83898258709648,126.04063980068935,198
125.87209681513033,126.06698732465239,125.60119889165786,125.87209681513033,881
125.56539548335986,125.61131001157472,125.52493548134244,125.56539548335986,687
125.4141606401158,125.55903336647648,124.92976954400875,125.4141606401158,942
125.22007223084518,125.89562587910305,125.12802444219959,125.22007223084518,677
125.30528034203292,125.40842426586694,124.9661578353773,125.30528034203292,644
125.38556733255784,125.40123350234387,125.3346799870207,125.38556733255784,880
125.38709034263455,125.49018419725132,125.11411646786354,125.38709034263455,641
125.60555942750773,125.70159188414634,125.19090808617115,125.60555942750773,637
126.2008825649009,126.20691069716393,126.17900875161881,126.2008825649009,981
126.67565963262156,126.69805601914581,126.56780669037609,126.67565963262156,821
125.93321064839661,126.02455047733531,125.66964846099857,125.93321064839661,880
124.65625008094564,124.71088053024963,124.59443802923025,124.65625008094564,423
125.12341003656528,125.3922669516122,125.10703070152512,125.12341003656528,222
124.43997068735756,124.71687167988776,124.03377996388772,124.43997068735756,132
124.32758798641122,124.37799478239819,124.068593191592,124.32758798641122,754
123.74253147338153,124.01078341882888,123.73059909464213,123.74253147338153,244
122.84154125459152,122.94924188591932,122.4786796303136,122.84154125459152,873
123.11227261869391,123.42312910701611,123.0269200529262,123.11227261869391,616
123.49185019884523,123.7658064192377,123.42957112736282,123.49185019884523,772
123.20359499848186,123.35048016904379,123.10107836794415,123.20359499848186,409
121.9080738524094,122.19255844346657,121.79026923648102,121.9080738524094,243
121.63495162828316,121.64562848277896,121.5554708217058,121.63495162828316,763
121.83085363098444,121.95647422495118,121.71476924296519,121.83085363098444,992
121.09139784659737,121.22755295986241,121.08225002079683,121.09139784659737,616
121.18307780648695,121.24153089771809,120.97350454528916,121.18307780648695,294
121.17542288190045,121.44132973069455,120.80509148916444,121.17542288190045,582
121.46506863170099,121.58295331399836,121.35573106735355,121.46506863170099,736
121.52485881590806,121.69714750180091,121.49793572929542,121.52485881590806,574
121.03832434546729,121.05782213327203,120.78753798603219,121.03832434546729,687
121.63661009629953,121.68194253704434,121.6164897612683,121.63661009629953,917
121.55734530978604,121.68717485400013,121.5180315029427,121.55734530978604,268
121.54369304003107,121.63434494522048,121.46658761466271,121.54369304003107,828
121.07705906049448,121.42074698361502,121.02305666300424,121.07705906049448,282
120.85541793489872,121.11335315449094,120.69330953510934,120.85541793489872,948
120.41301657788527,120.66376353512922,120.0171498542085,120.41301657788527,212
120.32654354792356,120.47951339358518,119.88838644508142,120.32654354792356,375
121.18239778799473,121.54159433491154,121.16298966254583,121.18239778799473,575
120.49644721652905,120.54402224779882,120.42906874358997,120.49644721652905,277
119.68966651759068,119.74058811479345,119.37389529351599,119.68966651759068,736
120.42525168133749,120.6471735549181,120.39525927675822,120.42525168133749,390
120.32058984276155,120.6568652211046,120.18475141437672,120.32058984276155,533
119.9860534734316,119.98772563088589,119.75902144749443,119.9860534734316,562
120.50600581712963,120.7011731954544,120.44383798747464,120.50600581712963,516
120.2031980472612,120.32018874587848,119.97197512393214,120.2031980472612,934
121.11620290403467,121.12754423380252,120.97256377727714,121.11620290403467,810
121.45516583970429,121.55093535434784,121.42955560395836,121.45516583970429,237
121.21121013563145,121.21665296210702,120.89636820651103,121.21121013563145,588
122.2898642422642,122.57580909087028,121.88871058336227,122.2898642422642,829
121.98700678076253,122.27118557780722,121.73440116679915,121.98700678076253,908
122.35805446676719,122.39868817256412,122.32043455353664,122.35805446676719,267
122.50770075697044,122.53983141424365,122.40619818255396,122.50770075697044,233
123.15857140166983,123.32876793737118,123.07939178028116,123.15857140166983,260
123.93932700003326,124.09078784478821,123.66246464942711,123.93932700003326,883
123.95532907456614,124.07635567771793,123.85156906609187,123.95532907456614,891
123.57862013939304,123.63467668200848,123.4321666154074,123.57862013939304,859
123.80860621086259,124.08473664488461,123.59312291109215,123.80860621086259,833
123.46974852598655,123.55216275339976,123.22668333189125,123.46974852598655,927
124.47644214974986,124.58147601240229,124.02456797298352,124.47644214974986,476
124.54470981529123,125.02241610778677,124.4248549196382,124.54470981529123,429
124.36204903963517,124.5289166769517,124.15821491537478,124.36204903963517,494
124.45438919256762,124.5926000680464,124.42447153545348,124.45438919256762,271
123.78082604780278,123.80449608802746,123.37762000389992,123.78082604780278,569
123.29501902854744,123.45569111510058,122.88589445035832,123.29501902854744,870
123.89522598251966,123.90285289628459,123.46120698414441,123.89522598251966,521
123.56677884303396,123.60888583110456,123.44324096538129,123.56677884303396,355
123.04332335169299,123.07515324600054,123.01912150305323,123.04332335169299,779
123.31164972795663,123.45492858669678,123.23891519838884,123.31164972795663,219
123.90450180528813,124.03229881610147,123.8752336205383,123.90450180528813,118
124.26397846062066,124.4800318725768,124.06450832931036,124.26397846062066,907
124.76200230352357,124.83801579163834,124.63551346511078,124.76200230352357,920
124.38360475923885,124.49782528495712,124.34628179402414,124.38360475923885,346
123.67269942586793,123.826823015893,123.62721517228039,123.67269942586793,304
124.42336625184568,124.72749427104908,124.21399466015401,124.42336625184568,519
124.26202633242461,124.32494662191301,124.006629720612,124.26202633242461,166
124.13660982419708,124.4426469489564,124.04747447621679,124.13660982419708,441
124.8007068951216,124.92913232988792,124.59722256115982,124.8007068951216,444
125.07882189982193,125.48413745514182,125.05583935454763,125.07882189982193,796
125.30676578586274,125.3872053508452,124.98004881938093,125.30676578586274,486
126.38926695831329,126.43897597933709,126.18099114060898,126.38926695831329,441
126.06750784312321,126.07438660218473,125.85055608282111,126.06750784312321,207
126.53142790716383,126.65987440285262,126.35028878896297,126.53142790716383,776
126.55993446961237,126.56684891470954,126.5332753595095,126.55993446961237,732
126.694230609044,126.7964825006179,126.38593692988836,126.694230609044,501
127.45846482225026,127.51893473551661,127.13984609861721,127.45846482225026,695
127.71238270039508,127.8807091515481,127.25038898030739,127.71238270039508,401
127.9815307399199,128.01837418582593,127.9315893076754,127.9815307399199,872
128.5177844085748,128.63977468604122,127.8751936864718,128.5177844085748,206
128.33530804380337,128.38168174512853,128.17630168504635,128.33530804380337,734
127.91570321013386,127.98410667929481,127.69206932715481,127.91570321013386,684
127.39329861312333,127.62399511930106,127.3852497581849,127.39329861312333,576
126.41012031843533,126.48412764094897,126.39332400293638,126.41012031843533,436
127.4382238834055,128.10244679452333,127.42349610481745,127.4382238834055,559
126.88661970054466,127.00466409380579,126.7297313167964,126.88661970054466,412
126.77599288875177,126.79236772418994,126.68965173168748,126.77599288875177,253
126.63758623880732,126.75032096966135,126.59130463847666,126.63758623880732,900
126.79128958771187,126.84502516321686,126.60523124585394,126.79128958771187,708
127.19915819398152,127.26869290243052,127.17643280707767,127.19915819398152,903
127.6293949381614,128.06535267043944,127.45719031686374,127.6293949381614,448
127.33785621887692,127.34922358931831,127.03068328470383,127.33785621887692,889
127.25429536198372,127.5901959205664,126.88148239697259,127.25429536198372,865
127.39558533722787,127.63724604035974,127.13308346843698,127.39558533722787,693
127.27123977413609,127.30867288370887,127.17968190356429,127.27123977413609,628
128.0749125621461,128.3301653597208,128.00719772412975,128.0749125621461,399
128.32040003796521,128.39464139065922,127.9637540596163,128.32040003796521,791
128.68783893099013,128.69148513041756,128.57527806473055,128.68783893099013,827
129.01927956532384,129.02318564321726,128.89378406844762,129.01927956532384,633
129.6060164940665,129.74874227270737,129.57958414359544,129.6060164940665,335
129.69652727341835,129.80532395609288,129.69064073333436,129.69652727341835,996
129.04811129944042,129.1335865085346,128.67060102938925,129.04811129944042,310
129.24795527531674,129.52502737900565,128.9347911564979,129.24795527531674,385
128.92227682842082,129.04088763847741,128.79810174523948,128.92227682842082,522
128.65796848754593,128.7356699009697,128.36808573374657,128.65796848754593,818
128.95115049692347,129.1162619118974,128.9155066944099,128.95115049692347,593
129.57029203264028,129.7625107240867,129.51045911920258,129.57029203264028,518
129.58092782100832,129.91554462350948,129.52062509210057,129.58092782100832,936
129.73534432730779,129.85166047995324,129.47727065079187,129.73534432730779,866
130.5864517996254,130.7575573372135,130.3456768512667,130.5864517996254,444
130.7068283893697,131.06937398238432,130.60048864257172,130.7068283893697,622
132.00766994645988,132.21417660170178,132.00405525177516,132.00766994645988,918
132.29042476927566,132.77867593832872,132.28993119941322,132.29042476927566,418
131.41004338969776,131.53194536894026,131.10880041551647,131.41004338969776,441
131.78671420025003,132.17017179397118,131.5912191336195,131.78671420025003,478
131.97729339269142,132.1431130806951,131.91006275866863,131.97729339269142,645
132.6221697697328,132.77053840193452,132.5163472362779,132.6221697697328,732
132.95876044536777,133.0351146847026,132.9152178371243,132.95876044536777,847
132.8895324533759,133.00721968942395,132.86860124042008,132.8895324533759,794
132.2773833352312,132.36488457592583,132.14088958142779,132.2773833352312,689
132.17287170658818,132.28834010972986,131.97928804258336,132.17287170658818,734
131.74761147948354,132.04961011359939,131.42513995329847,131.74761147948354,887
131.45734975458117,132.11490199205892,131.42804609877888,131.45734975458117,307
131.75163895679148,131.77986889126004,131.62791724726944,131.75163895679148,285
132.58659120896718,132.6517389876037,132.2578643805232,132.58659120896718,116
132.78392697387866,132.8065938666597,132.7791174088587,132.78392697387866,389
132.18598544286107,132.23453116072326,132.12975679232275,132.18598544286107,353
132.40828677697112,132.43283255851222,132.21037069622528,132.40828677697112,710
133.00660252029394,133.26399197751724,132.7221741579843,133.00660252029394,545
132.70171106813424,132.72662076407153,132.62456799432655,132.70171106813424,555
132.6347024847978,132.86724457266334,132.6144505471065,132.6347024847978,246
132.6420465821624,132.67437534105812,132.6097926820428,132.6420465821624,983
132.2495974256213,132.34247778190328,131.89544254110308,132.2495974256213,213
132.57373764254322,132.8585174299926,132.37198722820642,132.57373764254322,196
132.51326356823932,132.74748738118683,132.32215981455548,132.51326356823932,481
132.72302979019284,132.744534790279,132.67572568711168,132.72302979019284,475
132.2792837012918,132.53503087225565,132.1597515010362,132.2792837012918,605
132.0605545511301,132.3057330038181,131.7683738659012,132.0605545511301,421
132.421745230044,132.42476988236092,132.20575877366463,132.421745230044,427
132.23532865399812,132.30259324786238,132.14603193687924,132.23532865399812,448
133.09881057961482,133.17373514348003,132.8223268536134,133.09881057961482,269
132.89899248680751,132.99502640364895,132.80624971095241,132.89899248680751,406
133.01133484968346,133.12989469631918,132.87710057787314,133.01133484968346,298
133.47763026562,133.4823090576688,133.26740391846477,133.47763026562,276
132.7684473991535,133.24499986956812,132.6926054931682,132.7684473991535,223
131.8880429931631,132.10830831891704,131.85447590668701,131.8880429931631,256
131.12521483587807,131.25062500496753,130.95363588440947,131.12521483587807,706
131.75650688759166,131.99800752658203,131.42159296245688,131.75650688759166,385
131.48057781464544,131.64334054303123,131.37847810289273,131.48057781464544,710
132.75967745747957,132.79577108584581,132.48881981756267,132.75967745747957,978
132.47755365815087,132.52286220833707,132.46571896503877,132.47755365815087,980
132.5698293097494,132.82941261088155,132.29497112703473,132.5698293097494,334
133.34088428603334,133.59339976742618,133.30508010318744,133.34088428603334,801
134.3439307301129,134.3554313238719,134.1909891841953,134.3439307301129,393
135.37468251843111,135.469779466669,135.11915871578478,135.37468251843111,884
135.97886563372768,136.11163225429283,135.9364004055941,135.97886563372768,941
136.49089689663342,136.53910954112658,136.29852913014793,136.49089689663342,996
136.787160371234,136.8739670420987,136.57349473700987,136.787160371234,117
137.1763409093173,137.28706639118894,136.9685896513944,137.1763409093173,273
136.90074805115304,136.9848100146501,136.6869701960442,136.90074805115304,502
136.49164860944188,136.61000884767088,136.43369518057057,136.49164860944188,480
136.48996138073642,136.74181812302365,136.32857696357445,136.48996138073642,917
136.40486906947396,136.777442893754,136.39566730373144,136.40486906947396,219
136.17825504481033,136.20318772349185,136.05599681536268,136.17825504481033,867
136.5264487685387,136.74634152281783,136.4795347645514,136.5264487685387,195
137.00410137282395,137.0744334095908,136.8838848252024,137.00410137282395,921
137.04830481596989,137.2853062126865,136.84585563443932,137.04830481596989,130
137.7870698564975,137.99937168793267,137.65738052582313,137.7870698564975,196
137.21622529943076,137.41790849341936,136.98521017523873,137.21622529943076,569
137.1193955697909,137.1382095380292,137.11188780951645,137.1193955697909,804
136.76098440948948,136.89465604228766,136.6950357777155,136.76098440948948,844
135.82771610095296,136.10662178852604,135.67054681832172,135.82771610095296,145
135.7863757580316,135.79438319953582,135.57147608009984,135.7863757580316,902
135.72550200383995,136.03210451228978,135.52142562900443,135.72550200383995,335
136.482226875461,136.54419585573382,136.21150445355167,136.482226875461,660
136.7976327177384,136.9546580348304,136.79757172488593,136.7976327177384,436
136.2855393055738,136.45432958567758,136.27339208045754,136.2855393055738,773
137.2125855887409,137.26932283292632,137.05907628849485,137.2125855887409,384
137.82310243650358,138.08637140400748,137.71457025670875,137.82310243650358,233
138.11415128823788,138.69588343713397,138.03248395210875,138.11415128823788,868
138.00090923881297,138.2454592945606,137.71232122524538,138.00090923881297,794
137.52118962045122,137.70431607972293,137.50681546328906,137.52118962045122,638
137.3350862324157,137.49902923698917,137.0706516410877,137.3350862324157,751
137.8794605422678,137.94671313250498,137.82838967384538,137.8794605422678,359
138.8217536952351,138.87976125584586,138.65649567031062,138.8217536952351,602
139.59337545937117,139.67217357380616,139.58829318550684,139.59337545937117,691
139.34895074847805,139.46816704730455,139.05510806053266,139.34895074847805,279
138.78914203183353,138.97916294566267,138.63364029838036,138.78914203183353,995
138.85958515528912,139.1032203686506,138.64975940931154,138.85958515528912,366
137.9753654725077,138.05462940890925,137.86507891002842,137.9753654725077,663
138.13694932960007,138.26299574432934,138.09170407331516,138.13694932960007,183
138.06314803645074,138.37724304552432,137.72991018884542,138.06314803645074,509
137.83012978551662,138.02439864242493,137.7628584380225,137.83012978551662,255
137.03277825188323,137.31179863318368,136.6804617664323,137.03277825188323,589
137.28957830516808,137.6010104831078,137.08489161405518,137.28957830516808,427
137.02322788533712,137.06062942963206,136.8417731483788,137.02322788533712,715
136.43826946748197,136.56345588667656,136.33731319529895,136.43826946748197,445
135.00213836084114,135.27611200551354,134.86696268797067,135.00213836084114,196
134.98838090831583,135.1166640663205,134.9543403433931,134.98838090831583,736
135.8745067066507,136.0966422434615,135.77183120914776,135.8745067066507,282
136.70513631392464,136.7602155607533,136.49897325843463,136.70513631392464,426
136.4765881856315,136.65933051610003,136.40883958327723,136.4765881856315,665
136.1754821554506,136.2127007596258,136.03582904815218,136.1754821554506,913
136.40986928348812,136.66912062543773,136.40110644492177,136.40986928348812,775
135.910676563894,135.95538131640228,135.6205345790671,135.910676563894,995
136.06157251380372,136.3583683256972,135.90841640590767,136.06157251380372,760
136.44461265299606,136.734997979459,136.31287449021494,136.44461265299606,901
137.05807926493821,137.24758541313264,136.7362939550491,137.05807926493821,477
137.00800222669824,137.25861386874703,136.95097052066717,137.00800222669824,186
136.90616535160976,136.92421392789782,136.6932908695229,136.90616535160976,773
136.46717405823148,136.70237625527102,136.4305734823067,136.46717405823148,779
136.05373388121154,136.2806876041849,135.9150786564269,136.05373388121154,234
135.94049443526077,136.02652303012385,135.8649734446492,135.94049443526077,189
136.12417718866885,136.22588425219428,135.91194464219407,136.12417718866885,587
136.5809695017855,136.665495225224,136.48591951598434,136.5809695017855,919
136.17938002644533,136.58214497770155,135.977957140649,136.17938002644533,916
136.9257243109251,136.94939035470472,136.6055876891219,136.9257243109251,986
136.7901625104038,137.0133753456182,136.77856757108066,136.7901625104038,692
136.7794788632296,136.81371629197872,136.58613786695028,136.7794788632296,962
136.4058730236557,136.63446153293233,136.10461384067827,136.4058730236557,842
135.19375289351922,135.43074328176442,134.88413521558073,135.19375289351922,188
135.63577559169974,135.95676249205053,135.5654788644675,135.63577559169974,392
136.00419754024597,136.2180870178708,135.797352205445,136.00419754024597,545
135.86353376168685,135.86436227867569,135.82507809912457,135.86353376168685,498
135.8970291202993,135.9339828503491,135.71494558546536,135.8970291202993,613
136.15499872915134,136.20458193429994,135.84499889345216,136.15499872915134,494
135.3737258007081,135.487701075904,135.18398549377545,135.3737258007081,963
135.10919946203495,135.24441033534472,134.7714191283222,135.10919946203495,833
135.50633180184587,135.70507985441947,135.49463971047908,135.50633180184587,116
134.87918709026124,134.92980445846408,134.69992505310552,134.87918709026124,807
135.02596605634454,135.1099354555108,134.77377110456283,135.02596605634454,731
134.34767515403283,134.35201775772978,134.2961292057906,134.34767515403283,341
134.58089014524958,134.6991195112347,134.4118359393604,134.58089014524958,785
134.56306940410084,134.62880587400014,134.56252773873118,134.56306940410084,643
133.7555034961481,133.86297601401077,133.43336463716466,133.7555034961481,886
134.3378731733767,134.43157789394047,134.2606308624442,134.3378731733767,806
133.97057738497767,134.21377869275997,133.95964799602478,133.97057738497767,103
133.5654511664705,133.70931550383213,133.53415023675032,133.5654511664705,380
133.66573576508597,133.69185085654502,133.55636831593387,133.66573576508597,632
134.24005443980033,134.33232058240742,134.2226969545455,134.24005443980033,570
133.73214353031113,133.81931500130742,133.63017994862173,133.73214353031113,337
133.76298345523512,133.85584756740045,133.28485382836794,133.76298345523512,704
133.9773917054004,134.08847147753076,133.95492529172296,133.9773917054004,577
134.32394450903197,134.54059686429085,134.02171627702944,134.32394450903197,188
134.4121652866706,134.53336329588757,134.34061426998522,134.4121652866706,212
134.22865136712892,134.417206415175,134.20874570159936,134.22865136712892,832
133.81485625680455,133.87637173471728,133.7851467512623,133.81485625680455,709
133.85792819832773,134.05147866623716,133.61358092438923,133.85792819832773,241
133.32185869233493,133.43475833314443,133.26068663818452,133.32185869233493,761
131.86118345058762,132.0935337106229,131.46277043762333,131.86118345058762,659
132.07946335266647,132.546066636317,131.90693008108875,132.07946335266647,150
132.53143077320956,132.7906163455243,132.5094621545828,132.53143077320956,307
131.34996455543865,131.3524797093587,131.11116810080287,131.34996455543865,622
130.8450992030837,131.0185781016833,130.55897432368403,130.8450992030837,607
131.15467633358628,131.48203670644844,131.1073670176581,131.15467633358628,369
132.18342406844212,132.68809873472205,132.15228060453603,132.18342406844212,362
132.19382092227983,132.31186384471994,131.99694842836342,132.19382092227983,808
131.82981945166526,131.85391893444512,131.56392073722668,131.82981945166526,285
131.73837123111284,132.1095578885505,131.65742173004975,131.73837123111284,907
132.42580944068692,132.5230669016351,132.26023086721375,132.42580944068692,320
132.10282735112466,132.32409618254007,132.06846234218932,132.10282735112466,180
131.70323134779954,131.72356250011276,131.6114266977007,131.70323134779954,833
131.46185958670853,131.57071447329344,131.3747879612989,131.46185958670853,508
130.98519528257918,131.20074406956525,130.87513454777738,130.98519528257918,990
131.0465304405766,131.20740274092913,130.8683147050971,131.0465304405766,781
131.85886966981138,131.90402727662848,131.78922990411849,131.85886966981138,185
132.0204093063694,132.27670750094316,131.98607855237563,132.0204093063694,655
131.89423255530625,132.04399488951097,131.52342779521854,131.89423255530625,872
131.74832692084848,131.88098159710137,131.44345510680904,131.74832692084848,203
130.96673151650015,131.487227491475,130.6276095444743,130.96673151650015,383
131.40828640507374,131.50380416898435,131.35032202330007,131.40828640507374,559
131.36936780656734,131.5528201350028,131.25518948929368,131.36936780656734,839
131.27912784977204,131.3525506837865,131.21399591365332,131.27912784977204,799
132.87568163369446,132.88199943492498,132.73517330778412,132.87568163369446,560
133.0250580878773,133.09494307800446,132.92814264931846,133.0250580878773,220
132.64916256282973,132.8297741961771,132.44073690110685,132.64916256282973,760
132.43598376472696,132.4794784613298,132.34138217373348,132.43598376472696,451
133.01020661932534,133.1917770963073,132.90178346198877,133.01020661932534,916
133.06684182459423,133.12973058265376,132.3445718120311,133.06684182459423,539
132.34770283543554,132.61280287937979,132.1079881012623,132.34770283543554,668
132.80731730272313,132.84061441957945,132.6206488418817,132.80731730272313,952
132.47324525995364,132.66748323378124,132.4026524138052,132.47324525995364,288
133.40989414806242,133.84535822427085,133.2848609904046,133.40989414806242,968
133.94991818091975,134.31491373031199,133.89395036575115,133.94991818091975,649
133.72625723309037,133.87400497815136,133.50997592421186,133.72625723309037,812
134.36676541395792,134.492170984324,134.16864454654277,134.36676541395792,328
134.40069316922163,134.90235442383295,134.18705240293076,134.40069316922163,485
134.82708000678272,135.18845178361204,134.71917050011052,134.82708000678272,230
135.06944641542995,135.3682320441584,135.00560712650153,135.06944641542995,270
134.64626808793452,134.7123998204098,134.49220538035632,134.64626808793452,429
134.32449317177577,134.80972877254413,134.10625245609273,134.32449317177577,134
134.83947358056636,134.91314398133457,134.55189418189266,134.83947358056636,300
134.6720859145131,134.86753858857372,134.6006850294532,134.6720859145131,267
134.4702616828921,134.50620075911334,134.1975545101465,134.4702616828921,608
133.99270039321743,134.00259370748208,133.73397528600097,133.99270039321743,992
134.20449992601417,134.25485566079945,134.13219753152407,134.20449992601417,610
135.23576238563572,135.27769038431956,135.0891940242362,135.23576238563572,345
134.70199592850858,134.8236942582442,134.5829941680869,134.70199592850858,323
134.71410565684496,134.78754561660003,134.48776994944473,134.71410565684496,440
135.4202159345527,135.4265102085934,135.12214597306053,135.4202159345527,669
135.38039523892982,135.6823000374696,135.3356259009739,135.38039523892982,901
135.6065811370547,136.19993175080285,135.32139907059042,135.6065811370547,636
135.07538437298126,135.1773618225655,134.80882402688604,135.07538437298126,539
135.2895379215851,135.43308566291688,135.21775592530255,135.2895379215851,643
135.1959657890828,135.42535836273385,134.72636208735204,135.1959657890828,721
135.68883078692275,135.70180507513342,135.56697376363957,135.68883078692275,712
136.28252381270514,136.32410782618192,136.07397448613688,136.28252381270514,249
137.57730563371445,137.7744953103774,137.56841604995935,137.57730563371445,994
137.86712222032122,138.16535550117726,137.71092716175235,137.86712222032122,956
138.0300203786123,138.09012757564807,137.85497853845655,138.0300203786123,804
138.12721252940096,138.18060768602646,138.09088948644208,138.12721252940096,720
137.95062938299563,138.2863441758654,137.9083289816256,137.95062938299563,455
138.11987130472647,138.54467671990224,137.7661541707438,138.11987130472647,888
137.97217059965695,138.11017311961987,137.7670118826718,137.97217059965695,844
138.05640108779176,138.34956828351235,137.99272037298093,138.05640108779176,632
138.71519985559573,138.93370742231738,138.5697439804083,138.71519985559573,472
138.2119285729559,138.31641761514126,138.2087137957235,138.2119285729559,511
138.78186785352042,138.87158722814226,138.7674550114203,138.78186785352042,351
139.44042538719034,139.61678908698744,139.2430428617897,139.44042538719034,113
139.3813911236948,139.4996342475433,139.3767579076824,139.3813911236948,314
138.3204636741905,138.63006531835424,138.0566434687013,138.3204636741905,635
138.0165526806433,138.14224121847437,137.98543765809157,138.0165526806433,119
138.66504995392384,138.68533454677177,138.36358723762746,138.66504995392384,587
138.6536159227744,138.80435745174677,138.4033113639135,138.6536159227744,813
138.15396480662696,138.32251961264677,138.03620703118233,138.15396480662696,535
137.90157734601286,138.00932260208214,137.85671425096834,137.90157734601286,420
138.32188735926513,138.34140613729602,138.30697131324442,138.32188735926513,151
138.59525414336582,138.93193056997438,138.47270730836286,138.59525414336582,456
138.47578809378098,138.79846174102195,138.375105651341,138.47578809378098,797
138.29237588787365,138.29391052653796,138.23219234522458,138.29237588787365,818
138.09649681335173,138.36152824439128,138.059174169006,138.09649681335173,971
137.63529172110248,138.05630904896938,137.46504704276984,137.63529172110248,706
138.4429795658372,138.85528418825965,138.25864130620863,138.4429795658372,447
138.28181933123153,138.44185439096435,138.23759277290824,138.28181933123153,877
138.89039859164427,138.8937387650978,138.7688225250203,138.89039859164427,425
139.6510566176055,139.72408320516465,139.41233830479868,139.6510566176055,626
140.15021206667947,140.37104115801225,139.80343543900375,140.15021206667947,786
139.93440191032045,140.12598747821949,139.6789271026178,139.93440191032045,318
140.13626695548876,140.3343977709886,139.75430742155697,140.13626695548876,621
140.12416915229332,140.18151349125733,139.96378165728058,140.12416915229332,504
139.67231822192826,140.06270403983174,139.57679134372628,139.67231822192826,118
139.83449786278908,139.8500853221007,139.57055213155928,139.83449786278908,679
139.24497796720917,139.48155806508666,139.2186591507765,139.24497796720917,889
139.83881766143995,139.94021293060558,139.7534913042446,139.83881766143995,930
139.60650901279075,139.8292814923872,139.56956383039486,139.60650901279075,393
139.70708884072718,140.2670817012459,139.59932110001975,139.70708884072718,114
139.84873277650024,139.9096243807299,139.71006679557988,139.84873277650024,425
139.7192802896482,139.98070737427835,139.27044398121458,139.7192802896482,725
140.01262719038584,140.1269743549357,139.81620412795283,140.01262719038584,911
139.77517536207458,140.1276699950485,139.58001243135408,139.77517536207458,257
140.2108240108032,140.50760204155677,139.71009668234555,140.2108240108032,203
139.53783417067984,139.63166031390534,139.09639686709298,139.53783417067984,891
139.60102396045306,139.70165666426234,139.4508575385837,139.60102396045306,697
140.57048845998222,140.77320962845312,140.17675203236553,140.57048845998222,705
140.07032279767944,140.1962416440522,139.71902414134436,140.07032279767944,785
139.73145031241702,139.9779681252508,139.63387694567783,139.73145031241702,999
139.98840423724647,140.07416647333307,139.79801846771122,139.98840423724647,853
140.07819512821627,140.36940442688555,139.92215063329598,140.07819512821627,873
140.25351017785306,140.3742567810911,140.14290117630966,140.25351017785306,905
140.4981037429269,140.62371948230694,140.43802052301666,140.4981037429269,381
140.8154644772078,141.1477053582446,140.77427233396597,140.8154644772078,246
141.3703143981859,141.68027811945157,141.02148077095646,141.3703143981859,613
141.57522372665017,141.67794558553322,141.21223854463287,141.57522372665017,167
141.4545948993409,141.60453450362985,141.3351418246862,141.4545948993409,603
141.79088174994226,141.94261479025081,141.57926062634306,141.79088174994226,168
142.74082271738988,142.86529854108448,142.6698546862758,142.74082271738988,658
142.6745058441986,142.899784534143,142.39196943079722,142.6745058441986,966
142.18724119186328,142.20696287166422,142.04799551578884,142.18724119186328,512
142.74078152650677,143.14116601835644,142.27355230658685,142.74078152650677,163
142.68059094452997,142.68940387151255,142.60902006430905,142.68059094452997,691
141.59425617152294,141.82241333161343,141.39430025561944,141.59425617152294,865
142.01796701009815,142.0765687715499,141.97555814762475,142.01796701009815,336
141.7503029171212,141.86740722369257,141.64231453417733,141.7503029171212,495
141.70503627596912,142.0393027294961,141.69958337444223,141.70503627596912,940
141.87102644125363,141.9452371888967,141.8178056302044,141.87102644125363,238
141.96627628114317,142.11327130139463,141.66762569493685,141.96627628114317,875
142.3210021897127,142.49028185086823,142.12033709822188,142.3210021897127,415
142.10325900442777,142.45207964132098,141.96168210154534,142.10325900442777,765
142.3598119035158,142.4025659531283,142.2836737656953,142.3598119035158,522
142.23003856472386,142.43069893091896,142.22489758831827,142.23003856472386,231
142.5994438051676,142.67127013078937,142.55245919506817,142.5994438051676,325
142.90712754717413,143.1672175929585,142.84451753741038,142.90712754717413,703
142.43940819615182,142.72618508979107,142.21009238388874,142.43940819615182,572
142.98239925423934,143.12153540307264,142.76266009122563,142.98239925423934,217
142.71441753168233,142.82027751847107,142.6003669869736,142.71441753168233,737
143.1184464308229,143.38966777366497,142.96744087211897,143.1184464308229,986
143.30209008752357,143.4021206237665,143.10491973172327,143.30209008752357,838
144.22118192592112,144.32758641237567,143.93859840603815,144.22118192592112,438
144.10944893473518,144.31546614571607,144.0584850910658,144.10944893473518,518
143.93479053667608,144.42394445049882,143.59157534739637,143.93479053667608,534
143.92508073373222,144.11235676065553,143.9052566299009,143.92508073373222,278
143.77349084231508,143.81201213006725,143.67679190192223,143.77349084231508,561
144.17346179328612,144.32802853946393,144.0173826743691,144.17346179328612,696
143.36530648906782,143.38810579963575,143.16021252018817,143.36530648906782,775
142.83846527949464,142.90646202396493,142.47170033369466,142.83846527949464,841
142.30456381870505,142.69515272950494,142.20466365931128,142.30456381870505,817
142.77971761469183,143.0248245591348,142.67581705185316,142.77971761469183,203
143.6350243009828,143.66198458564082,143.30261882538068,143.6350243009828,213
143.58279969171406,143.5864673050408,143.42389073207138,143.58279969171406,799
143.49838883011904,143.521870890188,143.39710676184322,143.49838883011904,370
143.53341491167564,143.5551382426633,143.20857664613123,143.53341491167564,662
144.11435406297974,144.13756822500383,144.05210102011887,144.11435406297974,405
143.65067749588445,143.82529070915086,143.45314582996477,143.65067749588445,833
143.76986198725186,143.89165887655034,143.633414188297,143.76986198725186,722
144.25746080214307,144.34124312441762,144.1564651551416,144.25746080214307,154
144.508007887113,145.11480575954204,144.2842385834867,144.508007887113,623
144.60279869541236,144.66275767024499,144.34476669065916,144.60279869541236,533
145.10332174169594,145.43444961372995,144.8377821691096,145.10332174169594,289
143.7517055951963,143.88096962782348,143.7125472549683,143.7517055951963,488
144.09064325496178,144.38554272847588,144.01209127054494,144.09064325496178,766
143.76360541339807,143.94885323591578,143.4005090307342,143.76360541339807,434
142.84828896496984,142.9006451094384,142.7090967139091,142.84828896496984,445
143.10389026473234,143.22376140574295,142.7732022429672,143.10389026473234,364
143.79071953731383,144.0378058924652,143.6632805938619,143.79071953731383,971
143.72199528,143.7410008570544,143.6986383748447,143.72199528,203
144.19843255360146,144.54409842971472,144.11157426133832,144.19843255360146,774
145.00457168259578,145.08732252318526,144.6596880104738,145.00457168259578,240
145.6620289093878,145.71051894551496,145.6220736650208,145.6620289093878,848
146.4820111740735,146.49565253059407,146.4429251908682,146.4820111740735,655
146.85307491960944,147.0166733394609,146.81721121937747,146.85307491960944,338
146.89079173906023,147.2383289787093,146.6057852376795,146.89079173906023,529
146.08980883311165,146.10687762421574,145.80045070234567,146.08980883311165,708
145.96677758904667,145.98078687779227,145.8051785552237,145.96677758904667,197
145.54515429138857,145.69023805682014,145.3425761765811,145.54515429138857,986
146.6306256501375,146.6681659713123,146.5635542360283,146.6306256501375,935
146.54268274392132,146.75042963075384,146.43676193416087,146.54268274392132,560
146.60428514731356,146.6057552822975,146.4948502264848,146.60428514731356,664
146.8800278353338,147.09659594110747,146.85249645963927,146.8800278353338,720
146.90182905852004,147.28688150103753,146.5614074716997,146.90182905852004,356
147.74935457873542,147.89477907503252,147.719115101596,147.74935457873542,110
147.4380298978682,147.55384221240715,147.28077041679325,147.4380298978682,277
147.53533362548683,147.62875181428555,147.5302844996705,147.53533362548683,492
147.1640983326378,147.42468401702695,146.81308161148547,147.1640983326378,393
146.50408707702744,146.63709345508823,146.4035221332403,146.50408707702744,496
146.1982025315748,146.48442536012905,145.9620015298886,146.1982025315748,488
146.17968413305059,146.19369008841218,146.0794858791045,146.17968413305059,636
145.96503302079196,146.03453308073315,145.9392802735223,145.96503302079196,737
145.61882253085503,145.78728167420905,145.48117434068996,145.61882253085503,365
144.91566379901911,144.93163362971669,144.71428708328267,144.91566379901911,232
144.87411101270476,144.99643204194567,144.6649675579123,144.87411101270476,377
144.12175082568925,144.48895188236062,143.93158175879742,144.12175082568925,653
144.50177880753404,144.59001414569278,144.43712635565655,144.50177880753404,200
144.54299868400128,144.77027371734204,144.4061000790619,144.54299868400128,503
143.8142229342688,143.860552548591,143.56222135473834,143.8142229342688,383
143.65961839574388,143.790825347392,143.53815301366035,143.65961839574388,376
143.28354019294858,143.50586648777679,143.1649914470662,143.28354019294858,238
143.44312744815818,143.76390066161176,143.25477767708531,143.44312744815818,320
144.11335267116976,144.24922894577213,144.0077005190369,144.11335267116976,168
143.1757664363469,143.48597167274355,142.9950227641369,143.1757664363469,904
143.2332794759206,143.5343186756964,142.96554388107398,143.2332794759206,276
143.15321307813727,143.468357168212,143.09208305911946,143.15321307813727,472
143.4888831163625,143.4926412186241,143.25140188539177,143.4888831163625,808
143.59548143048136,143.86006666254846,143.35928870691194,143.59548143048136,644
143.21949676461196,143.32983179222128,142.8518752516002,143.21949676461196,400
143.05996979677866,143.4332189837486,142.96821643084542,143.05996979677866,327
142.6619568683769,142.81401375610122,142.58511234541055,142.6619568683769,747
143.1999604376762,143.54582061088516,143.0424497563152,143.1999604376762,471
143.21061626201217,143.50883224673447,143.20723341857683,143.21061626201217,745
144.16121160488868,144.1613073485024,144.06314591602015,144.16121160488868,498
144.13088119798138,144.13770997664943,144.10768145274926,144.13088119798138,242
143.77667781452615,143.8792726633197,143.5688831177832,143.77667781452615,856
143.01982061821974,143.10852493818717,142.8147393040695,143.01982061821974,236
142.11825078009176,142.132700606939,141.96106766752985,142.11825078009176,672
141.326182808589,141.43861527697595,141.09819655420182,141.326182808589,155
141.45974613409476,141.74415783352833,141.29616974075327,141.45974613409476,744
141.71410864570973,141.7571150342984,141.59927580403695,141.71410864570973,481
140.92351329469366,141.13818661118265,140.57877621898186,140.92351329469366,570
141.3710324517317,141.5449469554624,141.20003212478966,141.3710324517317,307
141.12950192589,141.29144901936795,140.98118339807118,141.12950192589,737
141.20289843188277,141.4531440149583,141.12807752637,141.20289843188277,734
142.0090087460105,142.06584632244144,141.97160472447172,142.0090087460105,842
142.45742840394325,142.77098670590237,142.34010342741988,142.45742840394325,134
142.32316307999034,142.45228269578226,142.23406724505284,142.32316307999034,365
141.8775669672827,142.01835990264155,141.8676033011015,141.8775669672827,702
140.80165926661803,140.97963065697513,140.71673060083484,140.80165926661803,120
140.44208260699682,140.52623591950055,140.35963846828372,140.44208260699682,239
140.33651748758297,140.36063919710568,140.31283992011413,140.33651748758297,364
139.84292772400738,139.97538910333697,139.4818568321822,139.84292772400738,499
139.77729924046122,139.88653246130482,139.66001743846724,139.77729924046122,556
139.8157251819406,140.09861778421384,139.63104205694253,139.8157251819406,219
139.70329719103654,139.8478965779614,139.6077772007618,139.70329719103654,832
139.3782959006248,139.62584352177464,139.36865746517284,139.3782959006248,482
139.46262323660818,139.6862696244794,139.2027369935941,139.46262323660818,634
139.68359356139288,139.84797785787606,139.40137255957046,139.68359356139288,138
139.13839402267146,139.4745471653491,139.05916707859836,139.13839402267146,846
139.8438602125446,139.84430945289603,139.6571333692267,139.8438602125446,852
139.79456614640247,139.95816658335082,139.58226661816124,139.79456614640247,739
139.8039909578749,139.82859469258025,139.75350520643175,139.8039909578749,121
140.15809816950318,140.26820496314332,139.69734130765968,140.15809816950318,666
140.27470623513491,140.39805225712618,140.1668874142839,140.27470623513491,941
140.75127455209153,140.83791136554584,140.43249204675473,140.75127455209153,146
140.89483663469244,141.21558252969842,140.74963581404324,140.89483663469244,845
140.58861794737223,140.8774037318707,140.46383510700323,140.58861794737223,638
140.76936970997528,140.77322788605008,140.6049692059523,140.76936970997528,483
140.19750660631496,140.20196831409746,140.11992784132812,140.19750660631496,581
140.25178645920323,140.32049737461122,140.17790748699923,140.25178645920323,147
140.235171463881,140.61021654157767,140.09877523001646,140.235171463881,778
140.1311130352447,140.15201584245986,139.91276033706137,140.1311130352447,882
140.06684427952524,140.1864787095922,139.9620037649158,140.06684427952524,180
139.12591975677643,139.32102634389935,138.73508970871066,139.12591975677643,729
138.85155730290595,139.00514483560926,138.6400963853997,138.85155730290595,144
138.8979797534765,139.00325792649863,138.86636094610466,138.8979797534765,374
138.9779079494752,138.9921921159914,138.9484519783217,138.9779079494752,792
138.4640703790122,138.48584010402604,138.29178670703695,138.4640703790122,410
139.09692429944457,139.30351914642736,139.08828746420122,139.09692429944457,331
138.66383687533732,138.92583218621232,138.6536954245646,138.66383687533732,185
139.1485654756007,139.6052132025237,139.10100600297287,139.1485654756007,204
139.36216265653653,139.4048491959541,139.31115830878028,139.36216265653653,854
139.03904900161461,139.13275525299565,139.02167197363906,139.03904900161461,276
139.92670444791938,139.95715832308088,139.70153801211703,139.92670444791938,845
139.32988603204114,139.57632687952392,139.31310385228434,139.32988603204114,689
139.78946311884616,139.8769376536821,139.7834205734893,139.78946311884616,737
140.28975427786764,140.40252394423962,140.2830371969142,140.28975427786764,288
139.95444417332934,140.41952820415727,139.6948894105711,139.95444417332934,159
140.6506768233615,140.69813927020053,140.4290661579956,140.6506768233615,319
140.525653566062,140.73124536651358,140.17048418710377,140.525653566062,687
140.67000038070194,140.74840993723535,140.43472400979883,140.67000038070194,702
140.80016130008755,140.8058253528231,140.669317247822,140.80016130008755,215
140.73300692935229,140.81727898021362,140.58405927540923,140.73300692935229,891
141.1384110659322,141.34146954078216,140.93234772683746,141.1384110659322,569
141.5351554262083,141.65980260553604,141.2544556228086,141.5351554262083,266
140.6608894395892,140.98831379758954,140.44234906693978,140.6608894395892,737
141.31305956102827,141.34762223140694,141.2574909991339,141.31305956102827,544
140.48181356701042,140.70762645137688,140.01292968945765,140.48181356701042,332
140.99808666918125,141.01140687458565,140.7488341129815,140.99808666918125,213
141.56143923759504,142.00631605931682,141.5118198276687,141.56143923759504,607
141.01595602248744,141.08333667528277,140.53213019487228,141.01595602248744,711
140.81054887851016,140.9010037540399,140.79422033162592,140.81054887851016,250
140.2576965442672,140.5928238030363,140.18523718353788,140.2576965442672,683
140.15023602912282,140.18903498763615,140.07369700090626,140.15023602912282,469
139.99621888702995,140.07791595465926,139.82607408892065,139.99621888702995,448
140.38604915316463,140.55830677364182,140.35421610110035,140.38604915316463,266
141.04120352622445,141.11248895032946,140.85275128744567,141.04120352622445,171
141.73904543161942,142.04408251895185,141.36455569945767,141.73904543161942,959
141.45796141833026,141.4969193425869,141.1546124588235,141.45796141833026,452
141.353350481458,141.41441231216172,141.22176795513946,141.353350481458,110
140.51163138534753,140.57147133856532,140.49368927152366,140.51163138534753,909
140.10869635209943,140.23341572816597,139.97666353477672,140.10869635209943,840
140.59112216864816,140.60779123884316,140.58696473186998,140.59112216864816,737
141.39891358042226,141.4655895915438,141.0710541533808,141.39891358042226,252
140.7817391444823,140.8480390221422,140.60800833279495,140.7817391444823,261
140.48550701490583,140.50157948009843,140.44476855921053,140.48550701490583,889
140.47230413642637,140.48040872488977,140.28750926959285,140.47230413642637,485
140.61238471583619,140.7646195236465,140.50326258316002,140.61238471583619,790
140.20758295587535,140.23171156270132,140.128327447898,140.20758295587535,243
140.4196134781074,140.489590547932,140.2235008263091,140.4196134781074,238
140.18269380457195,140.2188552935894,140.079288275607,140.18269380457195,305
140.17546766913281,140.318400492501,140.00375737511214,140.17546766913281,195
140.44860979313466,140.520592011848,140.41633238320776,140.44860979313466,825
140.45182092804012,140.85805267065476,140.4009957634021,140.45182092804012,680
140.23362798277682,140.41616373491598,140.1239954069888,140.23362798277682,455
140.1788230808139,140.23455434758978,140.04536115971973,140.1788230808139,570
140.13464160121126,140.2121393338652,139.81360751272294,140.13464160121126,417
139.9496360862702,139.9990704087191,139.76724809690788,139.9496360862702,611
139.82023805493665,139.88648591671233,139.63206734902022,139.82023805493665,118
140.619561640189,140.67540966043322,140.5180926009922,140.619561640189,512
140.9000213641596,141.24205638443797,140.58757252203196,140.9000213641596,506
140.75228120514504,140.95971549965145,140.72076881403427,140.75228120514504,927
141.1007584074004,141.22727496732884,141.05240502942354,141.1007584074004,501
140.9338486625224,141.182422979735,140.87918473362,140.9338486625224,962
141.5204109813157,141.9742264359062,141.20289479874722,141.5204109813157,200
141.70523207741476,141.90064650664306,141.59011498664572,141.70523207741476,692
141.65158100541265,141.70011429769806,141.60707658936104,141.65158100541265,794
141.87543946831778,142.39149784805593,141.85419959396293,141.87543946831778,117
141.09000139228354,141.1986527852784,140.8626944211286,141.09000139228354,254
140.52661765782864,140.88813558766492,140.25779651907774,140.52661765782864,952
139.9296551546291,140.06758625560929,139.83473839069032,139.9296551546291,228
140.00112670201096,140.01176918926555,139.7545448271986,140.00112670201096,414
140.8673842017535,140.91812091261312,140.8318520024597,140.8673842017535,465
141.9830342748498,142.2459840469119,141.94851362532646,141.9830342748498,561
142.30205982557018,142.3290578711656,142.06631500825307,142.30205982557018,260
142.55248206304242,142.69600989056454,142.45495852799567,142.55248206304242,730
141.65195319596606,141.87270490848653,141.50484706278453,141.65195319596606,475
141.38061629609905,141.43253542543883,141.18113210847417,141.38061629609905,431
140.98672442014492,141.14149985483348,140.94502589394088,140.98672442014492,784
140.67630062101938,140.8445088764117,140.61013591647455,140.67630062101938,764
140.592228711727,140.70710598195376,140.41362783808705,140.592228711727,119
140.35618342287842,140.45565732950647,140.33841699470943,140.35618342287842,645
139.36653351769053,139.50944346998324,139.28874181048246,139.36653351769053,925
139.74048864574928,139.80229953337013,139.6081007289351,139.74048864574928,671
139.2041171328794,139.23090550946978,139.04752851702492,139.2041171328794,561
139.32374056493495,139.4460791892753,139.24677045199851,139.32374056493495,257
140.36078189980995,140.46015712527824,140.09088727875763,140.36078189980995,463
139.90108960401673,139.91586699124164,139.70979617526882,139.90108960401673,817
138.63594584264357,139.12392073604067,138.54596406487732,138.63594584264357,704
138.49294373170352,138.5531922277218,138.32705018478745,138.49294373170352,829
139.0434235492028,139.16566124965286,138.83914401243473,139.0434235492028,422
140.0225972763131,140.18907516530697,139.82021615956313,140.0225972763131,188
139.4078224790869,139.50617580161813,139.33695801103707,139.4078224790869,272
139.65617209070516,140.09163078021496,139.21424636026697,139.65617209070516,139
139.42351686231513,139.5033681915043,139.20219180048767,139.42351686231513,302
139.37054268516306,139.5519167920851,139.22915688813583,139.37054268516306,832
140.69271435867157,140.76790000776583,140.56259217945035,140.69271435867157,658
139.94122919447398,139.9934661027299,139.74444381263274,139.94122919447398,342
140.06809902522127,140.226448080023,139.86897054377243,140.06809902522127,605
140.301945611104,140.41632618106598,140.2630240914118,140.301945611104,187
140.84483877357368,140.97306110440425,140.7682006964982,140.84483877357368,768
140.89383035030914,141.22560428920022,140.81380313764862,140.89383035030914,773
141.0478556200612,141.24477419904036,140.9548965661724,141.0478556200612,631
140.8520313363503,141.01016580008846,140.6056924762635,140.8520313363503,759
140.98659480697287,141.14405006559747,140.90224098941968,140.98659480697287,812
140.81499866922417,140.9069137668864,140.8041138091499,140.81499866922417,923
141.1257846141522,141.5293397767872,140.9616675549814,141.1257846141522,250
140.94097944613037,140.9497611065058,140.58358164416822,140.94097944613037,199
141.12952964308147,141.24498211652164,140.97374320697736,141.12952964308147,346
141.114898236239,141.4050808219578,141.10975147727115,141.114898236239,724
141.67792336162506,141.8429154989433,141.6684074781945,141.67792336162506,830
141.65222649983082,141.89239029979782,141.45487177619611,141.65222649983082,955
140.76571026572736,141.0205229824306,140.72860955992013,140.76571026572736,971
141.39667101608435,141.9071790464885,141.17735225824794,141.39667101608435,636
140.94380486565305,141.0242668702036,140.94364059829715,140.94380486565305,595
140.61692169632863,141.21566301686076,140.61108494471756,140.61692169632863,388
140.31909104930688,140.48534862840324,140.2775853937342,140.31909104930688,514
141.00631009589227,141.10449988583864,140.75903367021098,141.00631009589227,714
139.93847298890293,140.21544720766173,139.81348889608245,139.93847298890293,178
141.50734725573292,141.58667284357722,141.25630763274975,141.50734725573292,484
142.03537566026594,142.20200396493175,141.84745254401014,142.03537566026594,537
142.14699511733053,142.3601878612769,141.9371521635291,142.14699511733053,627
142.1195481170224,142.12311456792835,142.0845031236963,142.1195481170224,440
142.26232515445122,142.26983852619267,142.19183461374365,142.26232515445122,158
142.52288636864088,142.76342067019527,142.52264136097924,142.52288636864088,805
142.8454941616159,143.04349690439653,142.66444292966062,142.8454941616159,736
143.12329639461763,143.28831585460674,142.92219733055634,143.12329639461763,998
143.16808673524525,143.1773789898761,143.0012812215,143.16808673524525,643
143.06941752509158,143.0849946704877,143.03465482251323,143.06941752509158,789
142.99378088326483,143.30259941596964,142.89810753994723,142.99378088326483,978
142.89632674308848,142.97333777667603,142.78045524441944,142.89632674308848,318
143.463211791522,144.00472493025643,143.40118279251988,143.463211791522,199
143.75999015266245,143.8125185502368,143.4799411069122,143.75999015266245,202
142.28979583533032,142.57979910656383,142.09787437288796,142.28979583533032,983
142.6177462235952,142.8109404085175,142.4457221451982,142.6177462235952,729
142.71511432095457,142.87754821529984,142.6547518237394,142.71511432095457,854
142.70575994273162,142.83842760743408,142.3789050455363,142.70575994273162,218
142.5115007161872,142.78653059459523,142.45166168615333,142.5115007161872,106
143.07355707618018,143.11425347687063,143.00125443075882,143.07355707618018,487
143.54732030724162,143.8294807642598,143.46574052233288,143.54732030724162,577
143.16088147332982,143.23221499477978,143.09704857668618,143.16088147332982,621
143.3644076168921,143.8118018323044,143.23241681426276,143.3644076168921,927
142.87857924962145,143.14445106140826,142.824381606684,142.87857924962145,380
142.18877016722698,142.24567222809483,142.18294935379728,142.18877016722698,141
141.875411554932,142.38010302743447,141.77342865456433,141.875411554932,658
142.30660829112335,142.3667953497174,142.05637850851957,142.30660829112335,195
142.7831708138114,142.9117142443377,142.40385422931413,142.7831708138114,603
143.03971352386006,143.18384137013152,142.80639808274537,143.03971352386006,345
143.40226141728405,143.41773416334087,143.29063661466736,143.40226141728405,323
143.66035056084152,143.83820324579332,143.50799661558878,143.66035056084152,213
143.33960976323004,143.8488206704186,142.96832665966477,143.33960976323004,643
143.55557103556703,143.89803197305454,143.40350717241515,143.55557103556703,429
143.95577579818087,144.0602799840628,143.838738627661,143.95577579818087,602
144.33292146308764,144.623142260381,144.25446695775753,144.33292146308764,252
144.92737814882497,145.00860843213974,144.8021292956123,144.92737814882497,316
145.2815300724255,145.47092662554897,145.08258661761832,145.2815300724255,588
145.4572541761963,145.54752368576922,145.40026801246768,145.4572541761963,857
145.99232929535452,146.2285680032404,145.77225093054344,145.99232929535452,371
145.97906866572998,145.99363315224804,145.61437011872007,145.97906866572998,499
145.53813134011614,145.7057341510234,145.28804563110802,145.53813134011614,449
145.45659785814425,145.4767370327077,145.42131644741858,145.45659785814425,521
145.084146535741,145.27340930029058,145.01341061663987,145.084146535741,360
144.74655739825383,144.98152020977096,144.47503090926404,144.74655739825383,618
144.67429806289607,145.05009425184684,144.64894021256288,144.67429806289607,816
144.27808810239608,144.34364711357156,144.04733439457837,144.27808810239608,363
144.12410733757656,144.13243934225284,144.11037704616172,144.12410733757656,900
143.17730000409966,143.18048173577958,142.98948221537344,143.17730000409966,417
143.28394685778613,143.32004606900176,143.16552403351912,143.28394685778613,813
143.28454959546724,143.40663755942913,143.1225662241094,143.28454959546724,215
142.87600527993314,142.8830867677422,142.70623051387614,142.87600527993314,311
143.20562811414933,143.27923977057807,143.1317750072181,143.20562811414933,259
143.6744131829626,143.75593105189455,143.43729398140772,143.6744131829626,576
142.87063325077813,142.9929364111858,142.71046506754556,142.87063325077813,740
142.48927086149502,142.64677952636038,142.17635461328354,142.48927086149502,958
142.10469968660138,142.2340053824967,141.91978864270752,142.10469968660138,247
141.63474813604694,141.8041023578486,141.44788238670174,141.63474813604694,922
142.04948555701282,142.0532853734648,141.95384821756608,142.04948555701282,546
141.9525724876264,142.05682344899765,141.951937316273,141.9525724876264,177
141.82031506697112,141.94399651011994,141.76139654278245,141.82031506697112,361
140.81838388476774,140.96387466971237,140.3981876426678,140.81838388476774,151
141.13609289987235,141.263729708018,140.8435494327869,141.13609289987235,357
140.5164637024456,140.55900892668396,140.49919709868817,140.5164637024456,832
140.54643001757876,140.66569495539713,140.401568504822,140.54643001757876,650
140.68511848655785,140.79084544962475,140.48580222750294,140.68511848655785,347
141.36544778447717,141.4747657296149,141.04422360830355,141.36544778447717,988
140.71103758491762,140.9425415060796,140.59798657366602,140.71103758491762,387
139.2012815070072,139.39451090948904,138.92603726292634,139.2012815070072,353
139.29320627938404,139.3914610835293,139.22278528055514,139.29320627938404,727
140.19346187013946,140.41898006038122,139.98058631729185,140.19346187013946,808
140.81293504660917,141.302652444244,140.43244907051493,140.81293504660917,313
140.9177647542465,141.19848799646084,140.6498663216525,140.9177647542465,191
140.67194666143047,140.86179929628693,140.64753472235665,140.67194666143047,643
141.07550795974913,141.1617647231264,140.7301407301451,141.07550795974913,704
140.5887348598969,140.82356333439313,140.26882083548279,140.5887348598969,331
140.82691374457502,140.8517739323507,140.74665726133958,140.82691374457502,742
141.07964882415834,141.09539940140726,141.05225420623862,141.07964882415834,929
141.60975377790777,141.87087032106987,141.31489119004942,141.60975377790777,834
142.9895837973633,143.13224597741936,142.9600993090788,142.9895837973633,112
143.18579178095268,143.23818078223755,143.14187750972448,143.18579178095268,937
142.93130996809893,143.3985238891032,142.9049649104859,142.93130996809893,632
142.91852281200292,143.26547537062763,142.8057959469143,142.91852281200292,544
142.03398485955836,142.24807850816237,141.9354965827741,142.03398485955836,602
141.68662829401384,141.7520104668617,141.64377083254118,141.68662829401384,625
141.4819870749573,141.50226864090166,141.3199201492658,141.4819870749573,956
141.21994287599,141.23954306934667,141.16446828567842,141.21994287599,938
141.29612031200685,141.458092708981,141.27327152918642,141.29612031200685,718
140.88491034581574,141.21916283787647,140.6048058676096,140.88491034581574,505
141.44542567947798,141.49572441346638,141.14581562257067,141.44542567947798,739
141.44552921193707,141.57654481546317,141.31323838994692,141.44552921193707,643
141.44087905136777,141.50665735871317,141.24343160368392,141.44087905136777,780
141.27693169311132,141.48043797789745,141.2417809627737,141.27693169311132,387
141.3545270350408,141.44711031093806,141.09583693049484,141.3545270350408,525
141.76707616737463,141.9821542782579,141.5166210718685,141.76707616737463,535
141.33351105951917,141.55561103264864,141.28260293023925,141.33351105951917,180
141.00445281498153,141.2209602167181,140.73738374363413,141.00445281498153,587
140.8525898005932,140.9846193740605,140.816108060446,140.8525898005932,281
140.17965433885658,140.21332186570402,140.03884409286317,140.17965433885658,457
139.77002540899582,139.81791880675192,139.41751998672683,139.77002540899582,801
139.5319149722235,139.8060833811893,139.43187179950473,139.5319149722235,354
139.96910956257986,140.28809360419706,139.71451089613362,139.96910956257986,952
140.10039022708082,140.10284553378125,140.02543345707315,140.10039022708082,910
140.1971851827646,140.25397076028554,140.10282283486336,140.1971851827646,998
140.62263416384857,140.73803505179401,140.50171814631776,140.62263416384857,265
140.55394826964888,140.8193237815223,140.38117985092111,140.55394826964888,564
140.74918069461333,140.8699866717083,140.57785816590334,140.74918069461333,355
140.6975698181471,140.7414106556738,140.52052249541708,140.6975698181471,522
140.8302509928469,140.96493675539764,140.5682995596721,140.8302509928469,297
140.53887166404112,140.57122997216166,140.33616643702294,140.53887166404112,312
139.3194630849029,139.3888078881513,139.25062527453696,139.3194630849029,656
139.25232350380975,139.31972877874603,138.8272327842209,139.25232350380975,913
139.9636975718597,140.0629472851088,139.84726417251224,139.9636975718597,982
140.42680527298052,140.7233718462577,140.40175833003747,140.42680527298052,971
140.9095040152761,141.0504619037639,140.71382542725064,140.9095040152761,624
141.5275693761792,141.68947775382978,141.4163135632051,141.5275693761792,151
141.5718981716599,141.63070145152125,141.28501310837095,141.5718981716599,364
141.6705560253627,141.97118703928263,141.44308798524068,141.6705560253627,424
141.36173007764555,141.5706633837718,141.2680682425213,141.36173007764555,654
141.20369364963202,141.29466880976477,141.16010201450453,141.20369364963202,106
141.5115792245176,141.51376703490962,141.44010169158494,141.5115792245176,841
142.113521443102,142.20149002039656,141.9846149056394,142.113521443102,143
142.0437983052615,142.3790829888303,141.71734925348173,142.0437983052615,271
141.8187036728358,141.96391087268165,141.75950937205855,141.8187036728358,201
141.8189676522641,142.07074489341267,141.77033146264867,141.8189676522641,834
142.11957102672864,142.13850730462278,141.9951580457306,142.11957102672864,679
141.39764361866187,141.55908675415876,141.21399505437486,141.39764361866187,733
140.24955314209325,140.26112637393612,140.2240117006635,140.24955314209325,688
139.97428471734744,140.13523508009126,139.91320997012872,139.97428471734744,911
139.36392850439037,139.67558749574485,138.9203992002464,139.36392850439037,395
139.1098584055667,139.2679366208738,138.9542566230934,139.1098584055667,304
139.03596824615798,139.14007074548363,138.80810591174446,139.03596824615798,590
138.80934404164648,139.0565326820921,138.6724190423841,138.80934404164648,417
139.53557780888187,139.9395890917865,139.4867972191617,139.53557780888187,270
139.69895019118303,139.81657778145157,139.64234587007525,139.69895019118303,317
139.84918737098843,140.1113165278493,139.84737611826384,139.84918737098843,600
140.16029094301012,140.16174208270326,139.98625564898504,140.16029094301012,916
139.59087438411973,139.65321590261317,139.28022494678197,139.59087438411973,292
140.11043027782986,140.24277760024924,139.85079149549054,140.11043027782986,432
140.07254813456214,140.11818559235434,139.7489267779526,140.07254813456214,252
140.40778844318274,140.6768118779051,140.27110499693495,140.40778844318274,652
139.87185982666267,139.9922392588492,139.86596420365828,139.87185982666267,122
139.09498044365463,139.23680332158128,138.77203458305326,139.09498044365463,797
139.50392527266715,139.5363699160469,139.36773190548456,139.50392527266715,315
139.6921300357159,140.01918808973022,139.5178882399093,139.6921300357159,142
139.24110425853715,139.42482755024176,139.12080195558318,139.24110425853715,460
138.80627271789982,138.83624832460424,138.70169846451697,138.80627271789982,724
139.3689901101072,139.59144860008556,139.21656907142966,139.3689901101072,842
138.77428416367354,138.86702877518496,138.74320956602995,138.77428416367354,513
139.59562064030152,139.82912080507765,139.27524958152458,139.59562064030152,517
139.14531027297758,139.17337351858703,139.04909073989194,139.14531027297758,721
139.46450623578178,139.8680675255404,139.16108556234516,139.46450623578178,749
139.30019699790728,139.32244166487544,139.1137647869342,139.30019699790728,716
139.60179071344845,139.66725582846294,139.35835728646913,139.60179071344845,415
139.32973371239135,139.4280816405426,139.0936700489941,139.32973371239135,996
139.2483372593552,139.40101587527158,139.1734746414459,139.2483372593552,751
139.26879684705307,139.36003051654907,139.213664130706,139.26879684705307,529
138.76770311916232,138.8682180740366,138.66151118973147,138.76770311916232,866
139.1381152918724,139.20389319120656,138.98353455912397,139.1381152918724,598
138.8815085086366,139.0253740290025,138.80906016908514,138.8815085086366,448
138.76720855096661,138.80114718256087,138.46447771607416,138.76720855096661,174
138.27003386366235,138.36642742907293,138.2195441526716,138.27003386366235,332
136.9888670342647,137.1407037434982,136.97910080930302,136.9888670342647,823
136.8933531529646,137.05761042977917,136.70666889962254,136.8933531529646,669
138.09966086377108,138.28876032470296,137.78592448000282,138.09966086377108,137
138.4919630077201,138.5078422839972,138.37058026566268,138.4919630077201,361
138.4823328178529,138.53933976627278,138.34396445705113,138.4823328178529,545
138.35088740324875,138.41216648866606,138.25341941804092,138.35088740324875,311
138.36212034965476,138.54186570445748,138.3618543340495,138.36212034965476,557
138.63567990724238,138.7572419032483,138.51020537320488,138.63567990724238,749
138.04527349958795,138.07239374756813,138.01471702616792,138.04527349958795,381
138.6024343469224,138.75963290946302,138.28205418996842,138.6024343469224,669
138.960125004643,139.19471854447585,138.91936749075964,138.960125004643,884
139.31921786749697,139.4239697257023,139.21830576104975,139.31921786749697,664
139.53845573690182,139.930392533293,139.41160516160753,139.53845573690182,305
139.5482640657488,139.61091240448752,139.2953346112915,139.5482640657488,104
139.88469468373222,140.09328033609395,139.6998352972706,139.88469468373222,934
140.1806017506029,140.2544121603209,139.9204593904845,140.1806017506029,718
140.0035813951324,140.08018123802907,139.87586446192068,140.0035813951324,342
139.71678050868394,139.80359420612058,139.5871257978494,139.71678050868394,247
139.76770865631494,139.776279905847,139.67239182691827,139.76770865631494,790
140.54221873206254,140.55707347010056,140.36075014285032,140.54221873206254,785
139.92266519423558,140.1049838695528,139.89198095513478,139.92266519423558,422
139.18890256135936,139.38691480750262,138.94897837103122,139.18890256135936,486
139.2712829819776,139.50250845540782,139.09192793307616,139.2712829819776,492
139.29672683290562,139.51847981198662,139.15099500469887,139.29672683290562,750
139.38339766509083,139.45686973492033,139.00439628637127,139.38339766509083,786
139.5053742640451,139.8259431134807,139.2798786922987,139.5053742640451,864
139.39377313672767,139.46429175614057,139.3717516195764,139.39377313672767,349
140.1387048560287,140.2788993205695,139.9116012469909,140.1387048560287,527
139.33825286679044,139.55292090216315,139.04711789529878,139.33825286679044,468
138.92400435440032,139.08694124185914,138.7837387343727,138.92400435440032,747
138.8723769743258,138.93461863216052,138.82226247651082,138.8723769743258,546
138.0507825687487,138.26899191218752,137.88572845970947,138.0507825687487,121
137.96285536653266,138.40436487966693,137.55920333586687,137.96285536653266,649
138.79359044939667,138.84615854928916,138.52070233762643,138.79359044939667,638
138.80403369354465,139.0396511672571,138.71433560737137,138.80403369354465,381
138.91938414640398,139.14421734335636,138.7397247721628,138.91938414640398,378
138.2893017638177,138.42934373332145,138.21999513445385,138.2893017638177,219
137.98112105979794,138.17115156580832,137.9530800345637,137.98112105979794,352
137.79352286963598,137.81473738491334,137.391517345087,137.79352286963598,970
137.63466532125787,137.77622364408887,137.38064809172184,137.63466532125787,576
138.27548721875976,138.40738630612745,138.23075127946066,138.27548721875976,164
138.55433274912232,138.5884296852617,138.5304492151439,138.55433274912232,685
137.9986037706538,138.08162203799887,137.77211914865603,137.9986037706538,402
138.1218561598698,138.26288589165742,137.87235681515614,138.1218561598698,416
138.3709670341182,138.41803046781513,138.14004898459635,138.3709670341182,273
138.94104155337882,138.95234308826468,138.89162425403816,138.94104155337882,999
139.73131189666302,140.0429818886914,139.53061658450616,139.73131189666302,514
139.22376480074908,139.35622602922274,139.02598021732067,139.22376480074908,359
138.81833604514392,138.95640641836917,138.54532515652983,138.81833604514392,384
138.18954711568662,138.20671989584616,137.80009576795376,138.18954711568662,172
138.07253718613313,138.08771694314908,138.0669372770942,138.07253718613313,178
138.3057163733563,138.32178028788132,138.09353952221636,138.3057163733563,143
138.79938363165084,139.30428548697233,138.5530099208195,138.79938363165084,844
138.76140811982958,138.83557849837177,138.50588715501837,138.76140811982958,102
138.60148435820216,139.0086648722231,138.573411776858,138.60148435820216,542
138.67736335432653,138.78592314866992,138.67608489031457,138.67736335432653,178
138.2597919035115,138.64626632101067,138.01260746880968,138.2597919035115,476
139.3045612643589,139.37052091576808,139.23327010704773,139.3045612643589,792
138.50073075079987,138.89819279674515,138.2271436735816,138.50073075079987,238
138.59310104024775,138.76741913446142,138.4752406790589,138.59310104024775,914
139.60490414986256,139.9090484557894,139.59398549664002,139.60490414986256,106
139.60830407214257,139.68513610773607,139.5326235709591,139.60830407214257,982
139.5132845546418,139.5133924271676,139.2556624086283,139.5132845546418,977
139.3345618432366,139.39515430473634,139.27453072319204,139.3345618432366,935
139.2443660023554,139.26527628006912,139.16142042608615,139.2443660023554,824
139.93079023969366,140.20964978973456,139.86724489945175,139.93079023969366,612
138.82485928402892,138.92756355787986,138.79145568840553,138.82485928402892,795
139.59157613467707,139.97602104673095,139.4331641142612,139.59157613467707,862
138.879597558452,138.9614400741733,138.782682249751,138.879597558452,826
138.74627139383477,138.83145631369828,138.37418909339547,138.74627139383477,176
138.53164918368543,138.8172626189065,138.33343060836583,138.53164918368543,142
138.8259258185708,139.00753921272278,138.63871931596117,138.8259258185708,256
138.0268636426289,138.11747157394333,137.80548023202587,138.0268636426289,629
138.25794997566987,138.47257358102974,138.24932666664714,138.25794997566987,954
139.2701047873133,139.3222780222577,139.2096506847224,139.2701047873133,319
138.5885177850169,138.7484952429581,138.48235050387396,138.5885177850169,684
138.6833708688221,138.82490651762754,138.57563233252847,138.6833708688221,289
138.35237977992378,138.45368665820095,138.27417451637066,138.35237977992378,974
138.56532338302029,138.69701810207255,138.28201531282167,138.56532338302029,361
138.57489727172816,138.6096819741232,138.57436165421655,138.57489727172816,243
138.254153817206,138.42382937798243,138.06056124931365,138.254153817206,584
138.49808995964153,138.50157575023314,138.30653328826094,138.49808995964153,740
139.4002640145349,139.4664367207483,139.35008717861845,139.4002640145349,377
139.30481211867126,139.64056888014863,139.25724053186568,139.30481211867126,913
139.66469108974536,139.92663748461888,139.56789505735213,139.66469108974536,801
139.01805461080977,139.11435613700803,138.99322289004033,139.01805461080977,762
138.53983642240075,138.83608374072548,138.37146175221733,138.53983642240075,406
138.77603956134095,138.9278091145087,138.6912513014288,138.77603956134095,995
139.51809757560892,139.68468666417394,139.371315999236,139.51809757560892,706
139.69590425000175,139.8134432303753,139.46668585791113,139.69590425000175,649
139.53937523474016,139.79904213269523,139.44622455612466,139.53937523474016,255
139.53902093745185,139.75651657107431,139.41952836587558,139.53902093745185,399
138.913817070467,139.19100240366103,138.73876078513996,138.913817070467,446
139.21607473364466,139.2173415617377,139.17749165942638,139.21607473364466,522
139.65724126480637,140.08947368552072,139.5749999026922,139.65724126480637,525
139.43119609838982,139.67732525922543,139.16677251010108,139.43119609838982,141
139.19617502451007,139.44031806360917,139.09104703996465,139.19617502451007,415
139.3291141393361,139.415784250353,139.06535820230675,139.3291141393361,737
139.1107542713158,139.1849083906479,138.59772345959587,139.1107542713158,924
139.0776879640029,139.09215745903305,139.00039872729928,139.0776879640029,176
140.12754885858615,140.13795298867407,140.11737292825737,140.12754885858615,195
140.00403600821315,140.029470792052,139.82007388558296,140.00403600821315,362
139.82486593220253,139.9365123535782,139.4490945494539,139.82486593220253,918
139.50109502938494,139.53562029998665,139.46570317943699,139.50109502938494,836
139.87319101513492,140.06182967583047,139.40312319110407,139.87319101513492,722
139.78257892852588,139.87176848395094,139.5284164825945,139.78257892852588,849
139.45789240936517,139.57928509853969,139.2345795555424,139.45789240936517,304
140.11854442550168,140.38556695906252,140.0694238620901,140.11854442550168,387
140.8283459277585,141.099997324983,140.75644129570244,140.8283459277585,362
140.52813414488915,140.54656730705344,140.04338468123356,140.52813414488915,687
139.59486416920885,139.78824764942394,139.44236205305606,139.59486416920885,754
140.0986210141273,140.24323563510973,139.98275290021215,140.0986210141273,414
139.7563061012473,139.81821723060074,139.61596063192812,139.7563061012473,468
140.15161890082868,140.2602868202285,140.08696751021895,140.15161890082868,696
139.16656699197276,139.33867176556902,139.09516609408254,139.16656699197276,351
139.6128656611224,139.6273612050412,139.46933854272808,139.6128656611224,432
139.00727969648202,139.03858046252387,139.0045052820468,139.00727969648202,843
139.37266175601528,139.48300932638173,139.26100623677365,139.37266175601528,525
139.3797982899335,139.84013326034363,139.35973369878226,139.3797982899335,394
138.90282858023517,139.05544985092425,138.60539301732516,138.90282858023517,930
138.69931042377178,138.90029648258536,138.65649886964536,138.69931042377178,741
139.04246965225013,139.12102985562638,138.8232105343129,139.04246965225013,384
139.09541687880775,139.3127441165848,138.9671270151082,139.09541687880775,416
139.387623369044,139.40818621767502,139.3589436004373,139.387623369044,611
140.37584366130176,140.50566233817926,140.05504413835078,140.37584366130176,128
139.59372285544623,139.77782477045938,139.4292413799918,139.59372285544623,839
140.40232914293054,140.71478216506156,140.28853626596327,140.40232914293054,393
140.45450711169215,141.04355636967918,140.17187154331899,140.45450711169215,106
140.00511508753058,140.0552179282817,139.64954165947483,140.00511508753058,641
139.3399582746611,139.47257670942616,139.09907668343496,139.3399582746611,314
139.24539807927258,139.33597294463155,139.14649266238212,139.24539807927258,726
139.7062231352348,139.75946572531612,139.54878119767778,139.7062231352348,314
139.64244857504605,139.82764180101648,139.60206059437894,139.64244857504605,263
140.39802604016973,140.65745889944287,140.1085335887643,140.39802604016973,269
139.67243819514394,140.14610510362402,139.27200965017747,139.67243819514394,320
139.6663937212209,139.837603340176,139.5745266964104,139.6663937212209,359
139.04019699901434,139.37699780257358,139.01338724571391,139.04019699901434,823
139.22201294032683,139.36381872078982,139.20312749545613,139.22201294032683,360
139.66545663537548,139.82867284419825,139.5425085121519,139.66545663537548,913
139.45507573853496,139.69034454976924,139.20028639263998,139.45507573853496,942
138.15296881022138,138.40741633566776,137.8539408785246,138.15296881022138,741
138.25244288361964,138.39504805370623,138.024790456628,138.25244288361964,716
138.4708121594864,138.86028013401878,138.37348496825743,138.4708121594864,665
138.67295953696726,138.69082671006146,138.44063005983983,138.67295953696726,719
139.29085063287835,139.513260001299,139.05078654243889,139.29085063287835,571
138.75532379305383,138.86562693907442,138.7306528346124,138.75532379305383,926
139.09543184577905,139.39681630560665,138.88472732171584,139.09543184577905,900
139.69168560201803,139.72092856129353,139.6650687164339,139.69168560201803,354
138.80239181001477,138.92333558334187,138.6624204980832,138.80239181001477,377
138.96221772297426,139.0881293961874,138.78988498229972,138.96221772297426,658
138.71012780747043,138.88719309391405,138.28966672920143,138.71012780747043,745
138.6693664709196,138.82389384885025,138.64145384035535,138.6693664709196,123
138.8432047126888,139.24740517686405,138.5937667142662,138.8432047126888,532
138.59959043063202,138.63357937284232,138.5659419899259,138.59959043063202,728
138.26173639105122,138.29391737870654,138.1593154113815,138.26173639105122,850
138.27881259979523,138.51648953394326,138.23751098805525,138.27881259979523,577
137.73518963036383,137.77394937311726,137.70525455556117,137.73518963036383,593
137.19227706592125,137.39769112605006,137.15355141573758,137.19227706592125,481
137.53196370739948,137.57507729608326,137.3864118471012,137.53196370739948,918
136.95756668982017,137.01120007978457,136.7090273939655,136.95756668982017,473
137.29072294027478,137.34538519019182,136.92124292810365,137.29072294027478,652
137.52201858670176,137.76288455213756,137.47670036299633,137.52201858670176,861
136.65911522230647,137.07043238644798,136.4918690270243,136.65911522230647,422
136.32033289613864,136.4145028621631,136.22497838553812,136.32033289613864,188
136.91738759766233,137.0486108380344,136.7224204823566,136.91738759766233,191
136.42680483209247,136.58064788753828,136.26515573349488,136.42680483209247,476
136.19460270093776,136.22252172636092,135.99324418907244,136.19460270093776,180
136.4256331475637,136.54699215257563,136.30578762143082,136.4256331475637,741
136.817328402205,136.86649224656827,136.6693436565019,136.817328402205,702
136.69155895918274,136.97508691062822,136.64053434155807,136.69155895918274,199
136.3928038618369,136.45925840208693,136.3399435790217,136.3928038618369,689
137.10398879268615,137.22649897315696,136.63031009903906,137.10398879268615,654
137.97343862458493,138.06578763285415,137.91078837262458,137.97343862458493,222
138.46286764997583,138.72366828554317,138.30063884702574,138.46286764997583,899
138.50552672125835,138.73081346460756,138.21349666884507,138.50552672125835,495
138.1013938604379,138.42179239136058,138.04622331751034,138.1013938604379,122
137.6861716571596,137.8817722523593,137.66235448867414,137.6861716571596,755
137.9474287097925,138.20153455462193,137.50528880431438,137.9474287097925,869
138.15662782023682,138.22555478763846,138.01385698817822,138.15662782023682,618
138.85742711671003,138.98467848370723,138.79795660814452,138.85742711671003,376
139.1826521629781,139.33836957234044,139.07618102892485,139.1826521629781,797
138.43111201209817,138.5599249966896,138.237387254957,138.43111201209817,194
138.95708582095963,139.00249843158846,138.64541453201554,138.95708582095963,481
138.45805550730242,138.4734998496221,138.32267894327177,138.45805550730242,476
138.26606987132624,138.52509958016532,138.08329192302105,138.26606987132624,124
138.39116997445208,138.47215824521516,138.19987067928378,138.39116997445208,390
139.38900371934406,139.55673524684818,139.07583244241317,139.38900371934406,326
140.94396299734674,141.08014476317388,140.88105243817526,140.94396299734674,272
141.24732452691484,141.38372318676568,141.11357370321053,141.24732452691484,746
141.15572621755464,141.36407278808556,140.87449772915807,141.15572621755464,552
141.42297904179492,141.5333150882461,141.34020549680017,141.42297904179492,387
141.86680675473184,142.24618450430626,141.6858111563517,141.86680675473184,920
141.70647294195325,142.03347437509953,141.52232284832047,141.70647294195325,168
142.60407861990942,142.69228578687958,142.5014659513067,142.60407861990942,380
142.7191139995051,142.8868301314014,142.48862510588333,142.7191139995051,962
142.9679855440508,143.22998304639717,142.82314128128462,142.9679855440508,441
143.30094767007805,143.378424019081,143.22480818495472,143.30094767007805,969
143.51174097538527,143.6623836646685,143.49725994592168,143.51174097538527,432
143.93121122562007,144.29654064148247,143.7299355706593,143.93121122562007,842
143.62258463234662,143.70607403922878,143.48442816705048,143.62258463234662,485
143.3434337553736,143.57717831421985,143.33315536157863,143.3434337553736,441
142.79335663888776,142.84241813612533,142.74122686890877,142.79335663888776,416
143.01310725419788,143.1376610792434,142.6584364472764,143.01310725419788,406
143.40257550595393,143.56724687184936,143.14417598072873,143.40257550595393,869
143.6314619390299,144.02738079420038,143.54204261945677,143.6314619390299,272
144.46870815570367,144.55139591617896,144.15774010761842,144.46870815570367,643
144.46591014628913,144.6558502231447,144.42668828786276,144.46591014628913,299
144.80028097408538,144.8551746412127,144.39522413236108,144.80028097408538,691
144.25443053601572,144.4937335456459,144.13316622934246,144.25443053601572,964
144.0608806847785,144.546905159924,143.77447675853435,144.0608806847785,174
144.4086495635614,144.4818057126218,144.28576646750915,144.4086495635614,875
144.83320061893298,144.84751775751175,144.7993736267986,144.83320061893298,696
144.6862171451009,144.86300173506658,144.51146056767922,144.6862171451009,316
144.65041751917187,144.67903450657747,144.57500535573547,144.65041751917187,732
143.89148064583145,143.99275799527803,143.61809281411502,143.89148064583145,631
143.71296604542815,143.8471034795734,143.71182178920833,143.71296604542815,548
144.15815762718805,144.6293414121745,144.11067523738586,144.15815762718805,760
144.44576013524133,144.70861715480297,144.24493825380011,144.44576013524133,106
144.69609299593193,144.7570175256029,144.30804213723556,144.69609299593193,988
144.7209798395224,144.8354144657299,144.70827718726633,144.7209798395224,989
144.7245114188365,144.8223582215465,144.5611632456119,144.7245114188365,492
144.39435084909977,144.4887248386751,144.06844298910673,144.39435084909977,697
144.74376505920102,144.82044864759482,144.7317764813216,144.74376505920102,485
144.95425153139573,145.0197782188577,144.90215382483305,144.95425153139573,600
145.20026095539214,145.34592680907647,145.04365277393484,145.20026095539214,246
144.93724353405835,145.0908823596795,144.90856948106395,144.93724353405835,415
143.86057207412273,144.04466983167063,143.62182831766899,143.86057207412273,553
144.4091484299996,144.5791557090375,144.07500477076408,144.4091484299996,286
144.16972970199538,144.21130034962292,144.08260472609393,144.16972970199538,424
143.7383418199738,143.74735071566485,143.68752007765414,143.7383418199738,912
144.0850812759308,144.2164233558861,144.05215356964086,144.0850812759308,417
143.88907495597124,144.16018332820406,143.7942665646589,143.88907495597124,493
144.41904314799456,144.54857369927018,144.13327182521587,144.41904314799456,478
144.7275461227829,144.7935474965079,144.69600727879035,144.7275461227829,804
145.06933078438314,145.5431356466994,144.97930608972436,145.06933078438314,893
144.38635292878288,144.42582395984982,144.28489293165694,144.38635292878288,573
144.9923249214761,145.1771963950813,144.84428853655484,144.9923249214761,799
145.12295018709304,145.23639376817982,145.0020098160736,145.12295018709304,117
144.93831161746994,145.03755279261824,144.6057373977571,144.93831161746994,926
145.01000585114107,145.01939311082413,144.76382343296464,145.01000585114107,248
144.1218882346919,144.23312114857632,143.46277599869845,144.1218882346919,657
144.32621464043226,144.3559667870994,144.0948622439394,144.32621464043226,111
143.81152888634122,144.11955045109002,143.79679848108967,143.81152888634122,841
143.13519374341945,143.3288935039444,142.99355733083965,143.13519374341945,561
142.3740141503105,142.47817301144906,142.17257920316897,142.3740141503105,724
142.93035833780547,143.02893532028222,142.74053481214946,142.93035833780547,259
142.61572664095908,142.76571431954804,142.4797394520074,142.61572664095908,838
143.38259049591733,143.71996588619194,143.15716397918095,143.38259049591733,794
143.1146897643912,143.16516046078937,142.84376983217666,143.1146897643912,666
142.26101078559472,142.3777530695595,142.05293475542595,142.26101078559472,365
141.7027485656204,141.85083280842994,141.63806979460725,141.7027485656204,646
142.32065437562386,142.45463127366702,142.3106363459097,142.32065437562386,179
142.24270528665554,142.30167142449747,142.13153399634515,142.24270528665554,617
141.96856163841022,142.007706634227,141.9552876705682,141.96856163841022,738
142.04857075133663,142.15616594530192,141.78723488520768,142.04857075133663,167
142.2994621194204,142.49003432753767,142.2005739347217,142.2994621194204,801
142.85816152737164,143.02709698003028,142.65722367159665,142.85816152737164,343
143.5824111423181,143.59475807761018,143.45308828192032,143.5824111423181,108
143.40252681942357,143.43716634796533,143.16934281883218,143.40252681942357,256
142.73950297638254,143.10462601209548,142.60200765110184,142.73950297638254,682
142.5327703958209,142.62379967201082,142.46049206770732,142.5327703958209,563
142.66291064911235,142.81745632469622,142.52802968890097,142.66291064911235,745
142.18103118600703,142.1964882335003,142.14583173558157,142.18103118600703,399
141.7024557285595,142.1773489852163,141.69845546412932,141.7024557285595,419
141.87434966933444,142.01093669059748,141.49721591232338,141.87434966933444,348
141.8500234935492,141.92224092622658,141.48262686130417,141.8500234935492,422
141.86642199125498,141.94543537248043,141.65874646271487,141.86642199125498,655
141.48717432390495,141.50241184616314,141.27093662829716,141.48717432390495,727
141.37197396680207,141.43771892939534,141.01784350481762,141.37197396680207,561
140.9098573946679,141.19121950358888,140.76595349209072,140.9098573946679,497
141.3549566002303,141.4642662594776,141.21740276747096,141.3549566002303,492
141.87258126759218,141.892105406747,141.75425178788902,141.87258126759218,327
140.94948733647314,141.19520175288554,140.88288674207587,140.94948733647314,668
140.48473190637694,140.92518056105152,140.14022094080087,140.48473190637694,343
139.7364672788319,140.00356205840203,139.5771621637998,139.7364672788319,156
139.41145531162846,139.566531117563,139.31911556851094,139.41145531162846,242
139.3697363267333,139.50889824885851,139.24125624222387,139.3697363267333,291
138.64491371688402,138.6767794323859,138.30993043730038,138.64491371688402,618
138.18398381032137,138.54089558809207,138.09298206117714,138.18398381032137,503
137.6820051242806,137.71508993471699,137.46464151826683,137.6820051242806,374
137.78563878898007,138.05114028708755,137.6966221318554,137.78563878898007,745
137.82031095749818,137.92054638488878,137.39719867467446,137.82031095749818,138
137.45944218082954,137.61085338119344,137.2036070253599,137.45944218082954,292
137.54785261689923,137.68584067227846,137.40087322839156,137.54785261689923,426
137.2745125746056,137.31455590790395,137.10063313958986,137.2745125746056,582
137.1386850194426,137.2753679541546,136.7899282900935,137.1386850194426,124
137.97541106459187,138.43004550510125,137.6729199194224,137.97541106459187,201
138.64564159048703,138.66640743749358,138.49098637346478,138.64564159048703,762
137.99585097202322,138.16798805629693,137.89396318317918,137.99585097202322,316
138.41071718096282,138.57728983599372,138.2701617477644,138.41071718096282,841
138.8164154582086,138.98368316550787,138.62702802181758,138.8164154582086,366
138.2422838138323,138.615573444385,138.20632414333124,138.2422838138323,261
138.65167263570973,138.96965175467187,138.5553244291922,138.65167263570973,386
139.420638594916,139.56466939032032,139.40545839033913,139.420638594916,777
138.85936619179378,138.9075748473662,138.8403577910552,138.85936619179378,985
138.40061478128666,138.52139818958335,138.2112579685374,138.40061478128666,981
138.9094455147084,139.2118591045367,138.54701739724686,138.9094455147084,346
139.04519317012122,139.07597272491836,138.75251444442017,139.04519317012122,273
139.32093130774098,139.42881726649665,139.23848051293405,139.32093130774098,495
139.49122591594121,139.52583944565532,139.41589459751975,139.49122591594121,108
139.68657387640528,139.94338993171374,139.4557026191748,139.68657387640528,547
139.02333781224974,139.0573723185299,138.7457198057739,139.02333781224974,887
139.54699666556047,139.73797048187728,139.5195189456771,139.54699666556047,670
140.13179166177434,140.4399432234374,140.0257128005894,140.13179166177434,696
140.01709628974032,140.26135576666138,139.6641215476498,140.01709628974032,761
139.9953578148334,140.16823611431474,139.98232246144894,139.9953578148334,420
139.22980406355555,139.2939289588169,139.0165173685425,139.22980406355555,671
139.48693144156448,139.60843562354862,139.4100378190246,139.48693144156448,224
139.77296016242155,139.91615360705833,139.51203096269867,139.77296016242155,140
139.7418646539219,139.75887382596196,139.66750129172297,139.7418646539219,436
140.30404133385716,140.35193235261028,140.09115009222904,140.30404133385716,784
140.1370027183672,140.19162914711106,140.1127944199537,140.1370027183672,871
140.419305681314,140.68917046687613,140.09511367142326,140.419305681314,425
139.90947351196795,140.21707676834026,139.7051433449564,139.90947351196795,784
139.89769743653082,140.21970177111263,139.54243764421767,139.89769743653082,285
139.8105203075794,139.87603885380798,139.5013293519948,139.8105203075794,340
139.92317426859987,140.07854668832414,139.88750659110093,139.92317426859987,438
139.7384108041832,139.7880610269554,139.6880537550481,139.7384108041832,193
139.67267450634736,139.7345301833727,139.58822500659568,139.67267450634736,515
140.08569809206813,140.12824207545432,140.07247018165884,140.08569809206813,162
139.86731597344902,139.91340794957455,139.51530722042205,139.86731597344902,832
139.0640274230797,139.19862146428608,139.05099375486304,139.0640274230797,619
139.9388193751824,139.99773473529046,139.7318857548318,139.9388193751824,824
140.62954641452762,140.75891367536116,140.4721555017087,140.62954641452762,308
139.98341506697483,140.1092549883689,139.72484032053393,139.98341506697483,308
140.32826896959742,140.61621002892102,140.2943228721403,140.32826896959742,475
140.07678158432174,140.24756564382588,139.65211748166553,140.07678158432174,184
140.20852519198726,140.60093886436698,140.1076550211992,140.20852519198726,306
140.35563725649402,140.51403797131306,140.22071315162268,140.35563725649402,446
140.23843335633586,140.47710911882461,140.20431824004046,140.23843335633586,764
139.84655052354267,139.91053609591162,139.75284653769066,139.84655052354267,260
139.50127999738456,139.52335294924293,139.34253908148412,139.50127999738456,549
139.04318403964393,139.08230268701377,138.94652736078442,139.04318403964393,215
138.6272729355287,138.90908212881112,138.34087100125498,138.6272729355287,461
138.59368379050403,138.7035091256157,138.56636005220852,138.59368379050403,350
138.23580379594864,138.34180238228933,137.9701887893977,138.23580379594864,282
138.57682982880496,138.66172501232333,138.27448052118731,138.57682982880496,775
139.32045290647292,139.42097020925405,138.87909192006202,139.32045290647292,427
139.0304262857879,139.20537421010397,138.98575941190109,139.0304262857879,691
139.1501285360556,139.21175806194623,139.06321283586252,139.1501285360556,106
139.39997109120708,139.7586017916979,139.24569564593915,139.39997109120708,936
139.63597222666672,139.64563616241358,139.57177503281244,139.63597222666672,698
139.67394986062476,139.98135506085035,139.38208393030445,139.67394986062476,619
140.04529106980462,140.4821371901556,139.91483843305588,140.04529106980462,486
140.28641554614495,140.47954912891439,140.19469819015524,140.28641554614495,469
139.6675843349813,139.69995728805287,139.38643507980325,139.6675843349813,647
140.10216236717596,140.1538029141162,139.6975891435026,140.10216236717596,862
140.54580778580933,140.60353941794517,140.49210059976042,140.54580778580933,711
140.16416473372004,140.22217081401328,140.0816059648496,140.16416473372004,178
140.18313365144385,140.26749910867602,140.12355882678662,140.18313365144385,897
140.5247981478494,140.83004133960864,140.42279051294653,140.5247981478494,882
140.42014123805973,140.5736430544232,140.32836020523501,140.42014123805973,320
140.95663026194273,141.25233303765745,140.4671312334728,140.95663026194273,807
142.13856650925243,142.34789033087114,142.1189733628331,142.13856650925243,837
141.74557349293494,141.80904601958602,141.7175977568138,141.74557349293494,698
141.05505119135805,141.0861004017697,140.95731888390594,141.05505119135805,669
141.20696048916048,141.27717874749584,141.10233173987217,141.20696048916048,511
141.56774174172355,141.84298813585067,141.41353447889534,141.56774174172355,578
141.45230855480116,141.49646638475957,141.45075356591056,141.45230855480116,781
142.17893888646168,142.2600395597725,141.85646526284359,142.17893888646168,196
141.50963598660005,141.61643214608378,141.48095134909312,141.50963598660005,757
141.85609529811586,142.21173584362904,141.48373144621152,141.85609529811586,492
141.55316488773641,141.60053529756084,141.32900115797025,141.55316488773641,567
142.41285384084006,142.43969337869714,142.27599984970792,142.41285384084006,969
143.40911151742412,143.5931832406855,143.2238743421393,143.40911151742412,470
143.02578322353244,143.23719502580377,142.89355562086484,143.02578322353244,492
142.75100465557816,142.9634527190468,142.7287018107274,142.75100465557816,117
143.18079859906805,143.2079732087408,142.97899655285107,143.18079859906805,283
142.9872332741733,143.0458647192379,142.58265804272747,142.9872332741733,242
142.96452766520719,143.2352179775024,142.9012405285219,142.96452766520719,562
142.9772218754784,142.97933316245457,142.81836550605138,142.9772218754784,606
142.01738529737958,142.20461601620522,141.79839138344036,142.01738529737958,433
142.01046642433246,142.15058550378788,142.0076596775561,142.01046642433246,161
141.66560253730037,141.6902940485342,141.5256859980009,141.66560253730037,262
141.4190411261005,141.6369438077552,141.0594733794824,141.4190411261005,651
142.1408571278349,142.42777330001576,142.0255678293143,142.1408571278349,278
141.51260368069526,141.5339047609791,140.78158637767444,141.51260368069526,334
141.91920627406924,142.02774564884976,141.82192792031105,141.91920627406924,991
141.77972480890332,141.96357702723958,141.50290701050085,141.77972480890332,159
141.6398447246554,141.7890160282751,141.47988513711135,141.6398447246554,327
142.03503067268127,142.07195287156867,142.00608419289756,142.03503067268127,338
142.2050563199657,142.43659890475396,142.1342466182482,142.2050563199657,667
142.49036281857548,142.59250992849692,142.43808967015275,142.49036281857548,845
142.9744551488419,143.17804503806894,142.75888053352895,142.9744551488419,183
142.80880095725024,142.96049374183642,142.68148128174852,142.80880095725024,814
142.50268258999637,142.6985657376394,142.38773320417127,142.50268258999637,140
141.96010732671746,141.98780753110546,141.9198088620908,141.96010732671746,537
141.54740206172798,141.78144052854208,141.2900422911828,141.54740206172798,628
143.02194927438234,143.02295744842704,142.95869396574415,143.02194927438234,204
143.64428906475072,143.73293280323625,143.58622841100367,143.64428906475072,636
142.9687518816467,143.27387486765576,142.5876372110522,142.9687518816467,481
142.30752290327493,142.4179478202209,142.0962900945129,142.30752290327493,192
142.54845593413418,142.7045368553199,142.53307078297834,142.54845593413418,314
142.82208833282317,142.84559185665478,142.23536719158892,142.82208833282317,795
143.09653025048186,143.16737397366518,143.01542371212938,143.09653025048186,316
142.96905235370502,143.13668779762492,142.95133672782168,142.96905235370502,588
142.90632522370356,142.93777250210928,142.79702423298187,142.90632522370356,250
143.07026498578324,143.08205025668784,142.8498849911855,143.07026498578324,473
143.1132114889299,143.21036091842097,143.04150194615406,143.1132114889299,869
142.00356130255614,142.42494933900878,141.9966290161447,142.00356130255614,912
141.88866148726854,142.06635087334024,141.82792384933316,141.88866148726854,730
141.4629582701384,141.4806794914081,141.2284374783898,141.4629582701384,548
141.55056397959265,141.5512035777157,141.3698142360105,141.55056397959265,521
143.04319348089436,143.14816537295926,142.98821305827792,143.04319348089436,745
143.22693431363152,143.41693345433546,142.9360014553545,143.22693431363152,306
143.07016947054532,143.18071962795858,142.92884511935407,143.07016947054532,874
143.53107022153395,143.68550001427633,143.4716930249955,143.53107022153395,933
143.77241416513857,143.90308784189776,143.3033532524442,143.77241416513857,801
143.9824614103645,144.19670038193829,143.88758319733327,143.9824614103645,769
144.28588670697232,144.55252881924832,144.1846472116438,144.28588670697232,576
145.3141584893871,145.46456776611086,145.1536335373714,145.3141584893871,687
144.74871427172414,144.75281461759766,144.63509556140593,144.74871427172414,663
144.98553031012986,144.98559403242288,144.67254712529785,144.98553031012986,325
144.52233974513908,144.633796007062,144.24786695608606,144.52233974513908,705
144.8000960683102,144.85411295057978,144.579484215484,144.8000960683102,903
144.34075281256716,144.55837130520888,143.8504102875677,144.34075281256716,902
144.1320694057646,144.27270069821577,144.03420293067217,144.1320694057646,933
143.98452444864566,144.29120286642942,143.5578715123333,143.98452444864566,789
144.47243280831802,144.61307645928937,144.198698594614,144.47243280831802,486
144.93166003028924,144.996533225138,144.72656131303597,144.93166003028924,205
144.30880134206603,144.53284110235427,144.20885608746912,144.30880134206603,175
144.33626839756596,144.48294667174878,144.16871915245494,144.33626839756596,615
143.98147847019138,144.1532993250014,143.78787392885613,143.98147847019138,922
143.3522260148537,143.49713246866054,143.25267698639746,143.3522260148537,286
143.2437174896415,143.30845404044976,142.9819487212409,143.2437174896415,631
143.0894760954136,143.14278555626976,143.07929254934575,143.0894760954136,374
144.30283433858636,144.43299306960006,144.25822828706933,144.30283433858636,747
144.5193142512667,144.6709470151667,144.4249453270356,144.5193142512667,638
143.8305055008896,143.87626236967347,143.77499470685763,143.8305055008896,747
143.54811849880412,143.58165680577602,143.48219339256917,143.54811849880412,117
144.05881014651882,144.1220694537918,143.87680485721006,144.05881014651882,384
145.1030315329538,145.33476493762205,145.0240372766157,145.1030315329538,401
144.31003987683482,144.41165741971898,144.2565974720959,144.31003987683482,598
143.3700776842653,143.68824685563706,143.23008150422464,143.3700776842653,998
144.3055602719512,144.410305825034,144.1480852443064,144.3055602719512,749
144.50036736063666,144.62147615715378,144.34496911829794,144.50036736063666,843
144.06622099469848,144.15316798832333,143.97488747671753,144.06622099469848,951
144.3335355377597,144.63257505522034,144.31912536772236,144.3335355377597,356
143.01566166825125,143.01727502013347,142.7407993441204,143.01566166825125,318
143.01734942154982,143.01889115184628,142.97879260600496,143.01734942154982,743
143.18126000797136,143.405589255278,143.07560234147644,143.18126000797136,456
143.64339507774028,143.93363892099228,143.58386657054098,143.64339507774028,355
143.136447101594,143.1539578108847,143.12074917671873,143.136447101594,707
143.1792906822957,143.22590612070584,143.16951523559177,143.1792906822957,373
142.7165783692659,142.80003144233038,142.65791712206249,142.7165783692659,433
142.84427024710305,142.86095239405236,142.7850767324934,142.84427024710305,912
142.39659708592154,142.6171523606856,142.1285971088263,142.39659708592154,467
142.19254666634143,142.27951078891465,142.117913418641,142.19254666634143,114
141.69463896894632,141.8013039750692,141.35319074190525,141.69463896894632,278
142.02020708985816,142.09020110592843,141.47164776898416,142.02020708985816,544
142.4494326481865,142.78382714254502,142.38395890999774,142.4494326481865,871
142.3321223632078,142.4266608187525,142.0694884057895,142.3321223632078,502
142.3512413606878,142.56527305338918,142.07028319229585,142.3512413606878,187
141.62694565337102,141.68037291266336,141.43790279092096,141.62694565337102,193
141.47710732936764,141.54087481004373,141.43750188544817,141.47710732936764,944
141.45200502084677,141.78375994586398,141.3946680568719,141.45200502084677,494
142.76240156636175,142.9142041604782,142.50749952450076,142.76240156636175,127
142.20641805347466,142.42885531373037,141.808388498711,142.20641805347466,796
142.93850667285088,143.25034313094736,142.76814547321433,142.93850667285088,174
143.4369360595838,143.44669131248392,143.3861558670356,143.4369360595838,153
143.57725426182884,143.82653296153669,143.5574569644208,143.57725426182884,420
144.45656450392642,144.68496171806495,144.43507655295903,144.45656450392642,658
144.64261724022984,144.7122362985873,144.51124258377115,144.64261724022984,859
144.8371968380638,144.91545681604347,144.55832902765286,144.8371968380638,333
144.810636511555,144.82996729347863,144.62058065485735,144.810636511555,729
145.42242095276433,145.74497699930373,145.35801151189918,145.42242095276433,871
145.97065556966976,146.1105043825156,145.8907449584704,145.97065556966976,329
145.65781692592165,145.6698094974608,145.44496175155277,145.65781692592165,901
144.99819332862228,145.2821622260969,144.90529960206678,144.99819332862228,852
144.89670300992444,144.95080570501773,144.58262464185688,144.89670300992444,431
144.4966837277256,144.8180042747972,144.47443954462892,144.4966837277256,793
144.46492144041792,144.56599924276435,144.21896513502338,144.46492144041792,571
145.08364050775998,145.31624107931668,145.06087644252327,145.08364050775998,416
144.8549896802166,145.13635118596318,144.8406830438084,144.8549896802166,200
144.8335779895608,144.9981515105604,144.58849377726906,144.8335779895608,347
144.862589356965,145.45649125851415,144.4238043266041,144.862589356965,579
145.28680479806764,145.58027999573318,144.97473143456665,145.28680479806764,960
144.16336013107534,144.32268264500092,143.98793320719977,144.16336013107534,969
143.8600099836927,143.864012744693,143.74215329710117,143.8600099836927,724
143.96565182983244,144.11638068615912,143.86426209178052,143.96565182983244,320
144.56569130804587,144.72242340289122,144.50664535982477,144.56569130804587,438
144.31974008429276,144.408207336288,144.13713024749342,144.31974008429276,247
143.38146373127182,143.63189553866505,143.30630730453487,143.38146373127182,998
143.69131945425488,143.71591324358175,143.60330932211616,143.69131945425488,395
143.37363825984207,143.44698179355728,142.98146923154843,143.37363825984207,808
142.7788049302969,142.84817772788182,142.77105720845856,142.7788049302969,506
142.4666322354403,142.63830688183472,142.38365725562247,142.4666322354403,680
142.37436955661238,142.4474057646729,142.3576275851846,142.37436955661238,577
142.07199722434328,142.13025395748133,142.00038745657196,142.07199722434328,899
140.96921419579374,141.1282610456452,140.70086974712248,140.96921419579374,123
141.4177472942373,141.82795777580807,141.26257443312525,141.4177472942373,980
142.05518481487667,142.1171985796517,141.8481971822439,142.05518481487667,982
142.38094581054642,142.42465958832116,142.38083147741727,142.38094581054642,285
141.812102975334,142.14586459159415,141.74412717907103,141.812102975334,269
141.71135720836025,142.01707480481298,141.60205297621854,141.71135720836025,902
141.70809655074552,142.01953387722088,141.70419774609016,141.70809655074552,643
142.0074937455265,142.02257557131142,141.54709130949945,142.0074937455265,537
142.34166398988552,142.43946189601752,142.17246160220137,142.34166398988552,400
141.97457709049627,142.30976084801816,141.6129905227058,141.97457709049627,787
142.01557486870306,142.12772712230418,141.80257135886012,142.01557486870306,463
142.24421507101067,142.32428872890318,142.05614863350877,142.24421507101067,953
142.97212623208407,143.02058446924454,142.88395025243656,142.97212623208407,276
143.32437950199642,143.42107512899528,143.02960364389506,143.32437950199642,901
143.71890784568419,143.72460567058627,143.7184883822076,143.71890784568419,243
143.76082115964886,143.9039237128734,143.51495755548635,143.76082115964886,622
144.4660507322506,144.4749641121357,144.42432728492304,144.4660507322506,580
144.67093213023037,145.13811826964138,144.464945714168,144.67093213023037,591
144.24038817514358,144.3261960886571,144.10661891656983,144.24038817514358,585
144.94207316020618,144.9664206109629,144.8812649403755,144.94207316020618,758
145.29102479647568,145.35826554380904,145.10515987882735,145.29102479647568,959
145.06950278591145,145.1134544026995,144.91392164107654,145.06950278591145,584
144.82975630221182,145.1164690868049,144.81484950216736,144.82975630221182,921
144.9780440747822,145.36389807410646,144.93503691235475,144.9780440747822,536
145.20963647241598,145.2301899647135,144.9248404056518,145.20963647241598,294
145.3082826052316,145.33745149182604,145.22900626072973,145.3082826052316,565
145.46393694195305,145.65701618397964,145.38755016932677,145.46393694195305,175
146.31391562924125,146.3187049057311,146.16986332453072,146.31391562924125,259
146.8496872053587,147.12707918341334,146.6935877012211,146.8496872053587,589
146.94500500099122,147.15218824287763,146.8360967648002,146.94500500099122,199
147.41566029137496,147.58654784160308,147.29283075256743,147.41566029137496,215
146.8993983396112,147.00867812994466,146.73200713167142,146.8993983396112,479
147.0983618645846,147.17007037009714,146.83360945201755,147.0983618645846,694
148.00301503945116,148.2930476728585,147.84318779927986,148.00301503945116,923
147.89399209175497,147.93419984612828,147.82344217002986,147.89399209175497,162
147.47017512744543,147.51734942035216,147.43265329851658,147.47017512744543,231
147.1441306831489,147.35388957108313,146.94075178030135,147.1441306831489,347
146.5993141644777,146.66119225296967,146.41913101212063,146.5993141644777,494
146.20693321041387,146.52939551599457,146.08410684864052,146.20693321041387,742
146.02167916111884,146.26117686912647,145.68166472812317,146.02167916111884,510
145.31889565152952,145.41019477343033,144.7424929788959,145.31889565152952,978
145.3267048185043,145.6857306578283,145.15169587961873,145.3267048185043,527
145.77784340539765,146.05495845218596,145.50266172153786,145.77784340539765,769
145.3239653153242,145.59584235997033,145.07241762182346,145.3239653153242,827
146.08360727714506,146.3568495953255,145.93988759667556,146.08360727714506,425
146.33900332140885,146.64085132537434,146.26411233846858,146.33900332140885,645
146.8542936142209,146.9307170483394,146.7613109991097,146.8542936142209,474
146.52537633729483,146.55751343691995,146.25868990820493,146.52537633729483,943
146.95263895082815,147.27559560167762,146.76287257650347,146.95263895082815,397
146.4066720006305,146.6756090352766,146.21044209675034,146.4066720006305,378
146.85179575104874,146.98206194144777,146.75101817677287,146.85179575104874,395
146.9377154209455,147.0323588341079,146.88309764923952,146.9377154209455,626
147.21434103093787,147.33761988904394,146.9473117086057,147.21434103093787,214
146.62654372812545,146.70655521490195,146.60640308531865,146.62654372812545,592
146.17900880698716,146.1900290969336,145.71823981308955,146.17900880698716,156
146.47762291611386,146.65808634703276,146.30906237786175,146.47762291611386,978
146.00344891400175,146.07005686914954,145.9517339338543,146.00344891400175,241
146.23505206005132,146.3083788357851,145.96600556963136,146.23505206005132,818
145.5514831568212,145.67854423074553,145.2281980453232,145.5514831568212,751
145.97557026315454,146.00291956368423,145.61633733132084,145.97557026315454,718
145.35930860577028,145.4241047759104,145.25324736932035,145.35930860577028,984
145.63545857461006,145.73590551868045,145.52442422081432,145.63545857461006,902
145.94827404143305,146.2727381640918,145.70033995356255,145.94827404143305,508
145.59988813221827,145.62255909103973,145.59231799405626,145.59988813221827,177
145.89090141576062,145.91721174379612,145.56353584733006,145.89090141576062,101
146.0211225474274,146.08324839539478,145.45184768416206,146.0211225474274,885
145.75170161933104,145.78618015929288,145.53812637394472,145.75170161933104,134
145.24742427729294,145.5644734794389,145.12409928884054,145.24742427729294,876
144.26611143145664,144.33740685239053,144.1372601952945,144.26611143145664,494
144.44093645510648,144.5704576516199,144.42745483809432,144.44093645510648,317
143.65853506942545,143.7572425282662,143.6398259775482,143.65853506942545,166
143.7062071691461,143.91395258103452,143.5033228444894,143.7062071691461,168
143.57448306110498,143.61478898226147,143.4684808002967,143.57448306110498,323
143.9140544488241,144.00979068495428,143.72806912685024,143.9140544488241,460
143.76303169907916,143.79424984677053,143.5180368976732,143.76303169907916,557
143.59830780590562,143.7358179498241,143.47956792050817,143.59830780590562,393
143.96424315804975,144.27968908527617,143.9493406810305,143.96424315804975,425
144.1317721725918,144.3104883661874,144.01724446870696,144.1317721725918,302
144.2898501511832,144.6072300825898,144.2251496172982,144.2898501511832,692
144.52448394608746,145.0165711105067,144.3855009839052,144.52448394608746,677
143.7566978844839,143.78473347044897,143.65654700074577,143.7566978844839,396
144.1350922244774,144.369547216399,143.86829889827982,144.1350922244774,891
144.4413266214842,144.45997875459256,144.32863591716395,144.4413266214842,360
143.93298505719594,144.0139872714861,143.87981512749428,143.93298505719594,888
143.81094482035883,143.8368291557219,143.74521292072436,143.81094482035883,617
143.791291176545,143.86191521254548,143.66612344503787,143.791291176545,231
143.72404278434414,143.7302126828955,143.63271447888255,143.72404278434414,876
143.8909727676284,144.02764897493242,143.88522702913414,143.8909727676284,424
144.60665615854398,144.82839104253512,144.12836562597357,144.60665615854398,167
145.14753952238038,145.4321925065935,144.89054577311998,145.14753952238038,225
144.49142992566468,144.518107990087,144.37414646996697,144.49142992566468,492
144.8024649208177,145.07976280495595,144.60899804788207,144.8024649208177,501
145.4669315805854,145.57170021464808,145.43841432216627,145.4669315805854,926
145.66033584093,145.6971335729506,145.50875123412774,145.66033584093,782
146.205826053523,146.30693382890365,146.17187476761563,146.205826053523,435
147.2119612763734,147.41356392100752,146.9371499661414,147.2119612763734,128
147.7238160494269,147.87764851315532,147.52231387830022,147.7238160494269,787
147.84847034724774,147.9506055748195,147.5799783693664,147.84847034724774,918
148.37101458429012,148.55879635069803,148.13681528564928,148.37101458429012,903
148.44345850083857,148.56777730987272,148.2014006779925,148.44345850083857,943
148.45541002248106,148.72205343327127,148.32927694050352,148.45541002248106,716
148.2797029046242,148.9365265448818,148.27109491817689,148.2797029046242,144
149.06140958404026,149.21807043145802,148.94009318021645,149.06140958404026,200
148.65219525106926,148.70559600342267,148.27447141312572,148.65219525106926,325
149.41837911340832,149.5921853685145,149.21621637918486,149.41837911340832,518
149.66831117527852,149.6932025012214,149.5266887472416,149.66831117527852,715
148.96865808787754,149.14208946569758,148.80588983402544,148.96865808787754,361
149.15248273437325,149.18436137392848,149.110340638258,149.15248273437325,864
148.10246948054743,148.12072386018093,147.93907245191878,148.10246948054743,776
148.41522348896294,148.43793986260908,148.2261714733841,148.41522348896294,391
148.85783923045744,149.14731549715006,148.82691123873218,148.85783923045744,311
148.5616612526314,148.94928023251003,148.41719452786137,148.5616612526314,755
148.6234351006092,148.81174188466275,148.5352242780461,148.6234351006092,555
149.60051381748437,149.87251853274648,149.5031168759526,149.60051381748437,335
149.3476404653534,149.39021244190468,149.21285158728335,149.3476404653534,633
148.81818667182512,149.01048103452723,148.64510601782467,148.81818667182512,168
149.5590183730564,149.56936093116846,149.28658545867216,149.5590183730564,680
150.5403119683218,150.67786473803415,150.43832611924864,150.5403119683218,345
150.5421598042457,150.74122038435155,150.16243553510813,150.5421598042457,674
151.0478913219499,151.21083746627423,150.8984921142788,151.0478913219499,336
151.71862927971534,151.7797556906725,151.67616699011927,151.71862927971534,430
151.34738716344614,151.35730552897846,151.26122434930667,151.34738716344614,462
151.10473424576222,151.1863100559417,150.80959849612418,151.10473424576222,630
151.72017150233958,152.07172898712798,151.43997533240096,151.72017150233958,842
152.56267864169385,152.6767955817178,152.32381080877,152.56267864169385,564
152.84411907178102,153.1355789292978,152.68920641090452,152.84411907178102,328
152.40421189503,152.8122812148113,152.38062186085148,152.40421189503,969
153.39774245087972,153.47864546780806,153.35985389537447,153.39774245087972,608
153.13225700197373,153.16923203741266,153.0782249806513,153.13225700197373,481
152.964688111388,153.11862953123557,152.83707550952477,152.964688111388,226
153.1358570286328,153.26185103500396,152.87681779325266,153.1358570286328,757
153.9129372389902,154.36775595281884,153.91041467211974,153.9129372389902,981
154.33992522726632,154.52799916499097,154.08608092119567,154.33992522726632,940
154.54735797744726,154.85719846647683,154.4705659370403,154.54735797744726,213
154.77900224250632,155.07984482264337,154.75333443706575,154.77900224250632,342
154.80075957682806,155.03940803185634,154.621198520539,154.80075957682806,244
155.07982933408732,155.136071826545,154.95890538998387,155.07982933408732,652
153.81504929524016,153.87638868364613,153.70749398407924,153.81504929524016,772
153.66674556570527,153.66973438158948,153.6620591402758,153.66674556570527,538
153.78740653316365,154.18192251405304,153.61272156917417,153.78740653316365,437
153.2118994913539,153.37115752915233,152.9381485842347,153.2118994913539,507
153.40506115025968,153.43426327221482,153.30399022406132,153.40506115025968,688
153.30282553976662,153.38845460596517,153.2100130337409,153.30282553976662,267
154.18056338892436,154.46717146984793,154.11567687257465,154.18056338892436,895
154.9670732515318,155.4054009025428,154.56675810250584,154.9670732515318,721
154.7341704669727,154.9704837827932,154.6948766220624,154.7341704669727,806
154.65875161118936,154.7027774486869,154.50781286112763,154.65875161118936,839
154.62177782838515,154.9699179496612,154.47799506094447,154.62177782838515,266
154.39594809030532,154.47576219815394,154.15994330748563,154.39594809030532,632
154.4934605823194,154.57785434660607,154.12438171727482,154.4934605823194,264
154.1143195478756,154.27926634377607,153.9501231293922,154.1143195478756,741
153.54901188040682,153.66637225055396,153.33230264191712,153.54901188040682,361
153.86036749235697,153.91417571073458,153.52753090144276,153.86036749235697,663
154.17513228446788,154.4071487869476,153.96989984149903,154.17513228446788,360
153.7729744046379,154.04532658730594,153.56908905788276,153.7729744046379,274
154.2206521200192,154.33800107216518,154.06614862488232,154.2206521200192,910
153.90486325543654,153.92020982731512,153.50998862441867,153.90486325543654,195
154.03144587445553,154.06813671975,153.69949880217922,154.03144587445553,456
154.44161788076175,154.5654877398487,154.19036067248038,154.44161788076175,469
154.4248115984099,154.42768799765875,154.33287196991512,154.4248115984099,651
154.65218205448045,154.690224246349,154.60413068651357,154.65218205448045,820
154.39396723253665,154.44264852749566,154.21521817611313,154.39396723253665,241
154.2957339408226,154.318781914217,154.06400292135802,154.2957339408226,869
154.19280422538242,154.45239226408944,153.89080536049602,154.19280422538242,266
153.8195150521123,153.94873170035467,153.76691782729137,153.8195150521123,802
153.7311279705544,153.87137909844307,153.61409422171258,153.7311279705544,418
152.95681882112254,153.10143288594966,152.92937378581084,152.95681882112254,730
152.71124194755149,152.7420037031277,152.65335095777965,152.71124194755149,757
152.56880420086665,152.63256960958256,152.38222386864473,152.56880420086665,961
152.44071432461897,152.6577490602861,152.2414545217099,152.44071432461897,434
152.31996560168358,152.57372713294697,152.26699840237998,152.31996560168358,573
152.2890835017535,152.84567558822215,152.14987503907193,152.2890835017535,740
152.52880426079653,152.54623393926363,152.21984479151968,152.52880426079653,244
152.9660627978628,153.19424199329285,152.57648460190245,152.9660627978628,153
152.64118018443867,152.91395377116453,152.62720822504232,152.64118018443867,221
152.0395797567441,152.11953574026748,151.81185196680667,152.0395797567441,223
151.51855755062255,151.65471083993836,150.98452396394825,151.51855755062255,266
151.27495609002509,151.34871674306285,150.96449950814974,151.27495609002509,933
151.09899543111683,151.28818362324472,150.95381869877266,151.09899543111683,754
150.7139973980181,150.75360878319515,150.66577790822052,150.7139973980181,121
150.06593906589316,150.47281023947002,149.97771816901977,150.06593906589316,375
149.83787865215606,150.03316376010238,149.80719017869296,149.83787865215606,960
149.92859196221306,150.1236591091908,149.88930128629943,149.92859196221306,507
150.22610669513085,150.31589523876946,149.90856810148563,150.22610669513085,581
149.9473951685767,150.29702228308156,149.8705511595075,149.9473951685767,398
149.74089625750497,150.07742577630762,149.52351149420485,149.74089625750497,376
149.2775471030813,149.34599612911066,148.9148543316216,149.2775471030813,915
149.26182751789392,149.7624750789078,149.15647467449298,149.26182751789392,421
148.8376132007985,148.84250913476887,148.4531654057358,148.8376132007985,214
149.1241771074191,149.3167108143009,148.9514511253033,149.1241771074191,371
148.23124386145204,148.35797183463416,147.96652498304937,148.23124386145204,267
148.05142902522581,148.5027740462837,147.92235209087443,148.05142902522581,888
148.20198269482168,148.52338649647155,148.00519308164516,148.20198269482168,535
148.29389995298294,148.6128523507917,148.292413592495,148.29389995298294,968
149.64041678497318,149.84351827273585,149.62527390425163,149.64041678497318,363
149.81531679725714,149.86089365493353,149.49178403633053,149.81531679725714,349
149.31328949883613,149.33241100765864,149.15072740092376,149.31328949883613,561
149.2655573752916,149.45762798572002,148.82451991525977,149.2655573752916,977
148.37743420855836,148.7284546148126,148.32975872759013,148.37743420855836,538
148.33713433390997,148.37920585466534,148.3020151069774,148.33713433390997,866
147.9206063054096,147.98482219130145,147.5580282614214,147.9206063054096,441
148.37830144318968,148.45598369138744,148.29905438117586,148.37830144318968,565
148.10353130589192,148.1480745184121,148.0852472334981,148.10353130589192,157
148.04514834799429,148.3310522796995,147.8469877767697,148.04514834799429,104
147.72736942729207,147.78798797123042,147.6472222675688,147.72736942729207,722
148.59679510321874,148.63088370296302,148.44749095534823,148.59679510321874,976
148.4361737201598,148.58154782490877,147.98542243708764,148.4361737201598,897
149.35245224189939,149.46328082720194,149.16515257922282,149.35245224189939,962
149.75952812295853,149.8824128278481,149.5703225737606,149.75952812295853,364
150.00056148662622,150.01983691124903,149.9688481475325,150.00056148662622,348
150.184928060285,150.2944360243188,150.06283640713943,150.184928060285,194
150.38182670939312,150.60749697689528,149.95022290722167,150.38182670939312,962
149.41799041972033,149.67069822187963,149.20646463367336,149.41799041972033,908
149.27854872264496,149.56486650368777,148.99841938527348,149.27854872264496,918
149.70112770823712,149.84568375932602,149.6571771172116,149.70112770823712,796
149.67667911650008,149.71541312016973,149.5153243093576,149.67667911650008,556
148.9740841930983,149.1025398444325,148.82488027415113,148.9740841930983,840
148.94788196780956,149.05700479907532,148.50423486174708,148.94788196780956,416
149.7999347259373,149.89625749507493,149.797624190142,149.7999347259373,873
150.42338058370467,150.4560317089631,150.3709349562579,150.42338058370467,218
150.39237857902165,150.68596221454942,150.1657829600834,150.39237857902165,845
150.8681032175507,150.9599354807464,150.77617801010751,150.8681032175507,893
150.68484970736668,150.90487819062088,150.34154164419118,150.68484970736668,301
149.83291391395332,150.02075448428573,149.2983131851765,149.83291391395332,873
149.37068091988854,149.50492313491532,149.26378698472018,149.37068091988854,152
150.15212530414263,150.18438239087484,149.9029720713199,150.15212530414263,416
150.01512876322798,150.28958454591728,150.00077319798044,150.01512876322798,772
149.89343677354046,149.99271310284624,149.82831251691047,149.89343677354046,343
149.743517675403,149.95941245931792,149.62238223285158,149.743517675403,193
150.6955859701895,150.89856928434932,150.5576846045237,150.6955859701895,651
151.50856542787054,151.62842598559527,151.18132916765913,151.50856542787054,379
152.6179555445946,152.69688436126592,152.08569181424303,152.6179555445946,191
152.53843293939457,152.61009290238113,152.39050712970084,152.53843293939457,912
152.6862451837681,152.85486564470068,152.3220700734045,152.6862451837681,137
151.9279239090577,152.16136580618058,151.81608462224204,151.9279239090577,512
152.66639112211683,152.722707803134,152.3442941750522,152.66639112211683,342
152.08250134648287,152.1188733596409,151.91976335307473,152.08250134648287,463
152.19088912836418,152.62233230585372,151.8696197204581,152.19088912836418,747
151.64223786454775,151.64955859586036,151.59714053042734,151.64223786454775,163
151.3478044511784,151.71065501671845,151.22588956322377,151.3478044511784,954
150.92917323565356,151.16324995527444,150.9060860541733,150.92917323565356,974
150.62523560531565,150.939878193228,150.55912496784228,150.62523560531565,300
150.35567425374117,150.57969128024627,150.2230554494731,150.35567425374117,406
150.08153985627862,150.31936581256932,149.88758630067792,150.08153985627862,873
150.49820681216877,150.84942713010747,150.2885900792544,150.49820681216877,274
149.9457754156375,150.10221130642805,149.84365688147665,149.9457754156375,788
150.05604612914445,150.14815933509635,150.0068816638094,150.05604612914445,696
150.66502570529724,150.89882188733975,150.50614036744707,150.66502570529724,771
150.40842752304053,150.77075549246422,150.01582914150998,150.40842752304053,793
150.04946807766672,150.19315041722203,150.00735392719992,150.04946807766672,647
149.9342057650766,149.97880982566903,149.9237101536425,149.9342057650766,956
150.52406836925695,150.52616596579173,150.48145229006263,150.52406836925695,198
150.62112218473362,150.9011334921663,150.6035974754828,150.62112218473362,325
150.35551503742983,150.68350637379555,150.2691439387375,150.35551503742983,648
150.59745336302385,150.69812471063375,150.48253277871703,150.59745336302385,372
150.04630728810562,150.1530325730689,149.8204026022149,150.04630728810562,883
150.3869870433271,150.67789932437606,150.2922570878444,150.3869870433271,285
150.59129069717798,150.62939573510198,150.5611535256012,150.59129069717798,551
150.43738646160853,150.49566135285625,150.29788314748131,150.43738646160853,660
150.0180935623849,150.08350860599558,149.85503018534334,150.0180935623849,604
149.57475310124318,149.6056828098905,149.53342116154428,149.57475310124318,193
149.84216176941612,149.94106626782587,149.69106509070875,149.84216176941612,406
150.45665202066064,150.68275611186723,150.445319712178,150.45665202066064,837
150.13799814714625,150.17747266823417,150.012181623298,150.13799814714625,616
150.36719149892198,150.38994303561805,150.25687679115802,150.36719149892198,964
149.32367798962096,149.37001252645996,149.22627619605933,149.32367798962096,273
149.03136912429235,149.0458381677562,149.01286284594414,149.03136912429235,794
149.0158396578569,149.2704822126396,148.81067575119653,149.0158396578569,172
148.560997949366,148.8245578997878,148.31343864860366,148.560997949366,244
148.0927447619712,148.5355983991481,147.9452802388361,148.0927447619712,763
147.75885498373677,147.92236188570584,147.64136472876564,147.75885498373677,155
147.90495134789995,148.070482849847,147.69333900444184,147.90495134789995,794
147.81128683869676,147.97999689694117,147.70249888530245,147.81128683869676,733
146.69217122203426,146.75352921452657,146.30143987243892,146.69217122203426,343
145.63182114571674,146.05844498926035,145.57548196295127,145.63182114571674,993
145.32838855678816,145.5337306551452,144.90310019128287,145.32838855678816,303
145.55723184981494,145.59131493333356,145.53319218109746,145.55723184981494,690
144.18347942845233,144.21058302901068,144.13171669435374,144.18347942845233,115
143.93361434037652,143.97816398300694,143.9188030330477,143.93361434037652,225
143.6704904121178,143.74427385269945,143.65205559610715,143.6704904121178,698
144.36465930122202,144.36698964275908,144.20992911884846,144.36465930122202,565
144.17214839536558,144.19630248847585,143.94237874173226,144.17214839536558,889
144.36364288773603,144.49145595430244,144.26337556229987,144.36364288773603,977
144.43427145777977,144.6306736550041,144.2232913142603,144.43427145777977,527
143.36898821787616,143.45514253961224,142.87999195774287,143.36898821787616,450
143.75309182619205,144.01922164279617,143.66634924485385,143.75309182619205,654
143.8607900789202,144.01498988148393,143.79025898154737,143.8607900789202,178
144.1149243987575,144.1846176370299,143.9606785398673,144.1149243987575,600
146.07804325197566,146.27684380964942,145.85289776610094,146.07804325197566,888
145.03598678222636,145.04444038191332,144.87298929126712,145.03598678222636,478
145.8983351071069,145.93556475090003,145.72294819073198,145.8983351071069,363
145.75461134740672,146.00434403235926,145.57417173001213,145.75461134740672,404
145.89827579960823,146.05537231757415,145.70777284788906,145.89827579960823,587
145.8755196769576,146.00591010776228,145.7988804467159,145.8755196769576,839
145.66340151025858,145.68340708204684,145.51172376765635,145.66340151025858,224
145.3784850461392,145.67452166151557,145.2019313504714,145.3784850461392,717
145.5432394139257,145.64499208013555,145.16769444114365,145.5432394139257,841
144.78465256558985,145.1103033751329,144.60965956225382,144.78465256558985,745
145.15994214935074,145.51384419662122,145.0223888033485,145.15994214935074,180
144.95184494690812,144.96470703693197,144.52963335118113,144.95184494690812,971
144.38681027738795,144.62935840036292,144.30091747948242,144.38681027738795,720
144.16180384839004,144.29151319791663,143.70663267201465,144.16180384839004,274
144.79037845682132,144.7988310698143,144.62441450332298,144.79037845682132,775
144.5227109133132,144.55578786711797,144.24410445297144,144.5227109133132,224
144.70193772241802,144.8432863587465,144.6591309548558,144.70193772241802,447
144.3364595845603,144.68473631561764,144.1636647288779,144.3364595845603,988
144.7154205095221,145.28393925512418,144.23032392981156,144.7154205095221,466
145.0581743789172,145.11389132366853,144.9292841473345,145.0581743789172,634
145.98247879556538,146.05308664524838,145.74793455960076,145.98247879556538,514
145.89469682281577,145.91418029142864,145.81492319798954,145.89469682281577,977
146.22902422519473,146.28096159788294,146.21667998305844,146.22902422519473,942
146.2780579949642,146.44447208851076,146.24347267836393,146.2780579949642,673
146.9259938858957,147.1429874833918,146.87972942035734,146.9259938858957,823
146.56657769209133,146.79369714519643,146.3313817313379,146.56657769209133,351
146.93908034852996,147.0201283536398,146.80157558214896,146.93908034852996,707
146.84173170047163,146.94566659611235,146.7584128913412,146.84173170047163,820
146.80963761191737,147.32529618194548,146.78693874267222,146.80963761191737,668
146.85551385414155,146.9444854982612,146.74415090261013,146.85551385414155,333
146.98163405235488,146.9892863088477,146.8078082038553,146.98163405235488,457
146.9235195307939,147.1928541310741,146.77156535896873,146.9235195307939,425
147.03087612237917,147.10550060179736,146.9567533279896,147.03087612237917,164
147.81993515116025,148.11566987042232,147.71208924380232,147.81993515116025,392
148.31265999396786,148.75859532211385,148.21140429967033,148.31265999396786,423
148.7472372902163,148.8911317670839,148.65660571147913,148.7472372902163,430
148.51946752720437,148.6444890113431,148.50685452130674,148.51946752720437,628
148.07484711309021,148.26347895329025,147.87983830214563,148.07484711309021,234
148.5524973922091,148.554271578667,148.43174917357584,148.5524973922091,919
148.990520788474,149.21725848809368,148.75603846690723,148.990520788474,518
149.72685612634947,149.99182273749,149.6978292097452,149.72685612634947,229
149.42486581336485,149.61791869024094,149.15217281012775,149.42486581336485,648
149.31009148568467,149.45428931637085,149.25460178381448,149.31009148568467,861
148.49034940442195,148.8939962267082,148.43422190855927,148.49034940442195,668
148.2941138513915,148.55863741964365,147.8013770266104,148.2941138513915,456
148.79239910668122,148.8110908050345,148.68627207393232,148.79239910668122,621
148.5591514170671,148.6375603178408,148.52261346373086,148.5591514170671,559
148.87939131466752,149.0523705371532,148.64301202411312,148.87939131466752,692
148.7841397616686,149.039189164253,148.74103336570977,148.7841397616686,701
148.94616827577937,149.18333874162715,148.79904656171627,148.94616827577937,731
148.37232258087153,148.5387409845463,148.13431483023012,148.37232258087153,713
148.41492730568848,148.57904880087023,148.38858388913434,148.41492730568848,594
146.91935932023813,147.11419280587256,146.91919468246536,146.91935932023813,638
146.82591124115714,147.22258596104166,146.5112025964791,146.82591124115714,360
146.01067461929958,146.05698031534308,145.76276707025272,146.01067461929958,672
146.61367187757298,146.7444503996272,146.58453239762866,146.61367187757298,235
147.00237555395523,147.30779971302238,146.80122944388563,147.00237555395523,708
147.23571104493828,147.65925704554,147.0877665476408,147.23571104493828,760
147.99621415851797,148.24112554656298,147.5602579201251,147.99621415851797,326
147.52175589810557,147.72673318465874,147.43590105353093,147.52175589810557,888
148.39543749706334,148.59439184064968,148.21377528882098,148.39543749706334,918
148.86153327919354,148.98533103976308,148.77398890880036,148.86153327919354,946
148.74325563558406,148.90100644436114,148.59967124539435,148.74325563558406,327
149.31106570917552,149.51657625191055,149.22783474975293,149.31106570917552,926
148.7579189529697,149.0121758027925,148.355933100076,148.7579189529697,860
148.34566187220588,148.56375630601727,148.20256618584926,148.34566187220588,357
148.04136701058604,148.2503631096127,148.01678980219066,148.04136701058604,513
147.77687815655403,147.964468838323,147.7224132345551,147.77687815655403,925
147.2485993351739,147.56832885389213,147.1948656118921,147.2485993351739,319
147.86014086872157,148.15151239437117,147.85732490902865,147.86014086872157,335
147.73071366853665,147.85566818509218,147.60002619440223,147.73071366853665,119
147.90696615271509,148.0027666775335,147.89655344447524,147.90696615271509,523
147.62179046950826,147.79250372644879,147.3494631598723,147.62179046950826,512
146.711488819234,146.76425263636986,146.59638559492518,146.711488819234,488
146.8465174984297,146.89473271419035,146.74680356022887,146.8465174984297,444
145.8903900107198,145.92780486470437,145.8492846110765,145.8903900107198,749
145.85607298767707,146.02255309539518,145.6410247262848,145.85607298767707,566
145.17191546826066,145.21758762679218,145.16583973297807,145.17191546826066,288
146.16555346787607,146.21186168163882,145.9432782500782,146.16555346787607,716
146.62123482896342,146.850529204461,146.33979262466775,146.62123482896342,467
146.67411172459916,146.83224896660434,146.55764914749426,146.67411172459916,484
147.3059650634265,147.46316852158935,147.15637833905092,147.3059650634265,197
146.88280707469363,147.11264299513698,146.85664993099314,146.88280707469363,369
147.15454676402868,147.25950527912894,146.906775557217,147.15454676402868,764
147.25445198088804,147.43015173908194,146.95492640767412,147.25445198088804,317
147.38646202155488,147.6427450175105,147.30807128791915,147.38646202155488,120
148.02263877160826,148.03698004086525,147.9540458043189,148.02263877160826,371
148.38888482299816,148.5697438603285,148.21584270292743,148.38888482299816,813
148.53324665441068,148.69137019817867,148.35867086442693,148.53324665441068,259
147.70580293629652,147.8687100282356,147.63043992208836,147.70580293629652,591
147.22577978865678,147.60630503594308,147.08356811733668,147.22577978865678,528
147.16442532185891,147.3300858297743,147.04332273781174,147.16442532185891,675
147.21111150899725,147.50306884338085,147.1794282620636,147.21111150899725,695
146.64600964666027,146.73853550197884,146.4679707320158,146.64600964666027,684
147.85184798444948,147.94288311842325,147.7092643024009,147.85184798444948,671
148.61004501207626,148.65850263171194,148.52283479712108,148.61004501207626,965
148.9111041722725,149.02905602040593,148.72330219656814,148.9111041722725,758
148.94712260291436,149.207157908277,148.8497689563234,148.94712260291436,146
148.84101811796378,149.30198955248304,148.73212985122998,148.84101811796378,322
148.36505888795267,148.61243326665632,148.04870805643716,148.36505888795267,257
148.4037991472121,148.51265680584322,148.15202503593807,148.4037991472121,146
148.53267541728349,148.54829721930605,148.46154144271577,148.53267541728349,900
147.91179512954267,148.0172677970867,147.74566399128358,147.91179512954267,821
148.07888333816513,148.38746095927294,148.05985337484537,148.07888333816513,632
148.00125381375275,148.2474495131138,147.75359717158162,148.00125381375275,450
147.04735003481406,147.04969730875845,146.6075826271618,147.04735003481406,418
146.6171575294243,146.7226452597963,146.54848645974704,146.6171575294243,330
146.4103547627135,146.73255531629053,146.3636368162579,146.4103547627135,397
147.35419859138358,147.53817822547282,147.1588020298512,147.35419859138358,544
147.63247515365046,147.6621108603501,147.46406138157488,147.63247515365046,204
146.9647343691005,147.14206737603737,146.46096817811687,146.9647343691005,737
147.20775251380934,147.37087086805317,147.20720540259111,147.20775251380934,982
146.43410051934015,146.50407305195543,146.35518062599232,146.43410051934015,398
146.97544604628368,147.10536231261293,146.89610490798088,146.97544604628368,167
146.73988372037473,146.80842727575038,146.70115206431598,146.73988372037473,637
146.69306562600514,146.90875086489973,146.67603040755094,146.69306562600514,772
147.35596394977622,147.5555155063081,147.18332139788401,147.35596394977622,719
146.7123821654841,146.96276661757878,146.5654763217992,146.7123821654841,900
146.01382307292758,146.3990921540718,145.68281462863382,146.01382307292758,916
145.72202340975457,145.85361503528767,145.55248901991158,145.72202340975457,695
146.24121283526424,146.50339523667867,145.96180183063484,146.24121283526424,140
145.4815397975258,145.82995058588017,145.47753915356031,145.4815397975258,299
144.06546199847054,144.28048268923231,144.0597308662635,144.06546199847054,647
143.83988256926605,143.90814347219808,143.605696012042,143.83988256926605,962
144.11575296922152,144.1664949162348,143.8699139787458,144.11575296922152,474
144.71588384409094,144.74772418640828,144.60829280908612,144.71588384409094,505
144.48430316304825,144.6868917399822,144.05476251519488,144.48430316304825,333
144.27858985949024,144.31449582628542,144.0035931322479,144.27858985949024,607
144.8555402266181,145.32435098238463,144.80543130095344,144.8555402266181,341
143.9206693767704,143.94742149158125,143.82798279397426,143.9206693767704,438
143.7264089891789,143.93876594257057,143.46195469346068,143.7264089891789,119
143.82162093414144,143.9826689057223,143.57552572250597,143.82162093414144,954
144.04623029478395,144.05351975883556,143.9633769148257,144.04623029478395,763
143.7913269481885,143.9087211453926,143.56984193906837,143.7913269481885,993
143.80854745404142,143.87494023975472,143.7877463694117,143.80854745404142,270
142.5643837773349,142.66640352357638,142.15579480510792,142.5643837773349,315
142.23525957116797,142.3497767807933,142.165742046579,142.23525957116797,967
142.4620139274452,142.49528170063533,142.26972503865034,142.4620139274452,940
141.97086691031788,142.2181079059698,141.89446546922733,141.97086691031788,843
142.00035902111267,142.4143485689266,141.75520067295633,142.00035902111267,115
142.22379527151404,142.3946691355839,141.87979836544815,142.22379527151404,382
142.05252067108515,142.4250726083612,141.77179673737947,142.05252067108515,400
142.13775255658342,142.26362739882472,142.1049182327927,142.13775255658342,264
141.6563862739411,141.79676272435296,141.47692763765627,141.6563862739411,880
141.55308063409308,141.82078453580934,141.467926659538,141.55308063409308,790
141.8581887188877,142.0374553854821,141.79905559647062,141.8581887188877,357
141.93667519937193,142.03379322178094,141.85996177303053,141.93667519937193,687
141.64340956458997,141.99099051695703,141.43548309872975,141.64340956458997,716
141.75551776673538,141.95053753789276,141.54821524058366,141.75551776673538,452
142.1128226620537,142.38104866858484,141.91064074898514,142.1128226620537,186
141.08785202276496,141.39344833749286,140.9643149002027,141.08785202276496,926
141.66738905524292,141.906741700239,141.5658311570816,141.66738905524292,625
141.49926168590238,141.58568573469913,141.28191930676698,141.49926168590238,970
141.7120066525225,141.72114880345165,141.68876010906396,141.7120066525225,897
142.31063011434512,142.3983350154661,142.0987124176047,142.31063011434512,858
141.6247932657299,141.6811830404917,141.42005709589736,141.6247932657299,977
141.27007276451613,141.58603415599643,141.0452962100897,141.27007276451613,852
141.12579841657828,141.1735116418067,141.01625717794565,141.12579841657828,965
140.73392165601607,141.16731350946546,140.71779838305304,140.73392165601607,108
141.60138994393446,141.7809783410625,141.48926496705943,141.60138994393446,562
141.17300389702106,141.17694004788672,141.1524375957572,141.17300389702106,635
140.89523050727763,140.9698422408104,140.6792338733508,140.89523050727763,723
140.99742502307913,141.2144533317116,140.75897354128037,140.99742502307913,396
140.3963502600411,140.42696700664303,140.31391894900273,140.3963502600411,316
140.19850990416296,140.28197576449506,140.04816119122552,140.19850990416296,327
140.35723653478806,140.46208257077848,140.34951310807833,140.35723653478806,131
140.1908063325968,140.6248967683857,140.05387015409426,140.1908063325968,530
140.1441129031468,140.2370063970915,139.79049665466948,140.1441129031468,888
139.87944684692263,140.10947420765856,139.66841933753616,139.87944684692263,269
139.12221169233226,139.13543054159206,138.79466068862465,139.12221169233226,330
139.28300829800187,139.6186194180924,139.2336626557446,139.28300829800187,169
140.1604748338255,140.64016469094312,140.1180024230639,140.1604748338255,210
140.16967564921723,140.27589267541242,140.1131531712155,140.16967564921723,188
140.282307707841,140.4808395109313,140.27198262301917,140.282307707841,101
140.62866908539942,140.73843008995485,140.54270670083315,140.62866908539942,155
139.9940038371261,140.0503906977671,139.88861813091788,139.9940038371261,769
140.84526116619088,140.936560773241,140.825099395339,140.84526116619088,370
140.9464255644023,141.08611059127915,140.71217192237057,140.9464255644023,373
141.76235401394683,141.85439355019284,141.711609113326,141.76235401394683,643
141.39583751618483,141.39723449943602,140.90408913153053,141.39583751618483,369
142.30486847746374,142.43210816570416,142.22209663752818,142.30486847746374,289
142.69244622448113,142.772673876734,142.41057485311381,142.69244622448113,821
142.9689662674073,143.33996373890344,142.94975525017327,142.9689662674073,582
143.08597849458388,143.28996421566944,142.84705297394464,143.08597849458388,407
142.96171418554667,143.06865497547392,142.96114954564004,142.96171418554667,121
143.56198001478361,143.76789339954817,143.44632431092836,143.56198001478361,113
143.63215994970764,143.70637275548782,143.33159453265773,143.63215994970764,585
142.64862509791408,142.75027812713074,142.34035356691177,142.64862509791408,817
142.0900318670606,142.2395888879338,141.89493727592637,142.0900318670606,645
141.99710899096422,142.02216631551812,141.97087844988872,141.99710899096422,953
142.152108482547,142.23650966188882,142.06197505198207,142.152108482547,563
142.12381423809705,142.36546918622747,141.97184293708517,142.12381423809705,667
142.7332996329939,142.82836431653033,142.68611466277684,142.7332996329939,851
141.7577487009746,141.91829304421958,141.61424259769444,141.7577487009746,532
141.82954266922718,142.2180581049933,141.63108872660158,141.82954266922718,674
140.9205530565336,141.01082810274988,140.79395365007434,140.9205530565336,499
141.3004092042757,141.33111489572576,141.11168919371678,141.3004092042757,691
141.2531798470547,141.34344441200338,140.9560997423406,141.2531798470547,651
141.46298483306674,141.6903234568509,141.45597845323618,141.46298483306674,905
141.03104335277186,141.27814010667248,140.4735855677007,141.03104335277186,378
141.67077581860073,141.798199626683,141.63096596207905,141.67077581860073,867
142.19163815063015,142.5033149530063,142.18515292706567,142.19163815063015,209
142.4834103021361,142.61925468957972,142.43685562679747,142.4834103021361,147
142.41865167870438,142.4384768371996,142.35138396637126,142.41865167870438,843
142.70858032135195,142.7164514723508,142.6131983358325,142.70858032135195,181
142.35513403735828,142.4079117362283,142.18735986522267,142.35513403735828,785
142.78291186686863,143.07383481658405,142.5495692123224,142.78291186686863,724
143.6076523140306,143.62981958976903,143.36028257255975,143.6076523140306,377
144.14295759402017,144.42825037630493,143.83294182922796,144.14295759402017,480
143.77815635911648,143.84982317335587,143.59554441150442,143.77815635911648,409
143.95886501775303,144.38459484265672,143.77614505263242,143.95886501775303,651
143.31229424587372,143.68261161273185,143.2301551831182,143.31229424587372,641
143.59848940146156,143.76219914474956,143.36104531951298,143.59848940146156,866
143.82379110789284,143.9331587989318,143.7252705336724,143.82379110789284,339
142.88888293812676,143.0864545528532,142.66837754683556,142.88888293812676,282
142.30799101617058,142.56216014038569,142.1604696632752,142.30799101617058,283
142.1664215677987,142.23194681126438,141.77038229946078,142.1664215677987,653
142.0159916942283,142.19040973333506,141.98183486470825,142.0159916942283,565
141.41125322651888,141.44450164098305,141.28908562606324,141.41125322651888,738
141.60574259119497,142.14166832997498,141.59549388886435,141.60574259119497,536
141.73147939566522,141.85238216777717,141.70136172778348,141.73147939566522,693
141.63434482967597,141.98324393954795,141.60703340783533,141.63434482967597,332
141.2564490795968,141.26872228761678,141.25168833797764,141.2564490795968,920
141.78080264280507,142.11170472178762,141.59444930103584,141.78080264280507,803
142.60850619934922,142.70507594849883,142.5520626483551,142.60850619934922,100
142.36672545742596,142.42967796971698,142.08499280387423,142.36672545742596,604
142.06064199884855,142.2709063616964,141.91727667726693,142.06064199884855,461
142.30624583155455,142.49068968698148,142.2824700789266,142.30624583155455,818
142.12723114168105,142.13217067029805,141.67532047914995,142.12723114168105,808
142.05753254134945,142.12748210439904,141.90373423408047,142.05753254134945,382
142.42735911721178,142.92149177378766,142.01672821524227,142.42735911721178,628
141.47268107345812,141.6833053639629,141.33876353527847,141.47268107345812,930
142.13183223588445,142.23073183064744,141.87327037789882,142.13183223588445,995
142.1681724980491,142.43452199492873,142.0871887599084,142.1681724980491,268
141.962425925768,142.1506392360584,141.85859979637812,141.962425925768,988
141.91780884865727,141.92253244454096,141.4781809447614,141.91780884865727,285
141.89902352616753,142.14225668152397,141.87573313062606,141.89902352616753,221
141.03342287444505,141.121013327041,140.63689760880516,141.03342287444505,540
141.78089198817167,141.7811948887613,141.59015296164452,141.78089198817167,835
141.801554804307,141.83210079330303,141.75517112333517,141.801554804307,738
142.02305586953068,142.1195984216419,142.0090745386389,142.02305586953068,777
142.4988307548177,142.58153700657957,142.38725814884017,142.4988307548177,573
141.98824952603755,142.15876404378685,141.5431739346564,141.98824952603755,221
142.22498547555517,142.3469673000861,142.22367810600812,142.22498547555517,933
142.09116493010578,142.12006249839467,142.00922615211525,142.09116493010578,831
142.51455031771403,142.52126384732782,142.27018333651293,142.51455031771403,890
141.45093660753827,141.6688125747692,141.30551385487053,141.45093660753827,759
141.40138945741762,141.42416477896478,141.07598907286132,141.40138945741762,391
141.09997912952565,141.10298591463402,140.84745395905583,141.09997912952565,346
141.31611060484272,141.4360405071329,141.22620558721067,141.31611060484272,287
141.55113269852683,141.6372806853232,141.24168437903617,141.55113269852683,622
141.19731975111583,141.26728533365184,141.18616913041728,141.19731975111583,383
140.8412328190278,141.0213878453859,140.63426759625662,140.8412328190278,656
140.78590013474914,140.9017259021505,140.54309136023446,140.78590013474914,223
140.33757902109153,140.42914241500958,140.06206355392246,140.33757902109153,989
140.7585708688176,140.9169983486467,140.4560451139921,140.7585708688176,346
140.5739672685939,140.62440986926646,140.41572183326448,140.5739672685939,505
139.12047315893307,139.30171678417162,138.93189899185512,139.12047315893307,436
138.93306213062218,139.1943729441691,138.65767538430444,138.93306213062218,258
138.41379022020018,138.75348033388025,138.31558699289033,138.41379022020018,366
137.59815231246972,137.75500926312247,137.36558891193752,137.59815231246972,391
136.97943899335843,137.23248140055807,136.8903968175756,136.97943899335843,689
137.03414322927492,137.41130093257203,136.90190703115638,137.03414322927492,902
137.69846364339904,138.00738358878016,137.5649564244402,137.69846364339904,994
137.85505588033152,138.08550601070607,137.80078804728632,137.85505588033152,250
137.55180418622365,137.5681310582259,137.50089732601626,137.55180418622365,384
137.779756283809,137.85307679777677,137.64970966656315,137.779756283809,250
137.55021112869952,137.58729045999306,137.21525079311238,137.55021112869952,223
137.20291094411795,137.32929101194952,136.97406991238637,137.20291094411795,839
136.62572961000146,136.80660971046763,136.40913824419331,136.62572961000146,371
135.74981520662558,135.9129727516593,135.59099201971088,135.74981520662558,970
135.55485335334586,135.68477432636843,135.45090669214687,135.55485335334586,439
135.63388009830592,135.97534868903585,135.38500760147596,135.63388009830592,828
135.58556826329848,135.7024140819369,135.45890801604736,135.58556826329848,758
135.3775847993248,135.9857221901567,135.35473175331214,135.3775847993248,829
134.90471176897643,135.0983143618943,134.65203895198624,134.90471176897643,707
135.2088348648189,135.43839542317085,135.0473510283424,135.2088348648189,546
134.5502689048456,134.66745905858838,134.440192810815,134.5502689048456,661
134.93828286176733,135.04009189072676,134.6014379022613,134.93828286176733,556
134.43717435230397,134.5680454904232,134.41937424498227,134.43717435230397,654
134.06095673362745,134.28674808066404,133.94937828164672,134.06095673362745,630
133.32756413831962,133.36761490368218,133.277090953483,133.32756413831962,212
133.0768630648768,133.47463999262777,132.99375341058825,133.0768630648768,988
133.56451929411577,133.6823866070328,133.5093301388971,133.56451929411577,824
133.82233333833776,133.86917742105766,133.73052655735643,133.82233333833776,629
134.31154439435178,134.3605997807953,134.22511677163803,134.31154439435178,745
134.57261566731876,134.79700929130865,134.54829735940396,134.57261566731876,902
134.02078075305357,134.0779552040494,133.71689837487872,134.02078075305357,625
133.8553861408898,133.8876888407375,133.6889058455378,133.8553861408898,163
133.46528657633107,133.55171078495695,133.33407786289047,133.46528657633107,492
134.1305740283506,134.6187588214419,133.8845356050113,134.1305740283506,774
133.53217970513745,133.69990443985736,133.28303468961684,133.53217970513745,869
133.979028549832,134.2149134434601,133.78414867877174,133.979028549832,598
134.4255054848864,134.59679744751617,134.37185949781843,134.4255054848864,617
135.34031558574443,135.3430880126453,134.74056876464394,135.34031558574443,454
135.13547228942969,135.30851410020014,134.88685157386,135.13547228942969,732
135.49163336921976,135.64528443329812,135.30177746787862,135.49163336921976,252
136.63245928748918,136.73605274733248,136.48322447674917,136.63245928748918,428
136.32363844902233,136.68078670541158,136.31046583575838,136.32363844902233,789
135.55611832525614,135.756811410416,135.40077590708427,135.55611832525614,578
134.61611330830226,134.912608611375,134.402131479669,134.61611330830226,490
134.97246932273293,135.2416443233685,134.77349065575527,134.97246932273293,674
134.03089421870365,134.1545866971813,133.91130512577882,134.03089421870365,511
133.84473469223468,134.00192951200776,133.82435942122726,133.84473469223468,357
134.06339128575416,134.18115767606255,133.87918610010885,134.06339128575416,676
134.1559790541691,134.18937257883593,134.0063474667094,134.1559790541691,968
134.3687014862612,134.660837552687,134.3433156462469,134.3687014862612,606
134.4798464141616,134.60199894530797,134.4022099556168,134.4798464141616,798
135.11927932081832,135.14061325189172,134.60160748810804,135.11927932081832,838
134.64312113044892,134.79253289601374,134.63973717061558,134.64312113044892,810
134.30462356121964,134.56886540759086,134.15539935870262,134.30462356121964,393
133.91829383858422,134.53761161781273,133.63782130789417,133.91829383858422,862
134.33338974451553,134.33910289707106,133.74483921531444,134.33338974451553,576
134.78358903871307,134.8119869288282,134.71173323172232,134.78358903871307,929
135.00920169837232,135.2605773047073,134.6647559862297,135.00920169837232,804
135.6009485318173,135.78393959841935,135.57757313783358,135.6009485318173,607
135.01192809812912,135.0195437020084,134.97084223223047,135.01192809812912,218
135.8455401539047,135.8715660415243,135.45127002410445,135.8455401539047,790
136.60715946476083,136.90798917095043,136.27384159608573,136.60715946476083,577
136.9749704633837,137.0862636189537,136.8018954692644,136.9749704633837,663
137.86586991776923,137.969311961001,137.7485311015267,137.86586991776923,721
137.03755831393033,137.12633688173892,136.90200500069417,137.03755831393033,835
136.775334245799,137.0195673957998,136.72233297398535,136.775334245799,941
136.40768251545802,136.43178272710267,136.35941787479814,136.40768251545802,709
136.7684221773367,137.04587948002288,136.45677620762314,136.7684221773367,418
136.24335180753562,136.45469789369076,136.0309927398449,136.24335180753562,494
136.62209938220437,136.90931725144077,136.60053771654214,136.62209938220437,147
137.30736745420273,137.487016368774,137.2871991846938,137.30736745420273,712
137.65496890424473,137.68769563841622,137.53493760524296,137.65496890424473,537
137.7968444160755,138.0057216264508,137.63812111614482,137.7968444160755,574
137.3029077456251,137.98868984122674,137.2394560293693,137.3029077456251,851
136.87948226256242,136.90251272545052,136.5296497021908,136.87948226256242,685
137.50429171521074,137.76663905365976,137.34639196328072,137.50429171521074,649
137.8939662171634,138.01122322707383,137.68314512976428,137.8939662171634,827
137.87445645747465,137.99955165753545,137.4627203202336,137.87445645747465,235
137.6655016845917,137.98646254677132,137.3011226214065,137.6655016845917,617
136.65259774803602,136.68647836301844,136.4809803381669,136.65259774803602,858
136.11717153869378,136.19323886875696,135.97273970638943,136.11717153869378,423
137.07288108226365,137.3799054302262,136.84597341606204,137.07288108226365,296
136.43265329676242,136.6946922679733,136.0617671166591,136.43265329676242,210
136.52739320737297,136.70031016572332,136.22079289165228,136.52739320737297,899
137.03111519397058,137.46365099607348,136.83988158192045,137.03111519397058,649
136.40365385996944,136.58786448557902,136.22711809553732,136.40365385996944,214
136.49600909735997,136.63711177457202,136.30904876482083,136.49600909735997,796
136.9649668661153,137.01615574153098,136.6371404405294,136.9649668661153,823
136.97121652706892,137.31726095229803,136.7551660147533,136.97121652706892,587
138.4054180549023,138.56077283673972,138.12246898730865,138.4054180549023,464
137.5711184254632,137.80448297937002,137.42931160315746,137.5711184254632,583
138.10048269040513,138.50348437830655,138.03325810981602,138.10048269040513,866
138.0140818217069,138.01466485198986,137.75979108182133,138.0140818217069,931
138.40004189912523,138.5596063234138,138.37565581640882,138.40004189912523,409
138.62069547497484,139.14575659102863,138.5984729321603,138.62069547497484,212
138.25411737641983,138.2878717643074,138.19108571515676,138.25411737641983,369
138.3686155726495,138.6273662038227,138.29162137638556,138.3686155726495,419
137.43966484695036,137.753484651889,137.23825867397986,137.43966484695036,274
137.74128859723606,137.84730651443704,137.5645439375987,137.74128859723606,921
137.89036783023133,137.9097474054382,137.80279340124144,137.89036783023133,118
138.2096979145529,138.39132870427443,137.94129084835774,138.2096979145529,302
138.73875707709647,138.82319721405742,138.73419433828687,138.73875707709647,225
138.92256699720133,138.96615717845003,138.82183284250888,138.92256699720133,566
138.99661170710047,139.04339330418944,138.84499570504101,138.99661170710047,353
138.5560775387698,138.9271012533769,138.38997650104312,138.5560775387698,927
138.1999671569453,138.2756124140316,138.00926221177795,138.1999671569453,866
138.79333446703396,138.8892365796222,138.63793242099297,138.79333446703396,899
139.51150216988694,139.61943312475594,139.37348725109823,139.51150216988694,391
139.3924469517309,139.5149722271983,139.00672019155212,139.3924469517309,251
139.41544832535754,139.43202572213252,139.31380973752317,139.41544832535754,298
138.96314113786067,139.02729041215645,138.87047799378368,138.96314113786067,298
139.5495195604944,139.58288277239805,139.47627240985764,139.5495195604944,913
139.88222797234027,140.11358876212296,139.61806929161637,139.88222797234027,786
140.85283669057216,141.07808432825945,140.46519859641674,140.85283669057216,552
140.4136751519823,140.46175484711998,140.3178376458249,140.4136751519823,881
140.2246712024732,140.3782399414068,140.0800391799422,140.2246712024732,279
140.34039416373597,140.3793110963439,139.9872899059528,140.34039416373597,317
140.66363893259884,140.6704130424859,140.50771016212653,140.66363893259884,729
140.55580511382502,140.65050979013586,140.4845626237995,140.55580511382502,917
140.11932456859816,140.1556535963794,139.8547679736529,140.11932456859816,932
140.56002833305993,140.82829434696987,140.36927559988558,140.56002833305993,944
140.92059601433272,140.93908024380056,140.66761717264205,140.92059601433272,419
140.46245896405085,140.48951546576131,140.20610212502794,140.46245896405085,122
141.1401803646036,141.42962392045519,141.12807080053076,141.1401803646036,736
141.7252797192019,141.78712850072844,141.64792716145556,141.7252797192019,183
141.7924279678258,141.84069094857475,141.72561409539352,141.7924279678258,810
141.83222689901382,141.9980555961025,141.49703172480022,141.83222689901382,425
142.10925578457176,142.11358886691247,142.0833550418463,142.10925578457176,798
141.67840424944362,141.76424070748914,141.22942639065192,141.67840424944362,428
141.69341998902567,141.7094191600744,141.64502834671612,141.69341998902567,703
140.6172282167211,140.64152881868486,140.3785493294415,140.6172282167211,429
141.05545603947255,141.24660691103708,141.0382681449732,141.05545603947255,793
140.2747094282516,140.35444978474825,139.96884329751327,140.2747094282516,838
141.0264193424661,141.0418941990183,140.93583102383855,141.0264193424661,810
140.86135929548288,141.09821918171423,140.4937053486034,140.86135929548288,572
140.7555258045173,140.80686963907644,140.73360935442963,140.7555258045173,577
140.44165885147504,140.57404588745854,140.3822585926221,140.44165885147504,334
140.297639414514,140.37744036636278,140.08156825425928,140.297639414514,655
141.00690508708803,141.3484148649524,140.6429777727657,141.00690508708803,687
139.76300075882048,139.9463420533383,139.58145565487874,139.76300075882048,752
140.40148345186458,140.5109887579517,140.31338749238714,140.40148345186458,793
140.57049519241542,140.71561322751188,140.43525753809976,140.57049519241542,218
139.9669843684868,140.25497517677252,139.93338300719688,139.9669843684868,139
139.4293281719622,139.64445353076573,139.1367526046007,139.4293281719622,359
140.2675246855663,140.3808767617898,140.25922546832172,140.2675246855663,855
139.79477124559492,140.00849968951294,139.72171318010314,139.79477124559492,740
139.21809599029694,139.43442620954977,138.97736446511456,139.21809599029694,105
139.7867532614793,140.08720631194737,139.52142893357933,139.7867532614793,410
139.95602969962226,139.98744942975102,139.75494749652577,139.95602969962226,165
139.48706691135408,139.5008030532842,139.2127146282965,139.48706691135408,473
139.59537939905638,139.70416140975902,139.3222129412984,139.59537939905638,830
139.08250305723624,139.2476735912018,139.02084018339426,139.08250305723624,245
139.63291375644755,140.0054864737378,139.4772154434239,139.63291375644755,333
140.1635992388841,140.27055369009565,139.9477437003348,140.1635992388841,128
140.42960233829507,140.52659344727059,140.41939145574307,140.42960233829507,920
140.61043286891856,140.93769322593846,140.2305958047512,140.61043286891856,772
141.49102693135225,141.78997313280613,141.3204493225749,141.49102693135225,742
141.49087009504638,141.76271034877905,141.14453859025184,141.49087009504638,759
140.89993303233598,141.01760104379753,140.84384537610276,140.89993303233598,999
141.12466998875215,141.30626594031318,140.96682548894006,141.12466998875215,693
142.1676935135207,142.29690258220646,141.98226491641358,142.1676935135207,569
141.66031376692777,141.88194870622473,141.3942936903678,141.66031376692777,460
141.47958238358078,141.6160802254329,141.43379690304022,141.47958238358078,953
141.6878054026315,141.74576229836316,141.395067960598,141.6878054026315,694
141.66085297812864,142.12746009055093,141.59951443820597,141.66085297812864,684
141.16970118793998,141.25048927115364,141.10157657769435,141.16970118793998,454
141.7306301160552,141.75887848026892,141.63173681838472,141.7306301160552,825
142.89065047706384,143.06195086848774,142.61388471627893,142.89065047706384,125
142.9887162065758,143.1375648799669,142.729083576287,142.9887162065758,389
142.53668206170778,142.7018358808014,142.50007516470905,142.53668206170778,170
141.76220179918104,142.03642156196344,141.60949726560008,141.76220179918104,961
141.89118978979164,141.89478377279494,141.69921469753467,141.89118978979164,788
142.44312846144976,142.5561778862447,142.21163947097656,142.44312846144976,188
142.68071233469746,142.98356185469365,142.50426083277586,142.68071233469746,276
142.67951041423802,143.15120324267951,142.39449705920916,142.67951041423802,126
142.38487458834337,142.64064934128345,142.1108470397914,142.38487458834337,388
141.83879277198432,141.84987215434097,141.44599292478662,141.83879277198432,939
142.25616843514675,142.34317810947485,142.03379776138743,142.25616843514675,916
142.71305424583954,142.8787348901892,142.2983214107528,142.71305424583954,674
141.94018935249417,142.0912142321839,141.8661465463726,141.94018935249417,630
142.73510884158452,142.8328780195471,142.7146231087689,142.73510884158452,583
143.0221444520315,143.49906401209782,142.91667350268105,143.0221444520315,533
143.7219417746044,143.9226044371674,143.71950266128562,143.7219417746044,592
143.05087790036185,143.30398248464556,142.90165069622267,143.05087790036185,377
142.36796582265413,142.4063660767064,142.18874888307812,142.36796582265413,445
142.29348116777047,142.4135220126876,142.2507087212047,142.29348116777047,678
142.54487338121805,142.70103437153386,142.3315014128856,142.54487338121805,337
143.44305379268152,143.54070853762087,143.22408109420815,143.44305379268152,236
143.7960932495891,144.2066497362232,143.71737884735816,143.7960932495891,262
143.67475261118307,143.8197364797614,143.65572074088595,143.67475261118307,938
143.16156800735013,143.2736386385621,142.97412675323378,143.16156800735013,946
143.77656829370972,143.81163992858868,143.69158601169315,143.77656829370972,999
143.29421558083436,143.32056560278383,143.17796439083926,143.29421558083436,392
144.10844985822052,144.18094003194565,144.02373917901343,144.10844985822052,127
143.96625753341726,143.96924260790587,143.8038525585065,143.96625753341726,355
144.7615485697262,144.87783718699473,144.62992302461484,144.7615485697262,902
145.10101421475582,145.49368594340893,144.97732333667994,145.10101421475582,723
145.03251647003458,145.14757819171493,144.99057604877547,145.03251647003458,851
144.7728182841215,144.9673084116589,144.41833097546234,144.7728182841215,854
144.60236434544848,144.6955776951042,144.32700658045704,144.60236434544848,764
144.8165226916361,144.99838017097483,144.5574211752126,144.8165226916361,364
144.85510093974494,145.04281515315694,144.70754358848697,144.85510093974494,663
144.5581952357106,144.70958578293616,144.2447994662366,144.5581952357106,580
144.47537953055178,144.50208467764227,143.84804232088732,144.47537953055178,500
144.51466804541136,144.61905915850653,144.2283774412538,144.51466804541136,559
143.45030099820394,143.59972154893737,143.26516760862236,143.45030099820394,876
143.6793850555983,143.98088483891863,143.41688578527328,143.6793850555983,665
143.1895244432399,143.38789518334147,142.95227999093768,143.1895244432399,232
142.612858241637,142.647800449223,142.54082020476397,142.612858241637,290
141.76918606808167,142.01845412680584,141.42957083849777,141.76918606808167,223
140.87223981914772,141.03753809428977,140.7491519688895,140.87223981914772,530
140.19451606759156,140.36791075887808,139.76753168943935,140.19451606759156,317
139.8400055887763,139.84861048577935,139.60955891166338,139.8400055887763,976
140.8166351575396,141.03012872775372,140.75229509515287,140.8166351575396,502
140.55369531959198,140.6232932295111,140.52837593049793,140.55369531959198,421
140.642570372726,141.09307707568271,140.4928959134419,140.642570372726,400
140.84281106597916,140.88064713301094,140.46310578393465,140.84281106597916,170
140.90834365908708,140.93958243910652,140.66140460324823,140.90834365908708,313
140.8696219287241,140.91460597491118,140.60248164973314,140.8696219287241,973
140.27197504692447,140.39746728021962,140.20167749388372,140.27197504692447,644
140.99743882106407,141.04092663720922,140.86505290811726,140.99743882106407,473
141.901037142883,141.91426536591283,141.82285885884093,141.901037142883,435
141.05970779582168,141.064673858647,141.00200982696842,141.05970779582168,270
140.5476935003785,140.63022177266708,140.39586566059447,140.5476935003785,443
140.40778832919,140.49375489381956,140.29677134427521,140.40778832919,555
139.9255194317349,140.02283656567502,139.65732550905304,139.9255194317349,961
140.17850220846282,140.4545268663799,140.07472607332176,140.17850220846282,509
139.8143661072595,139.9262371892026,139.80874918385177,139.8143661072595,400
140.8968941411628,141.06228335335135,140.7446103475873,140.8968941411628,595
141.49216843833457,141.73738935540138,141.3964673622698,141.49216843833457,390
141.59845545365067,141.70364428977564,141.43644517430567,141.59845545365067,848
142.11194858531053,142.29762632113776,141.8115832815277,142.11194858531053,948
142.66489879748917,142.98076782990321,142.4437373368066,142.66489879748917,536
142.38292505346004,142.42375582785925,142.32669630825714,142.38292505346004,201
141.97481643118905,142.01136012355192,141.8110952503075,141.97481643118905,109
142.0138879626739,142.34942478085387,141.7941431273176,142.0138879626739,140
142.44470602492285,142.6302351312835,142.30983246779317,142.44470602492285,469
142.51423622424957,142.6403252624082,142.5113079534889,142.51423622424957,225
141.72573798315406,141.8002968148599,141.4079849385081,141.72573798315406,884
141.32432576117864,141.3578620278685,141.07171063107344,141.32432576117864,482
141.28733932938144,141.37820561601188,141.17170660476907,141.28733932938144,426
141.24950652721853,141.45327502109345,141.23106229559303,141.24950652721853,549
142.23577761561344,142.3077809086611,142.08540626681946,142.23577761561344,622
141.54278364441393,141.58841391427157,141.54155991158558,141.54278364441393,930
141.79557826533187,141.852068218143,141.73167811204877,141.79557826533187,806
142.54013481949602,142.68501185252046,142.44323797167007,142.54013481949602,631
143.6758596922074,143.79287232648673,143.37462626603053,143.6758596922074,372
143.47366098061542,143.70842938468877,143.2129664948591,143.47366098061542,601
143.7193757069755,143.92968521864356,143.65182364298846,143.7193757069755,846
144.00425588557485,144.19980676578325,143.8748673216572,144.00425588557485,586
144.1019967513515,144.11231300279462,144.01599407534678,144.1019967513515,326
144.05257415073183,144.20695222576902,143.96630771346122,144.05257415073183,326
144.27056184548186,144.44756757193443,144.0731779688354,144.27056184548186,965
143.00443880287202,143.0254539971137,142.8242083343452,143.00443880287202,440
143.34547354790334,143.64648671928407,143.24314493520941,143.34547354790334,371
143.40856249973433,143.61015494671705,143.4038815975855,143.40856249973433,890
143.2973250513452,143.70814416792993,143.2534006831989,143.2973250513452,494
144.32075614920498,144.4126511609988,144.18915878324998,144.32075614920498,223
143.9832891398097,144.13260181026368,143.83694544463728,143.9832891398097,294
143.78175114527718,143.86539416093044,143.67582512273685,143.78175114527718,682
144.77752779637956,144.89099389177687,144.60711716885106,144.77752779637956,843
144.36149714395464,144.56038002797268,144.1091133485871,144.36149714395464,272
144.08643950248637,144.11187070837772,144.07974867844607,144.08643950248637,302
144.01292679077093,144.2082263313255,143.72829473534122,144.01292679077093,132
144.43329403183571,144.84098333681214,144.4134083401899,144.43329403183571,310
144.53719528551238,144.74845691160752,144.29382792722748,144.53719528551238,912
143.89088261193626,143.92365689228356,143.820190657879,143.89088261193626,793
143.62479833037267,143.69072503693423,143.51755747426463,143.62479833037267,852
143.32112111376657,143.5034775713003,142.92155215904114,143.32112111376657,150
143.28251059115505,143.33439458940768,142.98057022731751,143.28251059115505,982
143.49543242046997,143.6202004702074,143.3425128463589,143.49543242046997,991
143.70453529841396,143.7599271172594,143.67673266220217,143.70453529841396,954
142.81652942138976,143.02148418152277,142.75079377292013,142.81652942138976,506
143.34849991517018,143.5302874145479,143.30776783062495,143.34849991517018,640
143.4747843381685,143.67419640364113,143.11184964862593,143.4747843381685,617
144.16705036196544,144.37850065436945,144.14960438348155,144.16705036196544,232
144.38914952561078,144.47138420472143,144.34170255048457,144.38914952561078,195
144.93981100447866,144.94516026471325,144.80207854544938,144.93981100447866,523
145.17308366020373,145.30466335791868,144.9350997169942,145.17308366020373,957
145.8461965383051,146.05432502686503,145.65881669944426,145.8461965383051,181
146.10732185631397,146.1767998246557,145.99970489905164,146.10732185631397,888
146.05836423309253,146.1395812550674,145.74662427201375,146.05836423309253,414
147.19458159331597,147.44788935910498,147.0969540485043,147.19458159331597,828
147.63910015445592,147.87255829793267,147.47521591301486,147.63910015445592,379
147.9259723649581,148.49000612940625,147.87589262550225,147.9259723649581,742
147.28782015668895,147.4546312470588,147.12259442992436,147.28782015668895,185
146.64366634795718,146.83052869549132,146.26623313562294,146.64366634795718,939
146.7900240890281,146.87650432648368,146.55463144801624,146.7900240890281,465
146.8627846879122,147.1173667313617,146.6352026529513,146.8627846879122,924
146.55572340540806,146.56834291599893,146.48965071290934,146.55572340540806,465
146.62621475521408,146.63870109587955,146.43914479135913,146.62621475521408,192
147.42052821923588,147.48843397671672,147.41228407056227,147.42052821923588,170
147.76822945651102,148.40554443887322,147.34282854873243,147.76822945651102,425
147.19772520163465,147.46661198325125,147.1717078143823,147.19772520163465,606
147.1419707880632,147.2821970282058,147.013867943192,147.1419707880632,425
146.7394875476369,146.92204844495714,146.65551262307855,146.7394875476369,943
146.54563758943263,146.57435555452852,146.48084903328896,146.54563758943263,290
146.3388297566178,146.50145457538707,146.1112103377957,146.3388297566178,313
146.1000069653158,146.26442913477237,146.0103964055948,146.1000069653158,146
145.4724392793291,145.5005326744761,144.97742635149524,145.4724392793291,829
145.40861193857,145.6335162744928,145.38633111148954,145.40861193857,188
145.12830812014636,145.14453303683007,145.10838413019027,145.12830812014636,886
143.6635837751452,143.8334672690885,143.5428065651346,143.6635837751452,326
144.69006978739606,144.72031303166355,144.67293611972522,144.69006978739606,496
145.2344546145044,145.40627007777744,145.1882427902878,145.2344546145044,316
145.0463042520419,145.05180177871406,144.99006214605072,145.0463042520419,851
145.0557137769122,145.20580774929923,145.0422762418134,145.0557137769122,400
144.46988660325343,144.48049700163844,144.34792235990795,144.46988660325343,515
145.31774804215885,145.39592569559332,145.1414150165424,145.31774804215885,952
146.26639238954542,146.3070476337569,146.19135764457832,146.26639238954542,993
146.34473925366868,146.48417577782726,146.11643172162167,146.34473925366868,269
146.85650457576136,147.07794122973772,146.58514463866308,146.85650457576136,464
146.94414796522832,146.99627919616935,146.92875505794024,146.94414796522832,331
146.27578524579036,146.53929340959385,146.08746865249688,146.27578524579036,719
146.06987356130853,146.18460495396386,146.05363883924517,146.06987356130853,427
146.1358375446945,146.14738837402797,145.7175044576405,146.1358375446945,332
145.90856368532278,146.03651118666255,145.70877011825945,145.90856368532278,781
145.79923704660527,145.8897363378258,145.68908850829877,145.79923704660527,746
145.7535372678507,145.90425748968266,145.56100028444018,145.7535372678507,742
145.71309801891798,146.11788434111457,145.4049846966497,145.71309801891798,136
145.73922726416671,146.04991849089936,145.5086540238573,145.73922726416671,870
145.20892473096842,145.40989056086508,145.130516757229,145.20892473096842,501
144.85041665640446,145.15147249163675,144.7446723298371,144.85041665640446,735
144.2081245235545,144.28843225069832,144.0907016441403,144.2081245235545,525
144.6970322983976,144.76744222960406,144.66501012026967,144.6970322983976,507
143.64420882747743,143.8434466765966,143.49294656933955,143.64420882747743,874
144.2210039991359,144.29093395056537,144.11962652916245,144.2210039991359,964
144.9141786977673,144.95438539851062,144.6397882876315,144.9141786977673,316
144.763088404276,145.18515693469527,144.74922166264614,144.763088404276,269
143.46151986036236,143.58648210126952,143.32261074997072,143.46151986036236,709
143.28086457937872,143.56888660339254,143.0417832795941,143.28086457937872,457
143.2487724987343,143.31925708161117,143.0257476356353,143.2487724987343,285
142.74347338876984,142.8756777650784,142.67130770708948,142.74347338876984,824
142.48586419186572,142.64571348336918,142.32199481058922,142.48586419186572,969
143.25096179129739,143.36410949218816,142.90262965850292,143.25096179129739,923
143.58342537244826,143.59059403141987,143.48070512565332,143.58342537244826,843
143.12114331525922,143.17440238654734,142.9752140348469,143.12114331525922,778
142.3223437304615,142.44174113667063,142.20573358426873,142.3223437304615,917
142.15883507165663,142.32399249670752,142.1513788280527,142.15883507165663,260
142.0521066819814,142.20399511674592,141.58250645510054,142.0521066819814,383
142.30020627566304,142.3449941605257,142.20780667092242,142.30020627566304,283
142.03254791937923,142.04856451902904,142.0092177893761,142.03254791937923,636
142.28829770706017,142.34426202624903,142.05701415276067,142.28829770706017,241
143.2558747270903,143.30893239604706,143.10585599559263,143.2558747270903,794
143.66362523831242,143.94949053250724,143.36248330583655,143.66362523831242,695
143.63958098464704,143.89683140193802,143.60584481276493,143.63958098464704,330
143.5480057491204,143.57224217950053,143.4719702715993,143.5480057491204,567
143.36966918203046,143.4101998345949,143.35090259295336,143.36966918203046,487
143.95998963825653,144.04615883929048,143.95584790151946,143.95998963825653,834
143.64633291528088,143.69364135400386,143.4325875244396,143.64633291528088,257
143.66894426978087,143.8223568076788,143.6411608423859,143.66894426978087,417
143.6945432207214,143.8021399551516,143.62486205482054,143.6945432207214,284
143.44365112431564,143.5872203701149,143.22910937616214,143.44365112431564,520
142.7574183503736,143.0276171315191,142.68155327756747,142.7574183503736,282
142.91890560218243,143.09563051197662,142.8633061778334,142.91890560218243,696
142.88840361625475,142.92050086032046,142.5436266409702,142.88840361625475,676
143.13852385097303,143.36310408218839,143.08474231573004,143.13852385097303,151
142.87172369775345,143.20528328435435,142.76016635297623,142.87172369775345,102
143.48213434715998,143.5296790218294,143.44875008044212,143.48213434715998,176
143.04374745655406,143.13836893922615,142.71751695354845,143.04374745655406,746
143.89976759856302,144.2471129621159,143.8823956434003,143.89976759856302,937
143.02594934364888,143.0936439647113,143.00266649807074,143.02594934364888,681
143.24333437592733,143.27311169671808,143.21536030417278,143.24333437592733,773
143.48104971719064,143.78407270444055,143.4417473319904,143.48104971719064,707
143.0832711832202,143.17392599164685,142.84336361549063,143.0832711832202,115
143.2954681521507,143.395106536291,143.12629938321376,143.2954681521507,329
143.93522748703077,144.47329048848852,143.92961225080754,143.93522748703077,988
142.82681806735374,142.9406903057719,142.4865530460624,142.82681806735374,366
143.07819047109916,143.16522913753872,142.90359334283065,143.07819047109916,405
141.83155506093414,142.006510305785,141.74391883709467,141.83155506093414,954
141.34872265917252,141.60429796338093,141.07265298842574,141.34872265917252,105
142.16330584162299,142.23786100051595,142.08030308126368,142.16330584162299,209
141.87241482492695,142.01739765568004,141.7897450692169,141.87241482492695,242
141.28547484272246,141.42686584470658,141.16603476859618,141.28547484272246,766
141.18650597823012,141.46257656531276,140.91467844156972,141.18650597823012,306
142.22045914731189,142.34548125656167,142.0015499522881,142.22045914731189,528
141.30461802370888,141.66089796702906,141.21678695691952,141.30461802370888,265
140.7789630678892,140.89228463445622,140.5434345339143,140.7789630678892,359
141.52767890947902,141.65525857273101,141.25991906716314,141.52767890947902,784
142.45653008124788,142.6305421246294,142.33096633205722,142.45653008124788,493
142.40481446910275,142.74675607483786,142.33149202024393,142.40481446910275,220
141.78528811783943,142.02726690984326,141.63100923086137,141.78528811783943,512
142.833209868744,142.9211438131986,142.64353904741967,142.833209868744,239
143.6304310646186,143.8112093447458,143.46857588074116,143.6304310646186,267
143.9699045584997,144.14709154359272,143.61393992343503,143.9699045584997,183
143.563703384031,143.71896210218046,143.5208329423756,143.563703384031,520
143.53918871361196,143.7402999078487,143.39276093321783,143.53918871361196,805
143.45900867308956,143.5324131568159,143.12640239744718,143.45900867308956,887
143.62443432539735,144.240946760426,143.54247256546742,143.62443432539735,367
144.34993504446302,144.43022097633653,144.31564589577167,144.34993504446302,137
144.78964356503172,144.9184179672534,144.66142107952282,144.78964356503172,402
144.25095552653934,144.47318456958024,143.9520214825005,144.25095552653934,437
144.93920375154912,145.0172422736702,144.66562939616003,144.93920375154912,853
145.0957698215557,145.32058900049603,144.9713416306413,145.0957698215557,429
145.43930271948517,145.65602202841967,145.2995221430803,145.43930271948517,298
146.17257314912447,146.3802503565564,145.9727387805553,146.17257314912447,909
145.6167830243677,146.03795429324035,145.5413640788792,145.6167830243677,104
145.59887023501446,145.75170189500085,145.49601711653148,145.59887023501446,531
145.33314295933485,145.4912127610733,145.24141647987452,145.33314295933485,470
144.54921324665213,144.5831327819311,144.16218279299906,144.54921324665213,994
144.7225682354546,144.82750199156766,144.37322236215138,144.7225682354546,966
145.9783465112468,146.1305849857871,145.96671373145236,145.9783465112468,202
145.0583076389939,145.3595242210743,145.01459159817634,145.0583076389939,534
145.04216733346917,145.12571835845333,144.9320271570757,145.04216733346917,749
145.36243880100656,145.716650161474,145.22290623180396,145.36243880100656,904
145.42397790183466,145.5647091772977,145.42258592525218,145.42397790183466,480
145.3674138755768,145.4958228939555,145.32230831011245,145.3674138755768,165
144.71780569385388,144.81888436909796,144.63943038843135,144.71780569385388,678
144.83419906532396,144.84438180443107,144.57445513832607,144.83419906532396,369
144.455817076816,144.4898972756284,144.1321947132539,144.455817076816,146
143.36085622432674,143.73802914789957,143.30315292928762,143.36085622432674,464
143.95815233458362,144.0326647906978,143.87773311368431,143.95815233458362,980
144.43734524450463,144.57361556579167,144.39793787244926,144.43734524450463,279
144.46317573293015,144.59498767103307,144.44145137335227,144.46317573293015,167
144.577713077033,144.69762880259574,144.47321260865644,144.577713077033,214
145.11487208339076,145.28697354869183,145.07239059862712,145.11487208339076,125
145.2270419117798,145.34797808180528,145.0563362501591,145.2270419117798,658
145.67905068916045,146.09646453830234,145.3742615273278,145.67905068916045,306
145.53030958872353,145.58913422479876,145.37036155909354,145.53030958872353,172
146.1863014580105,146.40386896755322,146.11210531611744,146.1863014580105,358
146.34669432097684,146.36253490671476,146.20193656315405,146.34669432097684,485
146.44372029277977,146.63394190212827,146.2956039847388,146.44372029277977,129
145.80868974842375,145.82959819753358,145.80376143509616,145.80868974842375,520
145.9521676755746,145.98110482772307,145.931720833598,145.9521676755746,102
145.53619021682738,145.87059857143583,145.44429813875234,145.53619021682738,620
145.21704885356314,145.3164924496538,145.1603536552523,145.21704885356314,619
144.80936103940508,145.17728861391754,144.66539832920643,144.80936103940508,620
144.27624357345547,144.529221342276,144.19589844591025,144.27624357345547,987
145.33862927496395,145.34967087676242,144.9275907264458,145.33862927496395,500
146.00429880595814,146.19026839563668,145.8293305505115,146.00429880595814,763
146.96448255703027,147.55815624307743,146.88568991228334,146.96448255703027,753
146.3530350472525,146.62294431001925,146.34404525584836,146.3530350472525,947
146.38866192220794,146.53270672558904,146.2549359705814,146.38866192220794,373
145.7419081096059,145.84610348430425,145.60254951750667,145.7419081096059,571
145.39406067100737,145.51552528010154,145.35297813156365,145.39406067100737,471
144.93499717929907,145.02053253350107,144.92703306407606,144.93499717929907,530
145.55478918251987,145.69566124736406,145.46789914259017,145.55478918251987,638
145.356674343469,145.39764580351255,145.20368227284726,145.356674343469,447
145.890864010316,146.0749806554833,145.87149487812565,145.890864010316,170
146.19292445511024,146.49618214522144,145.9360066888267,146.19292445511024,581
147.34474383116265,147.65879116197902,147.22597263313915,147.34474383116265,830
146.60502171959277,146.85147848549494,146.38365099469826,146.60502171959277,901
147.23463833948617,147.24242150508962,147.21493589527023,147.23463833948617,355
147.80785877468654,147.90575217375493,147.62932589089942,147.80785877468654,202
147.32116935567302,147.35456994001217,147.02724057834135,147.32116935567302,246
147.8247360239096,147.97140562534523,147.78933013272663,147.8247360239096,769
147.99280850542272,148.2661578527616,147.951343338584,147.99280850542272,959
147.87907037544602,147.94169898007272,147.81870119661548,147.87907037544602,239
147.46710263196002,147.64524184901248,147.3045814798649,147.46710263196002,754
147.10754790623542,147.1186739309886,146.91695425436893,147.10754790623542,720
148.13245395412838,148.49581260146084,147.9638238796091,148.13245395412838,522
148.13279536360713,148.40233098070965,148.09106990751,148.13279536360713,970
148.52386036437287,148.70561305999775,148.15453974995665,148.52386036437287,931
148.1284106735391,148.28754807756357,147.93400027095433,148.1284106735391,163
147.73848420042827,147.8783742185496,147.592241602521,147.73848420042827,370
148.27947660505325,148.51122757195523,148.1114081690079,148.27947660505325,797
147.60468849927747,147.69601425642185,147.54367339145702,147.60468849927747,967
147.39708161532482,147.66809882847983,147.153709673499,147.39708161532482,934
147.41409532086095,147.42789602100837,147.31682854541233,147.41409532086095,612
147.46978162178098,147.63329793913653,147.25929642973244,147.46978162178098,106
147.3802349792729,147.59123913034833,147.22108396386062,147.3802349792729,492
147.57814486982085,147.72220058513844,147.42921188933786,147.57814486982085,100
147.92457274772974,148.4216355326365,147.756522394806,147.92457274772974,360
148.29189152045942,148.31911644727458,148.1773698653384,148.29189152045942,146
147.7989896161255,147.8713711833977,147.62765124206047,147.7989896161255,967
147.6569120671611,147.90138462856194,147.29770322550786,147.6569120671611,877
148.25429349809957,148.6230440898581,147.98825559498886,148.25429349809957,101
148.7016170918865,148.86542762051027,148.44891448331987,148.7016170918865,634
148.01518736614597,148.30282648318772,147.9196466229511,148.01518736614597,458
148.19092731632207,148.25778240953738,148.12135081008162,148.19092731632207,576
147.20181469163467,147.32153370992356,146.87098548552,147.20181469163467,521
147.22528214266484,147.37299535050525,147.12047513919586,147.22528214266484,914
148.17416565103784,148.2924355269975,147.77310317167462,148.17416565103784,695
147.70021929240335,147.977812409198,147.63743227794131,147.70021929240335,303
147.28305776965755,147.409619289502,147.2316065602517,147.28305776965755,326
147.66507266044397,147.94631913229648,147.62687113358487,147.66507266044397,863
146.89367190283915,146.98213233406622,146.74668987271255,146.89367190283915,916
146.57729438789661,146.93510341874588,146.4673890530107,146.57729438789661,250
146.87551495668748,147.0251168540076,146.79729865480414,146.87551495668748,346
146.55837203284278,146.9153597394172,146.51638147611456,146.55837203284278,917
146.4403870392373,146.67304346579613,146.30601697780224,146.4403870392373,116
146.8124798943948,146.8174269785553,146.79335906508172,146.8124798943948,403
147.0232529361631,147.46892142415305,146.91749750438134,147.0232529361631,988
147.15666213431078,147.23181151065472,147.13148626883196,147.15666213431078,613
146.98710099467576,147.09453384715343,146.94376059645384,146.98710099467576,296
147.17213155231025,147.4688927233169,147.0571869640952,147.17213155231025,545
147.11026521226037,147.4458583796541,147.03068269753678,147.11026521226037,440
147.33916801722327,147.3606251904426,147.09240069997244,147.33916801722327,880
147.09070200466428,147.14938828512695,147.03548620355465,147.09070200466428,160
146.9994175174745,147.0793024736717,146.76153924175193,146.9994175174745,366
146.50443862119852,146.80709451503006,146.44460842660703,146.50443862119852,196
146.4869348161954,146.74784459611223,146.42330635325612,146.4869348161954,382
146.08143438438097,146.33841774135598,146.07299916308165,146.08143438438097,346
145.52441115929997,145.61918773325712,145.37658742874532,145.52441115929997,134
145.65374173322766,145.65815527341505,145.61655465000007,145.65374173322766,885
145.76011162115648,146.1689777163967,145.6693318649311,145.76011162115648,568
146.15154848863077,146.41516689578987,145.9304888380558,146.15154848863077,167
145.93598570384322,146.05794820781816,145.82987804018467,145.93598570384322,288
146.1400121272616,146.21555447928438,145.96211793797124,146.1400121272616,140
146.41541091339843,146.7660859531433,146.1942238210069,146.41541091339843,707
146.63779781731424,146.90638908364048,146.52443443090183,146.63779781731424,782
146.22497097591315,146.2711131704101,145.97512387199862,146.22497097591315,166
146.29965271704876,146.3942434299914,146.29422173520425,146.29965271704876,407
146.48172286507608,146.54504355365668,146.44132286566435,146.48172286507608,218
146.48531209853004,146.8962740622578,146.386112247463,146.48531209853004,952
145.4420732693445,145.67187620855498,145.4135229518752,145.4420732693445,782
145.52231808133124,145.55625509950278,145.36847681183173,145.52231808133124,285
146.62858360102985,146.6686625580051,146.5368730690036,146.62858360102985,169
146.44856396665136,146.73753402410333,146.41428743179662,146.44856396665136,856
146.0845254177237,146.2004409871465,146.03631363095732,146.0845254177237,770
146.27119969757942,146.58292530099342,146.03842548847055,146.27119969757942,383
146.42738880281271,146.86611838806448,146.3759686792506,146.42738880281271,718
147.02375638552093,147.1160020378207,146.77687525396857,147.02375638552093,647
146.39482230756647,146.49790928050274,146.08013533976836,146.39482230756647,447
146.76051243385396,147.11178803137955,146.68796652054075,146.76051243385396,294
147.05572346447968,147.36500320191766,146.9035871165025,147.05572346447968,879
146.9846501960094,146.99121735782967,146.8509052949549,146.9846501960094,583
147.15399385497025,147.46112005073246,146.88774985726883,147.15399385497025,687
147.66872259576942,148.02534549976792,147.5609401624473,147.66872259576942,379
148.10488028578365,148.11976162016887,147.83876651587963,148.10488028578365,932
147.5333706297468,148.02775738423318,147.44644848663702,147.5333706297468,447
147.94344972312453,147.94971795365848,147.8136802149996,147.94344972312453,691
147.91110542060827,147.95400961067546,147.84338038908095,147.91110542060827,577
147.94754246961602,148.12071698733288,147.73035520553526,147.94754246961602,197
147.98414096511686,148.05489911134532,147.83498821629473,147.98414096511686,381
147.90901947071774,147.92608742587672,147.86215667299544,147.90901947071774,729
148.50487321927127,148.78676010408145,148.1673249376464,148.50487321927127,518
148.46301423934668,148.46685800979014,148.4147872504691,148.46301423934668,322
147.9032411751551,148.24224473375017,147.59986010448793,147.9032411751551,351
147.70647624717023,147.77994012474008,147.67048513733417,147.70647624717023,179
147.79582360557546,147.93508232138595,147.49811467776908,147.79582360557546,925
148.41043099772398,148.58348522918288,148.28894914818875,148.41043099772398,781
148.71197834019839,148.85121628336364,148.58583987506287,148.71197834019839,512
148.28671070082487,148.5809907704582,147.85864894485755,148.28671070082487,768
149.52930565916432,149.71081211932287,149.19616984306154,149.52930565916432,492
149.66169331465332,149.87974217138492,149.51550622783301,149.66169331465332,433
150.29938868365284,150.43320803568037,150.23077349750454,150.29938868365284,988
150.22353146686422,150.38432876604233,149.98340553466826,150.22353146686422,427
150.49021108921693,150.883901347089,150.26351916140683,150.49021108921693,101
150.90994534147612,151.04767532320346,150.69463027842727,150.90994534147612,302
151.51904269735326,151.87899035569868,151.33344798986926,151.51904269735326,357
152.04772685004238,152.15759686828264,152.0174577031125,152.04772685004238,862
152.48382535007886,152.65421959908886,152.2559880874087,152.48382535007886,466
152.3262819844818,152.38552207315277,152.23683775858902,152.3262819844818,245
152.04040896350375,152.1835910467295,151.7873918438841,152.04040896350375,936
152.20671271866584,152.3890627434603,152.01111971606585,152.20671271866584,477
152.67327675483637,152.865629238991,152.65622816900847,152.67327675483637,540
152.56191640444806,152.6488244238989,152.44156028378833,152.56191640444806,554
153.09450238730525,153.23161330160195,152.73032506899338,153.09450238730525,506
153.82081076004835,154.11859521126246,153.6763599455691,153.82081076004835,886
153.36265030051163,153.54839756361818,153.33397439954365,153.36265030051163,118
152.94418994861348,153.09437002180465,152.63026304769795,152.94418994861348,979
152.8740024191608,152.9783214512313,152.74025607298975,152.8740024191608,532
153.0278087532554,153.25825148586915,152.8878522044145,153.0278087532554,528
152.76552524637188,153.06016657234693,152.57452170566398,152.76552524637188,351
153.44162658580547,153.51201880064707,153.3360104577848,153.44162658580547,895
153.6536600165647,153.88899965371886,153.5059770756041,153.6536600165647,942
153.67338354068505,153.79920062248786,153.62591391678714,153.67338354068505,661
152.9554287787508,153.07997489495153,152.93974187731126,152.9554287787508,922
152.29752087053703,152.50778667414167,152.24167331968195,152.29752087053703,748
152.43802549567792,152.59795839874744,152.26986293536595,152.43802549567792,837
151.3717276826005,151.4891122036895,151.35756090109544,151.3717276826005,320
151.87804638742253,151.94123917769306,151.46690643263128,151.87804638742253,212
151.79896946523638,152.24296728274766,151.7699682017641,151.79896946523638,248
153.42051595003375,153.60982622231845,153.18542782104257,153.42051595003375,659
154.5744740753418,154.73865577957562,154.2895248934726,154.5744740753418,157
154.48374954071807,154.48484110957432,154.38706389458858,154.48374954071807,296
154.43058103945242,154.73609722772358,154.3083781691003,154.43058103945242,836
154.92837179645343,155.17024563212038,154.76787156571476,154.92837179645343,748
155.77995810141246,155.91321077868463,155.74822861117,155.77995810141246,806
154.96094357269445,155.05161426271457,154.88000275016236,154.96094357269445,817
154.0677558400171,154.530164651289,154.054791060266,154.0677558400171,117
153.7567384372399,153.89746572606174,153.49107207596305,153.7567384372399,879
154.04810722882684,154.19654922131213,153.9786251332878,154.04810722882684,314
154.29654402408065,154.40896247649718,154.15545928128014,154.29654402408065,817
154.83142975157256,154.90946419014858,154.81168674110836,154.83142975157256,735
154.2315809873899,154.2879810959008,154.15780477879667,154.2315809873899,115
153.07350905590545,153.1487867682833,153.04102907460154,153.07350905590545,776
153.5025161535565,153.55690427174463,153.41856221108316,153.5025161535565,759
153.0884180170739,153.09880168882913,152.95305586996463,153.0884180170739,887
152.07917408487958,152.38143070970173,152.0393196423299,152.07917408487958,498
152.15170595785926,152.4142380700191,152.14054803213594,152.15170595785926,332
152.5482938019686,152.7525854227717,152.33550263295945,152.5482938019686,124
152.48726523590798,152.6517336956455,152.40427406008143,152.48726523590798,500
152.25834104281674,152.3980208670826,151.86217027331767,152.25834104281674,879
152.1786599267438,152.4020558122718,152.10588576705112,152.1786599267438,464
151.9933685455434,152.0118884245971,151.6680823937601,151.9933685455434,394
151.31934498957332,151.6931398047387,151.236210594754,151.31934498957332,536
150.9620046510781,150.976463183021,150.62722506540834,150.9620046510781,170
151.22264460358502,151.42088344710993,151.02497039110222,151.22264460358502,811
151.38348387427328,151.5298557162449,151.3110169826183,151.38348387427328,658
151.4675137772567,151.71599771202318,151.15872365630446,151.4675137772567,124
150.96993953633,151.06540850801878,150.755361513187,150.96993953633,824
150.87918795526218,150.99851269405886,150.87670695863287,150.87918795526218,473
149.79065543204075,150.26616939802616,149.6746601166493,149.79065543204075,644
149.87989376398343,150.0199381462399,149.5830816533393,149.87989376398343,557
150.5943226178902,151.0383869894912,150.43876366754594,150.5943226178902,313
149.85725655186917,149.97850399056844,149.6384751615427,149.85725655186917,310
149.56429271521029,149.60487750651714,149.39143130344,149.56429271521029,640
149.72884610456535,149.7397953837006,149.48702151028613,149.72884610456535,870
150.3552674217791,150.43946459538174,150.2833290009157,150.3552674217791,138
150.13115511362903,150.14916343040244,149.9614229231946,150.13115511362903,359
149.78502994899608,149.79243156781072,149.5937298910613,149.78502994899608,776
148.80056837778804,148.9687780638677,148.68461640244323,148.80056837778804,194
148.8522874424421,149.18886512023167,148.69164898341668,148.8522874424421,489
149.87332546251398,150.17075630965593,149.71880086532036,149.87332546251398,319
150.01200469349632,150.15567100213516,149.9981484694305,150.01200469349632,367
150.00086520390445,150.02110472936795,149.93669602503743,150.00086520390445,593
150.16190635928794,150.5420727223011,149.90557237595735,150.16190635928794,729
150.15636035731364,150.2245332771633,150.14288150667488,150.15636035731364,165
149.7498531711836,149.82183427862023,149.63633550018665,149.7498531711836,486
150.16149312902243,150.21103456870932,150.1128252159696,150.16149312902243,292
150.27437389057832,150.28235522948228,150.04578045084924,150.27437389057832,419
150.28318051654514,150.51173865554443,150.2475992646439,150.28318051654514,646
149.79549750290602,149.9488714079296,149.70770734880625,149.79549750290602,274
150.4472514688734,150.80424026271177,150.19739208372636,150.4472514688734,211
150.77960284153994,150.96419822121476,150.51414603396432,150.77960284153994,407
150.50314242285629,150.52192371918838,150.26773834525176,150.50314242285629,901
151.00405484969724,151.06408985955414,150.96277503820914,151.00405484969724,439
150.75526943050463,151.15113536950392,150.73107034363193,150.75526943050463,179
150.3642676842491,150.39171002485796,150.31030295777367,150.3642676842491,577
149.98441612550897,150.0970981156734,149.92290554196327,149.98441612550897,210
149.09888184896494,149.13146428764017,148.9471771967691,149.09888184896494,586
149.33465303917404,149.4614107683296,149.122972457555,149.33465303917404,552
148.41908060000486,148.5015128290145,148.33063549480323,148.41908060000486,512
147.804858684372,147.91301135536744,147.71482873236005,147.804858684372,703
146.7670646798327,146.89441079165434,146.73423359313395,146.7670646798327,285
146.72402983343727,146.75879453848623,146.64890558709666,146.72402983343727,652
146.64886960330134,147.11040724884842,146.60600399007237,146.64886960330134,186
146.48552149670815,146.63426148008918,146.40679452139324,146.48552149670815,323
145.96423264937286,146.02786117590514,145.9627548753968,145.96423264937286,150
145.37811577265455,145.3884553605296,145.21534765852442,145.37811577265455,225
145.61030070442783,145.74777159129948,145.44656369578558,145.61030070442783,245
145.3350247385736,145.55467189927828,144.98104647139547,145.3350247385736,140
145.49320389934167,145.96738097400296,145.29853241545484,145.49320389934167,454
145.05057955627956,145.1567913903553,144.83679587323195,145.05057955627956,544
145.1411109276651,145.3047736749291,145.11019916368755,145.1411109276651,462
145.79274994632314,145.85156880800088,145.77433748721384,145.79274994632314,635
146.08583284651954,146.2500006382896,145.87510552371026,146.08583284651954,914
145.8796259374113,145.96777728829906,145.86651519238126,145.8796259374113,383
146.00822542258928,146.1894940696687,145.80366289377474,146.00822542258928,135
145.88789283532418,145.9300199243672,145.71273658031362,145.88789283532418,376
145.89183292767154,146.05207699963412,145.81133619110676,145.89183292767154,795
145.72902740159728,145.82026806542763,145.64000795002886,145.72902740159728,424
145.6468597986546,145.72726965870956,145.53649028252607,145.6468597986546,765
145.75290647519168,145.90194385157045,145.6370974956041,145.75290647519168,281
145.2562271254007,145.55287890237202,144.93861030239182,145.2562271254007,570
144.7482877119057,145.2694030630434,144.74695481182766,144.7482877119057,911
144.0540164349901,144.07622992962922,144.01466006831356,144.0540164349901,516
143.25388088273826,143.6010276701278,142.94744439952197,143.25388088273826,765
142.64523953662803,143.13359725369398,142.64204278328359,142.64523953662803,988
142.72497079003008,142.81859569678932,142.67488534654274,142.72497079003008,249
142.27857703228415,142.4278516806492,142.17627189786057,142.27857703228415,503
142.53538426439968,142.54244763631866,142.51913484915173,142.53538426439968,613
142.55274113877596,142.71335805491978,142.4428770327193,142.55274113877596,908
141.56848903205693,141.7528996414924,141.38333654196555,141.56848903205693,665
141.89597682416778,142.21311265878794,141.45173012401276,141.89597682416778,540
142.30137614696363,142.4925637589993,142.2885231212777,142.30137614696363,345
141.8044448095462,142.1931616270217,141.4517946231478,141.8044448095462,145
142.0145405809937,142.02563124802523,141.83210192675247,142.0145405809937,174
141.5862914622891,141.6438753865383,141.48132872168722,141.5862914622891,248
141.63512665066327,141.68856496379433,141.38028715457511,141.63512665066327,505
141.0028774471858,141.0602938878088,140.718133883445,141.0028774471858,102
140.1063242209185,140.31470160741398,139.6299352242354,140.1063242209185,108
139.91491562611202,139.93171766429688,139.64305781582797,139.91491562611202,613
139.85305115297461,140.01090047195186,139.52294697235703,139.85305115297461,337
139.65421130616733,139.74259309060017,139.61977087325147,139.65421130616733,639
139.06219602705605,139.0961980708521,138.95723020276824,139.06219602705605,389
138.8622464959905,138.91978290472562,138.74888921787286,138.8622464959905,280
138.99689387228085,139.3319198602189,138.72957505717196,138.99689387228085,414
138.9744473572196,138.9819909471727,138.74523376879793,138.9744473572196,365
139.0656978725192,139.21704327308987,138.9636479145735,139.0656978725192,182
138.73064027229208,139.14094216510918,138.56126632535523,138.73064027229208,960
139.31649922965016,139.57782264350917,139.25890036716476,139.31649922965016,864
138.72841256137278,138.95904650106374,138.5080289952445,138.72841256137278,357
138.97219270991613,139.03353035302024,138.86917031902976,138.97219270991613,659
139.56313825639612,139.60906686750968,139.20149345456628,139.56313825639612,745
139.80359230277057,140.06724756117654,139.76787458300385,139.80359230277057,911
139.70233018923815,139.80211306943104,139.65796795957195,139.70233018923815,298
139.43818166590665,139.4930737014294,139.37383739150349,139.43818166590665,391
139.9562254914298,139.96090251646103,139.92772772108447,139.9562254914298,747
139.24473802879896,139.45017698644753,139.0751205970388,139.24473802879896,182
138.75967589860915,139.00123086309404,138.71226765383653,138.75967589860915,365
138.56089701586328,138.88786958609535,138.40326101403426,138.56089701586328,516
139.1797238946193,139.36007683220734,138.99082392389445,139.1797238946193,969
139.36960771263975,139.38373450857014,139.2839167763277,139.36960771263975,830
138.88558483338463,138.9153307509481,138.7852415685378,138.88558483338463,960
138.73043098069218,138.82655322374188,138.52836502317288,138.73043098069218,118
138.42326940864402,138.72743965505677,138.31319869108006,138.42326940864402,629
138.06837491252725,138.08869645626524,137.8996982219291,138.06837491252725,470
138.55781969180563,138.58662587220147,138.27309345544194,138.55781969180563,790
137.87194812717388,137.87557182269904,137.48386208207222,137.87194812717388,122
138.67633855504107,139.03274337758137,138.56276592559078,138.67633855504107,484
139.09045340013338,139.1642300207208,139.08572927965045,139.09045340013338,926
139.63588423543524,139.64178575515905,139.4600293430191,139.63588423543524,855
139.4044144794226,139.69710161027479,139.23991055058627,139.4044144794226,718
139.32944411988305,139.35884628660563,139.2344601451243,139.32944411988305,742
138.6128682126207,138.8402799846298,138.2965930187864,138.6128682126207,621
138.3505370090873,138.5327930204679,137.9441722978229,138.3505370090873,478
138.59736443290888,138.63842293723457,138.56326920311253,138.59736443290888,810
139.24539596379958,139.54228277148763,139.1527398954415,139.24539596379958,916
138.69181755539836,138.82708549855107,138.5357747609583,138.69181755539836,923
138.50906458690574,138.53932439485968,138.44523911829194,138.50906458690574,189
138.43341497678946,138.48475202296777,138.08113446680224,138.43341497678946,243
137.73552037569323,137.93335127929183,137.72973905702807,137.73552037569323,906
138.03119499657242,138.1139570202968,137.768796438494,138.03119499657242,720
137.66919983070113,137.69172716706626,137.53992629663193,137.66919983070113,963
137.57150465511262,137.580841001945,137.55990806579484,137.57150465511262,303
137.34552996915667,137.6016003733241,137.1029869539969,137.34552996915667,655
136.95086071629683,137.25915215526328,136.77068782818702,136.95086071629683,619
136.94733822355656,137.11855519795674,136.92324965102833,136.94733822355656,491
136.83953343427254,136.86178713810602,136.76796922176857,136.83953343427254,400
136.6536044931332,136.78845415481817,136.5909307668762,136.6536044931332,604
136.28937368229302,136.59264317545285,136.17208798196123,136.28937368229302,964
136.4491360176845,136.59283407714793,136.36964922291335,136.4491360176845,252
137.27594465193064,137.3341273322491,137.0770143659364,137.27594465193064,628
137.3458882683502,137.47919677474673,137.1585347818336,137.3458882683502,438
137.84394737580575,137.978701142673,137.83839362973748,137.84394737580575,848
137.14883641322902,137.3343792716859,137.01692162174768,137.14883641322902,611
137.2277171328759,137.26627689137717,136.85513802225313,137.2277171328759,434
136.67903297339038,136.97086517222812,136.61843480205724,136.67903297339038,608
135.94057050962442,135.98204186336324,135.7390642291267,135.94057050962442,155
135.5708848058949,135.5967741344044,135.24831461894206,135.5708848058949,655
136.1668344731017,136.2153377630069,135.7642433032149,136.1668344731017,920
136.6418423874365,137.10461428655788,136.52070514521066,136.6418423874365,852
136.7633447484637,136.76746278391064,136.75342384623195,136.7633447484637,650
135.99699446851875,136.05735285464934,135.96405525902716,135.99699446851875,229
135.89885414282477,136.00135282100095,135.67741418325298,135.89885414282477,197
136.04970414727563,136.28063153705259,135.8854467881316,136.04970414727563,892
136.13747226206493,136.31359355402125,135.75538513563825,136.13747226206493,521
135.21557547032455,135.36841299355166,135.01777458266736,135.21557547032455,179
134.7704165463146,135.16492150092398,134.56876299474135,134.7704165463146,387
134.73837766424026,135.01486433242135,134.59793356702514,134.73837766424026,946
135.00652311899884,135.27539231996496,134.7668869684066,135.00652311899884,845
133.90845920844887,134.07938467055902,133.90539789347977,133.90845920844887,945
133.82739722070895,133.96002969587082,133.6096151181759,133.82739722070895,268
133.8989216056484,134.01537501815017,133.77682314039401,133.8989216056484,178
134.3237275999065,134.41612271950075,134.04906274395435,134.3237275999065,170
134.67015639202523,134.81136978199632,134.6117841294223,134.67015639202523,362
134.96144205142963,135.15329272671943,134.95028718389366,134.96144205142963,811
134.56147179807866,134.58107801233461,134.36092688806232,134.56147179807866,822
133.607470729517,133.6236848777186,133.51656906965653,133.607470729517,629
133.41094435098628,133.50379709963343,133.35891299506096,133.41094435098628,884
133.91176026359057,134.0253591714954,133.8818541906819,133.91176026359057,309
134.6084875273528,134.8437326687045,134.5906867052421,134.6084875273528,216
134.96376207850167,135.22063647360352,134.88524974303016,134.96376207850167,715
135.17843248990255,135.18243795786336,135.06750366829334,135.17843248990255,176
135.36825231409554,135.5818571892738,134.99817677711917,135.36825231409554,414
135.09019294071516,135.10038139652784,134.97711549889112,135.09019294071516,110
135.02516279393834,135.0703978514745,134.88211814032198,135.02516279393834,992
135.8596975568515,135.86904744763203,135.68964845297774,135.8596975568515,150
135.38841855395557,135.5483671315777,135.29419594923732,135.38841855395557,106
136.1958079493105,136.49326590795198,135.93591074967415,136.1958079493105,648
136.03479387206448,136.45368137740746,136.0290530577244,136.03479387206448,360
136.697509926612,136.72374595746498,136.42994065224883,136.697509926612,673
135.99410242186323,136.08030264302982,135.66362561057238,135.99410242186323,611
136.28705452244554,136.42224205540631,136.0434029379216,136.28705452244554,299
135.91866945447174,136.18317914703806,135.84406870941953,135.91866945447174,429
135.21103585850963,135.38292349586868,134.96822295389512,135.21103585850963,189
135.32030287971511,135.60366969614287,134.868447645428,135.32030287971511,690
135.8250387740131,136.14980752286695,135.7458955518381,135.8250387740131,154
135.40256805471637,135.79274814807425,135.3216178829171,135.40256805471637,320
134.65306007448717,134.67153636628697,134.51352184567793,134.65306007448717,191
134.6071376923197,134.6870769904869,134.39648866029293,134.6071376923197,685
134.5634200279311,135.14578081687455,134.45354487420977,134.5634200279311,155
134.83757984170836,135.12650809232204,134.58894143787938,134.83757984170836,843
135.31237712739062,135.4673643488123,135.0337808038556,135.31237712739062,278
135.28266953675438,135.68650938729664,135.15432933066987,135.28266953675438,160
136.2104211941515,136.39095682269135,135.96826964622798,136.2104211941515,971
136.32253856641915,136.38726506092175,136.2237033085344,136.32253856641915,216
136.14932531341572,136.15359178974194,136.1134997506599,136.14932531341572,689
135.3435416338643,135.68007421679394,135.21385240678106,135.3435416338643,335
135.21221187370622,135.64185971409776,135.20611091080613,135.21221187370622,132
135.04401840100064,135.16138693690547,134.93645258731,135.04401840100064,666
135.5241707991414,135.92416811120344,135.35229357292724,135.5241707991414,342
135.75541261117482,136.17505010382905,135.53940111611448,135.75541261117482,885
135.16572805035852,135.43010424879049,135.00890893108402,135.16572805035852,173
135.25185524356405,135.26126695171894,135.23977401712082,135.25185524356405,120
135.58762082942857,135.62426921152033,135.52471808066804,135.58762082942857,964
136.3516365091225,136.70976670771384,136.32130187196222,136.3516365091225,812
136.79538849282952,136.9460262753872,136.70720472726785,136.79538849282952,253
137.17581181998526,137.2349079827654,137.12486806198808,137.17581181998526,353
137.20585481729285,137.24742249396567,137.10952332708192,137.20585481729285,306
137.40001082000458,137.47972922778735,137.23695475412634,137.40001082000458,248
138.02476327035765,138.23222851001793,137.74196944367623,138.02476327035765,794
137.35837457161782,137.51528797013833,137.13396793749322,137.35837457161782,401
137.18365490800934,137.4253195651988,137.1105713637893,137.18365490800934,396
136.79737053363124,136.84632745755195,136.47676263674416,136.79737053363124,590
136.9869470929943,137.10937845438542,136.7104899121671,136.9869470929943,872
137.6020581808197,137.78183294299518,137.39363020229268,137.6020581808197,143
137.30357103745916,137.89433573453928,137.2587351404884,137.30357103745916,243
136.10841885372446,136.21303971510136,136.01805150808374,136.10841885372446,343
135.90230848121223,136.07562259209732,135.44799358943132,135.90230848121223,518
136.35904534722093,136.42884780094656,136.02939540347833,136.35904534722093,616
136.62786029869588,137.28500504143224,136.4327380434035,136.62786029869588,161
136.84195342260116,136.9809866261248,136.81966020604528,136.84195342260116,957
136.70195677166393,137.24914880354063,136.54494736708136,136.70195677166393,637
136.06244140355403,136.17619534262192,136.04065066009989,136.06244140355403,416
136.32008856436627,136.44606581188083,135.94563955191722,136.32008856436627,534
135.90294765934897,135.97253087497313,135.8838555658372,135.90294765934897,936
136.9949960260392,137.35112374593473,136.92788485511127,136.9949960260392,795
137.28024963021645,137.6461621494807,136.84185257051158,137.28024963021645,917
136.98992547893948,137.1049929525481,136.6011158201791,136.98992547893948,480
136.68423285524517,136.73486959438503,136.62199133641062,136.68423285524517,135
136.63776075193837,136.9236141278726,136.50336320391108,136.63776075193837,641
136.5180097909275,136.6829435158658,136.28490391301224,136.5180097909275,680
137.07642667869246,137.38709761850365,136.93830317426332,137.07642667869246,331
137.1696347635645,137.1775946543877,136.95173387165187,137.1696347635645,787
136.80381889411024,136.93729570498226,136.75310524848265,136.80381889411024,889
137.74903923668813,137.82106542694365,137.747164924984,137.74903923668813,132
137.77369340244823,137.85718520872086,137.59497577746853,137.77369340244823,680
138.15811324043267,138.1743420068026,138.114871856876,138.15811324043267,451
137.85399998671028,137.88974301157748,137.75159408385844,137.85399998671028,354
138.03555780058255,138.07032077067643,137.921158673104,138.03555780058255,149
138.19111279615416,138.39030378179945,138.02113761113068,138.19111279615416,122
137.24628815010607,137.3935336391391,137.13335800580535,137.24628815010607,353
138.2539257053364,138.45054633476522,138.08612859279046,138.2539257053364,493
138.89924793579766,139.10136605642938,138.84677742496567,138.89924793579766,775
138.70065027772466,138.75152516112996,138.5774413983221,138.70065027772466,981
138.14951540749672,138.29688283231775,138.0087560634995,138.14951540749672,372
138.3232962143985,138.35290769717668,138.193188916603,138.3232962143985,792
138.3666450641057,138.49527514613024,138.25604623257144,138.3666450641057,958
138.54447953838732,138.59678325773248,138.49028940371193,138.54447953838732,349
138.64026823648436,138.7064303403888,138.4079115962132,138.64026823648436,336
138.89338873113732,139.06948602318215,138.87783186274189,138.89338873113732,331
139.61704158083322,139.68365326784664,139.39658627551614,139.61704158083322,527
139.90109318339753,139.96414882088797,139.5424001984221,139.90109318339753,733
139.37626543394256,139.42256918835184,139.3280052296023,139.37626543394256,341
140.0575468602988,140.32055647220363,139.92855586349333,140.0575468602988,233
140.87785414204293,140.99178015735222,140.75034055697836,140.87785414204293,170
142.45388250929898,142.5344139056284,142.24731962739733,142.45388250929898,957
141.8921354926792,141.90622756077238,141.8530435612019,141.8921354926792,564
142.01357649925433,142.09897323602675,141.74105644330444,142.01357649925433,520
140.97252714765983,141.10344013597899,140.78500559173037,140.97252714765983,409
141.24910172584944,141.2711688124813,141.13081520598521,141.24910172584944,378
140.97500157676606,141.19656623324943,140.8722717736763,140.97500157676606,318
141.93672447417853,142.12412587042775,141.79462165675417,141.93672447417853,796
141.54941698916923,141.81529800983424,141.48953460156574,141.54941698916923,406
140.7048254701856,140.96311658308298,140.33459465778176,140.7048254701856,413
140.46919359983434,140.70332610587437,140.36432614271914,140.46919359983434,502
139.48144971422576,139.60051437180428,139.25860610016989,139.48144971422576,828
139.85699944147942,140.13817137865252,139.7766225088539,139.85699944147942,587
138.82445791835124,138.88403698729994,138.76217921813563,138.82445791835124,892
138.83868670894282,138.96234456960497,138.60574010052017,138.83868670894282,504
137.7997807990147,137.88311261112443,137.66602130584167,137.7997807990147,478
137.63963189674638,137.71674369273887,137.5976191741549,137.63963189674638,380
138.46132097464866,138.49950572099968,138.42019004146272,138.46132097464866,736
138.64164492036656,138.66307398631406,138.5339990580005,138.64164492036656,790
138.20989811788408,138.25474630899373,138.0756234139921,138.20989811788408,426
138.19429637341455,138.23646331714545,138.0515364801868,138.19429637341455,134
138.20330480943676,138.65039029638814,137.91822362296216,138.20330480943676,169
138.43961998235847,138.60148216314474,138.06673724958645,138.43961998235847,459
137.75619080071806,138.2523209842205,137.57041430903604,137.75619080071806,789
138.05247443764173,138.15186706422583,137.9186755511538,138.05247443764173,507
136.70027862184034,136.71727194121797,136.4717740579395,136.70027862184034,660
136.38533634565843,136.65176149871377,136.27863234702994,136.38533634565843,679
136.14119942443267,136.30311278485058,136.0059138033685,136.14119942443267,618
136.4578628374683,136.8382454672008,136.27854257849768,136.4578628374683,705
136.46917826380673,136.57358512177507,136.42103183145792,136.46917826380673,483
135.7663967368786,136.15025299690748,135.70040275188055,135.7663967368786,180
135.27390017397008,135.52257262610607,135.22346174383046,135.27390017397008,537
135.37324017874377,135.58393398555842,135.20154185869467,135.37324017874377,349
135.33370650781148,135.40195275201617,135.27068831916836,135.33370650781148,137
135.0441444529936,135.05689443732945,134.79660231376369,135.0441444529936,961
134.80372755823763,134.98834501672766,134.73690091046896,134.80372755823763,144
135.15181155681728,135.24196564025453,135.1212977070691,135.15181155681728,458
134.89296527038266,134.97622832185147,134.8516234871805,134.89296527038266,236
134.8489196483681,134.87558280967173,134.79198673828105,134.8489196483681,922
135.93388794240838,135.99770052636532,135.7985076948695,135.93388794240838,919
135.2220466239664,135.40497737103155,135.08603349771542,135.2220466239664,560
134.29612525817907,134.4737178454994,134.0295961544399,134.29612525817907,466
134.6879200905784,134.89349686886507,134.56267897825194,134.6879200905784,404
134.34859855993133,134.71423154551675,134.16124483979675,134.34859855993133,328
134.18947979606003,134.51295153554904,133.84987785908277,134.18947979606003,282
133.79890160699446,133.8675004521149,133.76528131474214,133.79890160699446,566
133.6690015366107,133.82350325788912,133.52441203316369,133.6690015366107,937
134.46827059265885,134.61622245079832,134.2473596876606,134.46827059265885,303
134.86933482196793,135.16637813879734,134.77040051807833,134.86933482196793,722
135.3004465779114,135.5239730662322,134.9460546370646,135.3004465779114,998
134.59233305001507,134.69270345988704,134.4872009865663,134.59233305001507,167
134.01675618173863,134.234128879683,133.96093671429432,134.01675618173863,968
132.5972168519959,132.9405163674247,132.1653035164674,132.5972168519959,649
132.19252644145453,132.29689254975216,132.17551242437705,132.19252644145453,809
132.67087803464736,132.85311204665234,132.63928216010632,132.67087803464736,404
132.92935129252155,133.17427903876458,132.69265291604637,132.92935129252155,703
132.8185946610455,132.89529026483027,132.7644656837935,132.8185946610455,875
132.80744451918648,132.9765258305429,132.80595175136148,132.80744451918648,854
132.46300174789877,132.5701731363965,132.22474292672177,132.46300174789877,727
132.56538118909967,132.7378425763324,132.3814690797271,132.56538118909967,194
132.94832032883997,133.06571197083522,132.7807495698864,132.94832032883997,824
132.14037693513473,132.39914047329768,132.08242951776424,132.14037693513473,345
132.2902007790534,132.4452973087903,132.25048451437505,132.2902007790534,784
132.75641821453075,132.78139173656984,132.61116542701168,132.75641821453075,896
132.54886807004908,132.70537632731438,132.50873544142672,132.54886807004908,178
132.89921837610936,132.96200881349253,132.51303673600532,132.89921837610936,532
134.30654559834565,134.31577798713965,134.20915828686566,134.30654559834565,379
134.25437420185222,134.4109475039117,134.0917223377045,134.25437420185222,760
134.45102772685487,134.64311711765166,134.37305911597136,134.45102772685487,468
134.0819991850242,134.13925385237968,133.7904250714339,134.0819991850242,378
134.1726247663252,134.34157224808345,134.14582907152345,134.1726247663252,450
134.40276057881636,134.5648920899561,134.4024135916416,134.40276057881636,325
134.50018174895143,134.68799237769184,134.39824829385873,134.50018174895143,505
133.99033408909702,134.00591569836328,133.88926730032222,133.99033408909702,545
134.09351497475976,134.28225530163974,133.9096754212842,134.09351497475976,422
134.82461294411857,135.12591867138102,134.8125532410117,134.82461294411857,729
135.04893082637582,135.1941144435746,135.04170032079065,135.04893082637582,172
135.52992442091175,135.959986579578,135.47551904158598,135.52992442091175,617
135.41141843590543,135.61235940804679,135.3535740477221,135.41141843590543,420
135.7863685556173,136.00307826028285,135.2688803098618,135.7863685556173,121
135.92600247472555,136.07034176552864,135.6908305206081,135.92600247472555,278
135.45054710988194,135.62473176385595,135.25452878584235,135.45054710988194,807
135.60980761228137,135.75875884363825,135.37313245111477,135.60980761228137,208
135.1139592805612,135.12444882049104,135.0154024857765,135.1139592805612,471
134.79751914311882,134.91351357732555,134.6674560641442,134.79751914311882,796
134.892183296765,135.02615690434598,134.55924969071148,134.892183296765,555
135.04080543345506,135.22960243652463,134.602408860507,135.04080543345506,666
134.4461892009165,134.64412105841876,134.30953586147294,134.4461892009165,328
134.97318208650793,135.15650982518065,134.73884564706336,134.97318208650793,630
135.25918522565817,135.28145610613527,135.18516290497368,135.25918522565817,463
134.90682100785273,134.9488521286909,134.5875281028927,134.90682100785273,996
134.13802860962815,134.3280637020421,133.83566766069248,134.13802860962815,524
134.06557632008744,134.1194970589001,133.84315594129785,134.06557632008744,315
133.84260446315687,134.29511822482394,133.73627682913147,133.84260446315687,147
133.89917469168338,134.00011778405042,133.81569483617608,133.89917469168338,564
133.7176163611056,133.8043187253463,133.6732123310296,133.7176163611056,771
132.71388793073308,132.82582024479797,132.6158080802206,132.71388793073308,372
132.5197144615825,132.63147771992988,132.2356351753628,132.5197144615825,707
132.36690490604835,132.50069780239198,132.06421591097052,132.36690490604835,129
132.6837354184354,132.8274439597912,132.60085946529387,132.6837354184354,732
132.33463558112987,132.70105950264534,131.99268201966393,132.33463558112987,978
133.17397291781614,133.2429279123346,132.74247615197868,133.17397291781614,965
132.21815264249025,132.3421572323056,132.1702946195342,132.21815264249025,289
132.87373639139156,132.99147473128542,132.74254526694781,132.87373639139156,251
132.7615769059525,132.8643368564941,132.74897734883677,132.7615769059525,475
133.19136934212426,133.46591927537403,133.1771877207081,133.19136934212426,354
133.23127008415364,133.4850202856739,133.0703615612148,133.23127008415364,802
133.80104785216636,133.93463618625827,133.6700518933836,133.80104785216636,753
133.60736686988994,133.71969898127503,133.27172979411017,133.60736686988994,857
133.05805665730105,133.06119425065245,132.61468112183394,133.05805665730105,133
133.76830880093658,133.82253073946595,133.75280856317903,133.76830880093658,286
133.7115684779955,134.0098140442736,133.5174988081128,133.7115684779955,978
133.82234771480762,133.90231225152672,133.52425451599686,133.82234771480762,548
134.43972367183002,134.459633808467,134.21372849767315,134.43972367183002,185
133.9237460507828,134.04936561779874,133.8478114796459,133.9237460507828,772
134.22149149960242,134.35884659741197,134.14049906008418,134.22149149960242,975
133.92654412137097,134.1104258071217,133.63448656913602,133.92654412137097,217
133.8604594435488,133.87613678349467,133.8587031341197,133.8604594435488,722
133.89659892624093,133.94270724361107,133.544954600267,133.89659892624093,157
133.14648799551745,133.5786991949873,133.09885408704224,133.14648799551745,117
132.75706947410723,132.8412900285396,132.47979365966407,132.75706947410723,978
133.4326059203138,133.63357025866537,133.19124674302938,133.4326059203138,970
133.8757015146062,133.96038883124206,133.7595897029249,133.8757015146062,239
133.84438172594258,133.99183406122097,133.8055455448237,133.84438172594258,557
133.96594345519904,134.42148124040523,133.84843033611196,133.96594345519904,805
133.8188222023808,134.18263764041996,133.74732363292645,133.8188222023808,741
134.4971138952948,134.59062887779123,134.33900798260973,134.4971138952948,311
134.39693760639773,134.62471972869375,134.3142570267397,134.39693760639773,585
134.51285865246516,134.95804573605676,134.2895220859167,134.51285865246516,895
135.08587372453619,135.24338401266192,135.0169459366419,135.08587372453619,219
134.69718798211323,134.79117955674786,134.6557886080163,134.69718798211323,990
135.4765825743617,135.52377859413508,135.43416396552647,135.4765825743617,653
134.71135186949,134.80934067368477,134.707779729295,134.71135186949,102
135.5261729350464,136.03617819334966,135.2069516319838,135.5261729350464,328
135.3398351430704,135.4170400668121,135.29074761855463,135.3398351430704,328
135.21848576915775,135.32721659481388,135.21816323467885,135.21848576915775,442
134.27348068356628,134.59386044188426,134.22578251215612,134.27348068356628,240
134.04608332487743,134.20374517783242,133.87744648102841,134.04608332487743,156
133.52618005936398,133.70021269091995,133.38459739155329,133.52618005936398,315
133.22235688667723,133.75835378387012,133.16758856061472,133.22235688667723,742
133.1537014037828,133.21241477110098,132.92257310085824,133.1537014037828,213
133.63259721101926,133.81281956723168,133.4522035833436,133.63259721101926,802
133.73639888671957,133.85875245915813,133.69956637881114,133.73639888671957,854
133.89023721342014,134.31892617712887,133.6204517121963,133.89023721342014,393
133.34247751899736,133.39379648615525,133.29244219314796,133.34247751899736,926
132.902100474196,132.9314989310537,132.78327575220288,132.902100474196,127
133.80146298337166,134.07408359948798,133.44931912072192,133.80146298337166,637
133.43386246599005,133.4913065350251,133.1311541788696,133.43386246599005,695
134.2619665920187,134.65783055098925,134.1481609628224,134.2619665920187,958
134.14043599257826,134.2791755835809,133.9812339985771,134.14043599257826,420
134.14157996065,134.28646559589708,133.94924235026414,134.14157996065,941
134.67676254076497,134.94862082563228,134.64381649501317,134.67676254076497,813
135.3127087517343,135.51670249548783,135.2957906249848,135.3127087517343,672
135.25730247159476,135.28941489525423,134.95958208320437,135.25730247159476,796
135.063180944834,135.1759442567113,135.02726476697015,135.063180944834,857
135.03522072057288,135.12367704823893,134.91771566256008,135.03522072057288,612
135.20419948468893,135.3772593397159,135.03008934124884,135.20419948468893,854
135.64985132812382,136.12824770603504,135.5212650616393,135.64985132812382,131
135.6519662576209,135.7213583169978,135.6263324235676,135.6519662576209,846
135.96140940663247,135.99190934229446,135.95463263806968,135.96140940663247,510
136.78058927276794,136.89392339136023,136.62506118517274,136.78058927276794,496
136.97124407890033,137.12403315164343,136.8160435069134,136.97124407890033,116
137.12707050690273,137.13605441453362,136.89342398709883,137.12707050690273,700
136.3676150943577,136.63145410491126,136.25739569769573,136.3676150943577,151
135.05225002594315,135.4385404837624,134.93292890322473,135.05225002594315,469
135.24643789055824,135.47223054358489,135.15719121720136,135.24643789055824,263
135.1990257749178,135.67762823387116,135.08279587270343,135.1990257749178,402
134.94163443746044,135.08618979224698,134.78550830259013,134.94163443746044,549
135.06339953955361,135.10112200794862,134.94856252595034,135.06339953955361,643
135.03319767495515,135.06952986039232,135.02905747433178,135.03319767495515,809
135.5970878002721,135.6465663882616,135.32128315207785,135.5970878002721,601
135.6401432344016,135.8735824310734,135.39602917593257,135.6401432344016,450
135.2666815918665,135.36480074024718,135.20632382570707,135.2666815918665,478
135.76176471134613,135.877148793483,135.7025367953794,135.76176471134613,538
135.65319917387302,135.72288476393135,135.62852339180432,135.65319917387302,300
135.91646751570917,136.30449884207619,135.74293548749804,135.91646751570917,206
135.67776216261277,135.82621986412843,135.67046230712353,135.67776216261277,604
135.35284871986406,135.6019600828008,135.241192241262,135.35284871986406,483
135.3949328349569,135.51181478989454,135.15177788367532,135.3949328349569,947
135.40134715672875,135.61297437924222,135.36502712890288,135.40134715672875,956
135.64126067441217,135.7037761594911,135.5258095102138,135.64126067441217,395
135.5069377977573,135.52894476254386,135.41114975997078,135.5069377977573,127
134.58875790587211,134.91576743999602,134.3945142232336,134.58875790587211,436
134.37237096407793,134.5809259754292,134.17083635112039,134.37237096407793,386
134.76928019764983,134.8099297439109,134.72918941497926,134.76928019764983,730
134.62059215802827,134.70819320973203,134.5712554845106,134.62059215802827,442
134.497400456771,134.60140133293118,134.4069430236143,134.497400456771,130
134.99058870972397,135.08074560834265,134.864187045152,134.99058870972397,765
134.6346020960945,135.05185491625613,134.52430731383862,134.6346020960945,871
133.86320048697306,134.1221868640411,133.56465025179185,133.86320048697306,586
133.78288492721032,134.0746620049368,133.57652517629043,133.78288492721032,718
133.54079795158594,133.78381107270428,133.3168088974705,133.54079795158594,350
133.0576747917093,133.43785254963004,133.00343795070052,133.0576747917093,462
132.96998556375996,133.28763098350151,132.94358938401382,132.96998556375996,206
133.21573838738337,133.3895046849613,133.18324960634254,133.21573838738337,605
133.21109410659946,133.5094827184318,132.88084731225808,133.21109410659946,541
133.3645846429426,133.73999247386865,132.75692832021824,133.3645846429426,216
134.2712884922003,134.59258027240838,133.9446010099206,134.2712884922003,344
134.09984906142154,134.19751061876383,133.90306783035496,134.09984906142154,178
134.23902337874387,134.27742213646832,134.20777382420835,134.23902337874387,840
133.9844166974443,134.30286171217404,133.77484579470178,133.9844166974443,585
133.56123683750081,133.5982900204869,133.36978422226497,133.56123683750081,122
133.26878301079194,133.39043084040483,132.9868340493523,133.26878301079194,296
133.0294037250311,133.0916817125704,132.97241074199857,133.0294037250311,460
133.20914162380467,133.30306092046354,133.03122632681365,133.20914162380467,799
134.38367951715506,134.47192748158912,134.19814961941313,134.38367951715506,526
134.02565779901713,134.0612550406074,134.0020582837883,134.02565779901713,316
133.8173451462094,134.20836236899302,133.77057650318255,133.8173451462094,858
133.78578363965377,133.96930683747505,133.69053886351278,133.78578363965377,765
133.98368306400866,134.26773728106215,133.78241595018764,133.98368306400866,806
134.11545846998604,134.15287225758135,133.79478457158456,134.11545846998604,727
134.7575063669601,134.8220107907815,134.51843585522016,134.7575063669601,295
133.5443103316925,133.7679440413673,133.4199198831967,133.5443103316925,666
132.35084539659465,132.57686872306843,132.2763679595101,132.35084539659465,786
132.1029063105896,132.14797593733218,131.80945183095116,132.1029063105896,542
132.65155640436143,132.67910808539622,132.62201524020884,132.65155640436143,558
131.86873238855864,131.95700788921758,131.70210483252072,131.86873238855864,558
130.36491621871176,130.38506878329207,130.0493655731517,130.36491621871176,583
130.65050592182135,130.6880447081057,130.49415782737645,130.65050592182135,243
130.7723345336727,131.0522031432299,130.56677975008992,130.7723345336727,413
130.227230330273,130.2635259066488,130.0978929596603,130.227230330273,974
129.73446052991252,130.0001308882151,129.4692837145218,129.73446052991252,828
129.2495886700952,129.28271169511453,129.17056064836996,129.2495886700952,356
129.30485632883216,129.57968349366217,129.16220650321537,129.30485632883216,738
128.99169869074066,129.04790333019588,128.91657591531154,128.99169869074066,573
129.23873065022843,129.47302727622264,129.12002285294878,129.23873065022843,784
127.81141731877624,127.83681488141723,127.75938760342055,127.81141731877624,705
127.38299138621234,127.54938560782804,127.33590249463764,127.38299138621234,598
126.81996440575682,126.93886620628311,126.76747888661836,126.81996440575682,318
126.69179406657058,126.72139181607515,126.52437906908831,126.69179406657058,663
126.42277018732551,126.76472283765843,126.26017125544352,126.42277018732551,630
126.8216920772734,127.05428999640887,126.68097130365766,126.8216920772734,457
125.89202369144337,125.92263979233965,125.54008317171328,125.89202369144337,336
125.91476942960874,126.05789124320336,125.89862444194615,125.91476942960874,782
126.19393764121459,126.27258492304716,126.12923182890235,126.19393764121459,374
127.12226135949557,127.1290527365286,127.00243493922059,127.12226135949557,906
126.88137837394883,126.9536652132189,126.59637597726436,126.88137837394883,975
127.04360767612509,127.19689886809503,127.04111153502791,127.04360767612509,771
126.1416762798439,126.42827393518583,126.07307941157208,126.1416762798439,851
124.94569817768739,125.10542781912562,124.5647519339626,124.94569817768739,676
125.36808536557824,125.55247268583531,125.1532197710059,125.36808536557824,316
125.3653052187542,125.54991190620134,125.34694724939165,125.3653052187542,658
125.95456156365341,126.06481274812036,125.85173218212655,125.95456156365341,496
125.26786011916855,125.4957173510106,125.231360256946,125.26786011916855,173
125.52781118893292,125.86800549281621,125.41572033834295,125.52781118893292,775
126.46222010920484,126.82310227454452,126.2463456066767,126.46222010920484,809
126.67207291338347,126.71884883404614,126.35432284343787,126.67207291338347,427
126.810363666179,126.88450324922223,126.79346250502765,126.810363666179,507
126.81464170659117,126.93712403717424,126.56877105894836,126.81464170659117,247
126.02920097802821,126.13936354506491,125.85613651281865,126.02920097802821,185
126.70698744588339,126.74737665963399,126.52053177491811,126.70698744588339,620
126.40155862598085,126.65156375709837,126.36373871462749,126.40155862598085,602
126.65380025417237,126.71494049232233,126.54017127312129,126.65380025417237,864
125.87228310088675,125.98257040852185,125.73267679995855,125.87228310088675,331
125.28255326863285,125.42771749824061,125.15836895725502,125.28255326863285,987
126.00009696824397,126.0699555227148,125.95770278111397,126.00009696824397,597
125.82644582376504,125.88066885343743,125.5835344953005,125.82644582376504,522
126.55308356178631,126.75188396968757,126.16351881516611,126.55308356178631,566
126.51396823225706,126.52713793177024,126.13760786572902,126.51396823225706,346
125.59301934577813,125.68600394865108,125.34852350071462,125.59301934577813,469
126.03905314564399,126.07518382205313,125.93351384498396,126.03905314564399,612
125.74410698676618,126.09330079326118,125.44196840029855,125.74410698676618,878
126.0934513935247,126.12989975836041,126.06393187975807,126.0934513935247,204
126.10605682729475,126.24374413126968,125.9859694920013,126.10605682729475,333
125.33449771332332,125.40245431775116,125.04928790498417,125.33449771332332,557
125.4166450960086,125.72077793060483,125.12864298874459,125.4166450960086,356
126.514756667085,126.56735164988814,126.43941769734973,126.514756667085,574
126.76124989634222,126.85871252895288,126.47105463175222,126.76124989634222,692
126.73249101983949,126.89103905510063,126.65339920049858,126.73249101983949,734
127.27016272081794,127.73873412247542,127.15901862838807,127.27016272081794,271
127.37549695341949,127.40445005164301,127.23600073525725,127.37549695341949,918
127.48026406855088,127.68910150432369,127.34307461776993,127.48026406855088,372
126.93445148247133,127.10403723314239,126.87955490094565,126.93445148247133,970
127.05137549536613,127.42452096655983,127.04301520534902,127.05137549536613,858
127.5690972035746,127.63360694561993,127.48720359185899,127.5690972035746,974
127.15106612752459,127.31928243524587,127.14795849577729,127.15106612752459,987
127.86331403814806,128.10905964919385,127.51068361521807,127.86331403814806,293
127.81746102607549,128.02087413486953,127.6965544372553,127.81746102607549,211
127.37357627030622,127.39868797480094,127.15507610945502,127.37357627030622,122
127.87239230876634,128.01208706040896,127.68865343658233,127.87239230876634,993
127.72899519089721,127.74525110049993,127.5098079613757,127.72899519089721,414
128.10875263464027,128.2004727254158,127.98094853954647,128.10875263464027,301
127.962873318511,128.14451782332935,127.66295409919913,127.962873318511,600
127.93296024674605,127.99974925634585,127.82500210007183,127.93296024674605,717
128.17974034891319,128.2557219422213,128.07708552155424,128.17974034891319,705
128.3251888777082,128.43626480893815,128.01602814244308,128.3251888777082,124
127.32742298748234,127.4994400010309,127.30146784101682,127.32742298748234,756
126.76680111743514,126.84272312871803,126.65899259922261,126.76680111743514,607
127.23150610983055,127.39874353273821,127.20118449610163,127.23150610983055,465
127.16543781537978,127.20171902232322,127.14361009841062,127.16543781537978,630
126.90357216399407,127.09313631927657,126.8374550963024,126.90357216399407,821
126.22428515636534,126.50088871811424,125.73096755449703,126.22428515636534,693
125.68441699572742,126.10305260020564,125.44790311802169,125.68441699572742,145
124.67351767574644,124.97513424577524,124.498933279275,124.67351767574644,134
124.62287731639567,124.72516036740005,124.61979272221788,124.62287731639567,301
124.32365852610515,124.44500452660917,124.15276522485175,124.32365852610515,634
123.84036458061249,124.0557279753379,123.83068477048677,123.84036458061249,464
123.80630286802851,123.95380848072182,123.52771634051079,123.80630286802851,569
123.98828818345488,124.04333792096855,123.86919010209351,123.98828818345488,399
125.03488714955985,125.35175266512952,125.02550028439273,125.03488714955985,876
124.27894543977824,124.563802122633,123.96872202805841,124.27894543977824,515
124.8586359614285,124.89037262615226,124.7573594537309,124.8586359614285,445
125.34518674193605,125.4244035351519,125.15243453375373,125.34518674193605,448
124.9556403722477,125.03123832144475,124.66529618064499,124.9556403722477,798
125.05725834954072,125.46030273062719,124.84117480237504,125.05725834954072,909
124.82844172487191,124.94710904479818,124.39325089250481,124.82844172487191,289
124.92128601508128,124.97365745653042,124.52567318670751,124.92128601508128,502
125.67585152178356,125.71466754825018,125.5886269040296,125.67585152178356,851
125.97865463809921,126.23435167958955,125.82832738389536,125.97865463809921,448
126.23295882471594,126.5097306285151,126.16293319041242,126.23295882471594,472
126.01780416473862,126.13715866001215,125.89701797900256,126.01780416473862,738
125.27577583227645,125.44577748322853,125.16481208930867,125.27577583227645,604
125.17154172700624,125.22730072296055,125.03540244317388,125.17154172700624,390
125.7748458044382,125.78833980948964,125.50328100311154,125.7748458044382,210
125.01126187614338,125.09726458090564,124.88683368140325,125.01126187614338,654
124.48371719205502,124.55311188267605,124.37324175345316,124.48371719205502,602
124.54685106017206,124.72232220720304,124.48985715841442,124.54685106017206,400
124.05452366774843,124.39172505770252,123.96613479098676,124.05452366774843,745
123.65826194419083,124.14058998254853,123.56909604799571,123.65826194419083,112
123.44646265332673,123.47511998770314,123.28105514031978,123.44646265332673,622
122.76365395123166,122.91501002463583,122.76286151500744,122.76365395123166,201
122.27659302812347,122.57168385433194,122.17278647990517,122.27659302812347,296
122.62830698651713,122.91765840778282,122.56645693260664,122.62830698651713,490
121.97462209540166,122.04157676034262,121.87278955938632,121.97462209540166,154
121.17568602815423,121.3149094384235,121.0235702534964,121.17568602815423,282
120.86067353838729,121.09258064847738,120.54429731343564,120.86067353838729,118
121.2266512896422,121.28265613622656,121.15817511857448,121.2266512896422,462
121.12819038564376,121.30102480147856,121.10440725534845,121.12819038564376,873
120.89589984658595,120.89843073941567,120.63216866474238,120.89589984658595,572
120.91807924534375,120.92351467887823,120.87930821408429,120.91807924534375,108
120.04522552891392,120.16949187361831,119.93877798154361,120.04522552891392,759
120.29257835580144,120.36668102712021,120.1400762332629,120.29257835580144,124
120.48429587150326,120.53046566508401,120.1719077240659,120.48429587150326,405
120.2796416344554,120.44161084667928,120.17559465529031,120.2796416344554,683
120.78260389035361,120.81228977056645,120.72722125119367,120.78260389035361,533
120.2188558408771,120.38379618903431,120.12959681857423,120.2188558408771,521
120.78281033750388,120.8999729342148,120.65046225585728,120.78281033750388,933
120.8600571703015,120.97436330968165,120.66600746736788,120.8600571703015,156
120.69178087536241,120.96935006943161,120.50156680501463,120.69178087536241,633
120.68184405767826,120.90572223362744,120.46644151750851,120.68184405767826,923
120.62821167477279,120.72284829603421,120.48359249734209,120.62821167477279,647
121.23835312298165,121.59101288304156,121.10827638470248,121.23835312298165,278
120.70001355924614,120.751476859364,120.4772517822433,120.70001355924614,167
120.31875393967285,120.88177867765401,120.21066257871502,120.31875393967285,595
120.83690538570909,120.87749905433867,120.62699609381272,120.83690538570909,100
120.53913791811716,120.56612582414981,120.05327932458246,120.53913791811716,147
120.98940445678296,121.5128270802692,120.95738397404456,120.98940445678296,516
121.83912244828731,122.1059095762649,121.78755950723631,121.83912244828731,763
121.63822493481649,121.78096742758962,121.61521077383986,121.63822493481649,296
121.97890609810415,122.04461872114165,121.40548473466656,121.97890609810415,669
121.40205995743422,121.44725626650303,121.32628971158722,121.40205995743422,147
121.77942660646812,122.03709689030893,121.74999824260838,121.77942660646812,454
121.8791385994615,122.09324022638859,121.79322033879868,121.8791385994615,333
122.11565774054161,122.30267430782712,122.0273939396616,122.11565774054161,536
121.7928717045239,122.01000608636063,121.6069758921052,121.7928717045239,799
120.96232999674032,120.99183763436035,120.8901296075049,120.96232999674032,993
121.21395602911508,121.31832913242543,121.15092168833658,121.21395602911508,725
120.18225445287536,120.3691762353934,120.05743040830197,120.18225445287536,189
120.02357920675409,120.26280925105932,119.71071314146427,120.02357920675409,468
120.49417013996408,120.7870103944688,120.39389292214862,120.49417013996408,268
120.5901190079006,120.82706778764194,120.53359223664862,120.5901190079006,462
121.5642903302955,121.66277779812634,121.47535043434652,121.5642903302955,972
122.07684490658639,122.13481091496052,122.01849947317291,122.07684490658639,276
121.7498957124236,121.99308327601878,121.70342333705233,121.7498957124236,599
121.76355240234932,121.81271622769152,121.67743650542401,121.76355240234932,803
121.7398670510771,121.87663909174638,121.54450222590204,121.7398670510771,232
120.94877866940404,121.31388109120098,120.91020066702701,120.94877866940404,271
120.47857921116186,120.68998789499493,120.35038838189158,120.47857921116186,629
120.19819875767193,120.33736474695039,119.8905421692458,120.19819875767193,862
119.18008850624396,119.41927688773103,119.14705768163829,119.18008850624396,540
119.20383524036978,119.38018452052178,118.89657172560618,119.20383524036978,211
119.07929931804327,119.19064291336996,118.78758403647407,119.07929931804327,139
118.24285236738748,118.36542918174013,118.21897391730865,118.24285236738748,201
118.44495880002616,118.5680215764409,118.2854433873733,118.44495880002616,468
118.80289517237163,119.17446520262976,118.34288903534275,118.80289517237163,273
118.91641241180407,118.92503749799468,118.81782581531473,118.91641241180407,925
118.75437832419959,118.81476466122334,118.62797820327873,118.75437832419959,440
119.05009940007552,119.17991466678885,118.81676096088768,119.05009940007552,913
119.39020958031386,119.57644263246925,119.16210631334462,119.39020958031386,295
119.54391136517371,119.6393705669356,119.3704284993259,119.54391136517371,683
119.13160523995633,119.17510793914408,119.05748595360126,119.13160523995633,281
119.26990562271192,119.42777609589243,118.90011804723767,119.26990562271192,852
119.86764594812466,120.15533129187975,119.69085157958895,119.86764594812466,900
119.56933141881879,119.8233160362843,119.33767976266319,119.56933141881879,422
120.61830108838501,120.85752783180322,120.44914607566814,120.61830108838501,212
120.35548562139232,120.47813638432233,120.03442056512158,120.35548562139232,951
120.37168912806239,120.43947083719755,120.25025891990653,120.37168912806239,774
120.03544633005922,120.32551438181103,119.70091225311441,120.03544633005922,650
120.14708174801935,120.37151186031663,120.13547368760649,120.14708174801935,334
119.27597090170171,119.42136986684513,119.23495538570495,119.27597090170171,604
119.00295000229335,119.15670336800548,118.9409133586717,119.00295000229335,170
118.45688940211906,118.78050309835227,118.34996209559156,118.45688940211906,318
118.5245585760652,118.92323527618169,118.52295185535336,118.5245585760652,616
119.02178226381966,119.17209490890009,118.62929636127394,119.02178226381966,852
119.34478535737694,119.50146230220778,119.23776115561702,119.34478535737694,264
118.15895567694749,118.27502667751803,118.13943404872194,118.15895567694749,612
119.17999050341143,119.56945620079229,118.99946654513718,119.17999050341143,480
119.32763047372187,119.3811697245936,119.01375098949454,119.32763047372187,283
118.93938090347537,119.11000295636532,118.63137646629049,118.93938090347537,468
119.01794486297084,119.03904985072502,118.7716847553127,119.01794486297084,547
119.10603977422218,119.15964629168771,118.96484829276069,119.10603977422218,107
118.7726154157464,119.10522386766563,118.63735543349947,118.7726154157464,719
118.87157374941744,118.97951848536509,118.36817463897513,118.87157374941744,481
118.56783760560728,118.85811269782135,118.41490177052023,118.56783760560728,481
118.36565660926227,118.41672224361129,118.29231925449126,118.36565660926227,547
118.02251704138473,118.19219034866934,117.94758457957029,118.02251704138473,796
117.3061813965149,117.4228499830906,117.08122013517533,117.3061813965149,895
117.3790996316226,117.39969268011552,117.20950012483003,117.3790996316226,253
117.67174934988077,117.79704939308944,117.6365302522346,117.67174934988077,133
117.92919114791896,118.15068342964449,117.92217946434474,117.92919114791896,596
118.33915377423658,118.57943718059398,118.32896023071665,118.33915377423658,963
118.50132387924401,118.61029789340871,118.36533590467707,118.50132387924401,121
118.23496113013556,118.26259967969382,118.06346586082697,118.23496113013556,479
118.65479306235116,118.71401978032829,118.56959643799415,118.65479306235116,247
117.9760342924302,118.09366491749431,117.79191610353628,117.9760342924302,762
117.52569860117396,117.8158584944357,117.25838756682352,117.52569860117396,678
117.04359856546233,117.26702691770325,116.93717285114728,117.04359856546233,689
117.58362659503199,117.63595164774814,117.4459809427042,117.58362659503199,843
118.05502085210202,118.10424439337733,118.03890168729608,118.05502085210202,650
118.29867347062452,118.30952439119736,118.12791619461892,118.29867347062452,776
118.83463840323041,119.0940209258848,118.53381583569025,118.83463840323041,198
118.39499701202442,118.56916052239711,118.07042181513017,118.39499701202442,740
118.56929457195491,118.71799670602184,118.43004983544235,118.56929457195491,630
118.50670735776333,118.64182106348157,118.19537604423242,118.50670735776333,370
118.9301484097058,119.07164585114687,118.8997892199313,118.9301484097058,100
118.87253629342969,118.94751783068985,118.71983377999473,118.87253629342969,386
118.68006484922465,118.93618727829687,118.4351199448427,118.68006484922465,279
118.95051910850515,119.12130489141941,118.94937038940196,118.95051910850515,355
119.38860369210076,119.61625998107867,119.37438292063729,119.38860369210076,273
119.05443109467735,119.11631433170577,118.86769977439158,119.05443109467735,953
119.02389325900117,119.1367538481633,118.89459366588197,119.02389325900117,149
118.49467294218034,118.66636812041487,118.34358079814014,118.49467294218034,631
117.24564243343387,117.34872119305696,116.80827655917957,117.24564243343387,716
117.34587224914074,117.43476815511629,117.31076663662132,117.34587224914074,289
117.65032492726806,117.81951753379391,117.23094209142302,117.65032492726806,850
117.78135833181142,118.12971115428807,117.58315486459031,117.78135833181142,142
116.80657747293424,117.0345801302144,116.63172008149417,116.80657747293424,616
116.631152757896,116.82527949241829,116.51742429570798,116.631152757896,859
115.52197887787047,115.77662996823184,115.35789124903776,115.52197887787047,165
116.20682943169756,116.23409169081029,115.9992935235515,116.20682943169756,495
115.66380214063851,115.84424978118146,115.56205399667707,115.66380214063851,350
116.29150394536846,116.34381739001377,116.1650025501561,116.29150394536846,227
116.76443876721054,116.83339208318526,116.63321467593681,116.76443876721054,796
116.3141435909425,116.39971043408607,115.81477759269832,116.3141435909425,287
115.74775111530863,116.14834053212388,115.7457115789072,115.74775111530863,282
115.92293622350181,116.01100136043705,115.56364447926781,115.92293622350181,682
115.50077420491027,115.66242696992366,115.39894630977597,115.50077420491027,677
115.55201652598937,115.70453281188878,115.13339489652543,115.55201652598937,940
115.31060273058591,115.51935812186626,115.27451502351578,115.31060273058591,861
114.4200235233531,114.75044398969168,114.31046956814917,114.4200235233531,766
113.30478951379087,113.45731409707797,113.0812379241276,113.30478951379087,511
113.41813163803816,113.70749620606047,113.22578844593552,113.41813163803816,178
113.13735276487284,113.18615000247237,113.0360283308825,113.13735276487284,118
112.86080785641578,112.899192257423,112.78464291724819,112.86080785641578,577
113.20873977596267,113.63516906799141,113.06913945846057,113.20873977596267,880
113.79546091427889,113.8447305048686,113.72362089672556,113.79546091427889,144
113.65918855359799,113.8008257858699,113.62880478084662,113.65918855359799,873
113.48888920014305,113.54530461151832,113.48687888569621,113.48888920014305,321
113.73896071669999,113.9660471785061,113.73645092777676,113.73896071669999,228
113.0604929318502,113.31168033985334,112.92608671652079,113.0604929318502,717
113.17206945922405,113.28698180273139,112.9235630362795,113.17206945922405,862
113.44801244513512,113.67289527512929,113.38064077527723,113.44801244513512,732
113.78812754934394,114.03072433505382,113.70973796790508,113.78812754934394,329
112.8197511980927,112.90259335427821,112.67240500058932,112.8197511980927,892
112.43907356318823,112.62802413359,112.26866280682623,112.43907356318823,326
111.9999419367765,112.0102845590381,111.76550061320538,111.9999419367765,496
112.0498854139811,112.22443762813882,112.01558358220285,112.0498854139811,374
112.2902577038651,112.3232490789469,112.05698976155284,112.2902577038651,237
113.03861290758809,113.26503228375503,112.85678703706817,113.03861290758809,272
112.79113016740405,112.82475809661388,112.54787139038459,112.79113016740405,426
112.54234391824944,112.572342936231,112.4241878027746,112.54234391824944,882
113.11717992768882,113.13594905093349,112.96032230254328,113.11717992768882,314
113.26546839695398,113.42601391144152,113.05287431755835,113.26546839695398,327
113.89929415254797,114.03285063140562,113.84411936138466,113.89929415254797,206
114.04365815405288,114.4829474063815,114.00730699189684,114.04365815405288,258
113.46509984469624,113.55927361657132,113.34993180225663,113.46509984469624,993
112.79853566730733,112.99610255156894,112.72617286969043,112.79853566730733,235
112.02277954277787,112.11205439172957,111.9241043572784,112.02277954277787,862
112.3538054601571,112.48185155925071,112.15732669793677,112.3538054601571,129
112.94810387170061,113.17510629133783,112.77682117049945,112.94810387170061,197
113.8727849423938,113.97168444874987,113.83629494181895,113.8727849423938,708
114.29433760855542,114.32263339914236,114.25405029977196,114.29433760855542,868
114.87575689732292,114.90091542285458,114.84300152308434,114.87575689732292,883
114.58574873099607,114.95024139959483,114.57480344597407,114.58574873099607,981
114.00754082262415,114.19690084146042,113.98897991341286,114.00754082262415,622
114.43258048883293,114.78758789305842,114.37149704482673,114.43258048883293,441
114.64142086495262,114.64777764592675,114.35774149124966,114.64142086495262,267
114.69514305212307,115.06225714749725,114.542994099796,114.69514305212307,310
114.88882879243957,114.92466932330339,114.88515238588536,114.88882879243957,783
115.05042153366867,115.24232074898856,114.96101064647546,115.05042153366867,937
115.69232996359545,115.76534097015644,115.66856579504964,115.69232996359545,731
116.33982275600393,116.63477846425161,116.25629845272958,116.33982275600393,284
116.6119329321741,116.64483583853334,116.31194491366684,116.6119329321741,531
117.03483436845556,117.2062688432339,116.76022485952255,117.03483436845556,523
117.29186564466795,117.39022852488554,117.15991069293959,117.29186564466795,138
117.06128077865064,117.21596074186417,116.83593605129491,117.06128077865064,486
117.43956311610721,117.65081719765683,117.14221942212616,117.43956311610721,868
116.74231558167757,116.8834763927007,116.70608540633131,116.74231558167757,890
117.26926135782551,117.4205898508469,117.05635776320891,117.26926135782551,841
116.67199988794249,116.84376874360228,116.58589396560708,116.67199988794249,550
116.81490153133986,117.03133315850546,116.74323134486875,116.81490153133986,214
116.39232455212678,116.62806277848603,116.36629673875076,116.39232455212678,500
116.669019043664,116.73942676625562,116.5868078822083,116.669019043664,403
116.65205643070004,116.71388797460354,116.50802374414639,116.65205643070004,702
115.85467845161838,115.9914876576942,115.80887185949875,115.85467845161838,408
116.06502826712762,116.06604534635326,116.01884291431969,116.06502826712762,672
115.77606787871126,116.08149435554229,115.74394351369497,115.77606787871126,202
116.21664123911795,116.4114532705016,116.10214306302753,116.21664123911795,826
116.21730408348515,116.60765260528724,116.16490971251388,116.21730408348515,201
116.41501457617916,116.50602969132323,116.07485961867097,116.41501457617916,754
115.93623009867156,115.95831033145187,115.68927114842785,115.93623009867156,189
115.64156398295788,115.7835690003209,115.29638029332395,115.64156398295788,217
115.41224466490733,115.54266071237832,115.05050855118562,115.41224466490733,238
115.84059590502861,116.00844093396236,115.42467828117012,115.84059590502861,402
116.67928444893136,117.12094005290737,116.54465048596731,116.67928444893136,851
116.27669857305992,116.40721815492621,116.1664250332034,116.27669857305992,747
116.81512264538875,117.27862589162812,116.57356734703363,116.81512264538875,616
115.73028393652591,115.84696491968555,115.51895629358481,115.73028393652591,308
115.13318923597976,115.26840996363919,114.98409694503066,115.13318923597976,186
114.65380000788637,114.88837886361267,114.64243519545651,114.65380000788637,958
113.97754566316601,113.98095942820596,113.94422836333484,113.97754566316601,418
113.18575146827222,113.34508830029054,113.0606268892023,113.18575146827222,888
113.39225092434111,113.53586333310855,113.24099457412862,113.39225092434111,986
113.28521707547718,113.39302537482773,112.76776724839628,113.28521707547718,732
113.47491977427973,113.5393221684032,113.20854371342466,113.47491977427973,344
113.82015611734049,113.85456790181374,113.71381492654142,113.82015611734049,969
113.95296461392675,114.07063692678811,113.73481700238209,113.95296461392675,189
114.28184620200194,114.28440906291524,114.26426536964101,114.28184620200194,577
114.24708005888081,114.48077823730067,114.2106283701644,114.24708005888081,751
113.65358336472794,113.81170816298253,113.44046031278627,113.65358336472794,211
114.18249045513834,114.23895286352332,113.94874627282466,114.18249045513834,493
113.88793438874777,114.07667547503378,113.83083700010793,113.88793438874777,986
113.42013623936656,113.5211396935156,113.1143332344836,113.42013623936656,339
113.33117730146435,113.36396249681546,113.24390578278212,113.33117730146435,371
112.8747718418161,112.95522431074897,112.8532709977245,112.8747718418161,242
112.66605665082139,112.85590811119197,112.27872069836424,112.66605665082139,818
112.83808361160312,112.93084048587875,112.5288831027592,112.83808361160312,218
113.0122544812262,113.27927540467992,112.73813280492817,113.0122544812262,695
112.56333944801338,112.75106166373848,112.22257318098013,112.56333944801338,999
112.31948676153901,112.4203055279278,112.0540447066577,112.31948676153901,350
112.85665326392413,112.88738308978346,112.5212343522297,112.85665326392413,377
113.1048533227911,113.16867749116481,113.05478280110088,113.1048533227911,262
114.14238584246537,114.37979607259865,113.90764608031462,114.14238584246537,753
114.73244992933614,114.977165861288,114.46278362828004,114.73244992933614,449
115.30459646361611,115.57158580929284,115.26404294329143,115.30459646361611,130
114.6106621883882,114.6189275547636,114.52030711121327,114.6106621883882,557
114.99259236420491,115.10358579720463,114.98462250337485,114.99259236420491,937
114.96603896335645,115.23474826468086,114.93359513355215,114.96603896335645,190
114.69054806158732,114.8152912685706,114.32476613509989,114.69054806158732,227
114.77455573185358,114.83823910259724,114.7453884786052,114.77455573185358,878
115.24716149915932,115.25036883176202,115.08602320437487,115.24716149915932,647
115.49757729466143,115.6774970422573,115.46899286952343,115.49757729466143,947
115.05834039399039,115.24137482413411,114.83876513633946,115.05834039399039,891
115.4295698507867,115.47574267302629,115.31959231440631,115.4295698507867,824
115.11077607974872,115.41249797062466,114.97961661745475,115.11077607974872,608
115.21911763923086,115.26835442809005,115.20092041162302,115.21911763923086,844
115.06744260549229,115.25110583295798,115.0063620691136,115.06744260549229,839
114.95800947962448,115.25599672055252,114.56972586624715,114.95800947962448,980
115.34113096714474,115.59390527929148,115.01923054236639,115.34113096714474,909
114.82103410723678,114.88631030880589,114.63914227273727,114.82103410723678,336
115.79363164437525,116.06583911656182,115.66088235505546,115.79363164437525,632
114.883088609728,114.89086751297525,114.75982421190623,114.883088609728,707
114.58425476810058,114.62653089902977,114.55096708862641,114.58425476810058,150
114.76936071307145,115.00593970084704,114.69222619364707,114.76936071307145,948
115.06151779628911,115.37040877810583,114.97800011996056,115.06151779628911,922
115.01127993600326,115.11531522032331,115.00105557825665,115.01127993600326,568
114.98258458450249,114.98490254136625,114.9428639944664,114.98258458450249,991
115.1878596271663,115.30107111893271,115.04748794911785,115.1878596271663,487
115.07232488843746,115.16902167011823,115.03360592378128,115.07232488843746,161
115.76891551740492,115.93250297549022,115.54789770003784,115.76891551740492,442
116.18859007452072,116.21669185537785,116.07504043129788,116.18859007452072,252
116.62500225002354,116.95484051469043,116.44193858996911,116.62500225002354,835
116.14192388833834,116.31410590924663,116.13161182467381,116.14192388833834,753
116.1022296761355,116.2037682301715,115.9553333449399,116.1022296761355,140
115.95199670177514,116.2201911089714,115.92624243810452,115.95199670177514,585
115.44919601393042,115.78560947066998,115.44251382991084,115.44919601393042,777
115.6292781059033,115.89249799627339,115.55933216948802,115.6292781059033,801
115.36045522701339,115.55147168464056,115.11773571455294,115.36045522701339,908
115.6881571419385,115.7532598245375,115.64093768309549,115.6881571419385,656
115.15306136049134,115.41730358570685,115.05735519430965,115.15306136049134,819
116.01258166691224,116.33536195800804,115.93888468419689,116.01258166691224,481
115.56441533761621,115.86286823951123,115.2502380428172,115.56441533761621,195
115.67406650621643,115.72479459699494,115.5459990840305,115.67406650621643,886
116.06999616141047,116.29971282445823,116.05445446940547,116.06999616141047,392
115.78467594631041,115.8341461317402,115.76014521185948,115.78467594631041,334
116.2109102680269,116.35542962430719,116.01532861417228,116.2109102680269,440
115.59631846912669,115.68448242890783,115.47507765371763,115.59631846912669,818
116.32237731871797,116.45200380549552,115.9658023154637,116.32237731871797,637
116.32945195120085,116.71178039338466,116.31497203131596,116.32945195120085,449
116.03124624721642,116.07535875409822,115.79324533259354,116.03124624721642,971
115.8816553610027,116.15296437146,115.56339359876577,115.8816553610027,306
116.28611499569907,116.32697897249673,116.2646562070123,116.28611499569907,590
115.99388734977384,116.2313134162305,115.98516981698549,115.99388734977384,480
115.61920850506246,115.71681106569687,115.51530241855927,115.61920850506246,240
115.50844020627059,115.54495776711346,115.45557032249783,115.50844020627059,958
114.91995914988561,114.96245089489247,114.81667796020739,114.91995914988561,698
115.83023110385652,115.88031716045673,115.81315075364287,115.83023110385652,990
115.54703380824915,115.6830912413927,115.34476015681112,115.54703380824915,709
115.96284220133936,116.19442894128562,115.8182460987198,115.96284220133936,122
116.06757724316324,116.08045675128818,115.90553167670275,116.06757724316324,861
115.57531021792227,116.24121097742389,115.53424668896184,115.57531021792227,463
115.5723328633159,115.62179952365241,115.18714739921545,115.5723328633159,861
115.96433425297128,116.02449707904626,115.86755186449538,115.96433425297128,247
115.87020358542813,116.06689353812372,115.82074477473077,115.87020358542813,665
116.46676005835364,116.52990394281295,116.31457146224025,116.46676005835364,926
116.97751775474457,117.21205727018157,116.95810339071485,116.97751775474457,650
117.43697518207374,117.53217873159353,117.41409922993321,117.43697518207374,604
117.20714679593723,117.39610969398558,117.04961133665238,117.20714679593723,945
116.66722557204649,116.70023062453423,116.60876214289267,116.66722557204649,317
116.36043176936509,116.62755310269436,116.32727176574448,116.36043176936509,958
116.45855223969845,116.59062851380556,116.44736810751381,116.45855223969845,581
116.73144559646462,116.97592602879473,116.3789041984563,116.73144559646462,515
115.6456598940844,115.65809574004686,115.61860578594354,115.6456598940844,848
115.64160329327852,116.01749668606776,115.56613405666253,115.64160329327852,424
115.72064790594011,116.080046235396,115.71647107601513,115.72064790594011,935
115.58187577778233,115.61429291631168,115.37482046454627,115.58187577778233,954
116.22751269729027,116.3999908124738,115.81703359886602,116.22751269729027,888
116.4384027344157,116.76192702614094,116.30272729448677,116.4384027344157,836
117.09349868845615,117.18344120995545,116.84661425404289,117.09349868845615,588
116.98551842828104,117.25158712977898,116.91643703791453,116.98551842828104,507
117.4542571745345,117.83182897212623,117.33506451276828,117.4542571745345,243
118.27179037179826,118.33803492377024,118.17513227251246,118.27179037179826,899
118.9276370964346,119.02899761534509,118.73017194934398,118.9276370964346,310
118.38156629972023,118.80820318524586,118.36209610086212,118.38156629972023,765
118.25472826094904,118.67467877054824,118.18202821207593,118.25472826094904,358
118.08214590822413,118.19724395084336,117.73166110744093,118.08214590822413,326
118.3267731757623,118.51346740744731,118.31503905508838,118.3267731757623,693
118.66994995326957,118.72099118015748,118.46661507806535,118.66994995326957,988
118.2505036162567,118.55283829909378,117.95547688485011,118.2505036162567,471
118.28442287321516,118.72603208272388,117.98520377493628,118.28442287321516,490
117.2744592071371,117.29954094303227,116.57545016263938,117.2744592071371,187
117.99543171003805,118.19504854455877,117.84155435843053,117.99543171003805,499
117.7392445896997,117.7478853994368,117.55710439549478,117.7392445896997,408
117.76717655962194,117.97473565422558,117.684373971233,117.76717655962194,103
117.61235170262792,117.90770043678557,117.3518604858295,117.61235170262792,272
118.18536549013463,118.30979098620591,118.17359151908616,118.18536549013463,643
116.76661226943594,117.07371842411031,116.71097855472516,116.76661226943594,845
116.75830709827298,117.0180153642268,116.6508492960945,116.75830709827298,325
116.70539771952413,116.82820497231558,116.42298383336227,116.70539771952413,438
116.47857952572829,116.84437447697917,116.26924631400196,116.47857952572829,305
117.3416927985461,117.78816200518325,117.27847190792482,117.3416927985461,201
116.89802806911823,116.93307674171109,116.6592186723857,116.89802806911823,157
117.28392615773606,117.44568498141935,117.20763785267225,117.28392615773606,880
117.4620525520891,117.8349065195404,117.21382887759003,117.4620525520891,249
118.09281217835687,118.54174862944292,117.98006923387108,118.09281217835687,351
117.75921763596811,117.8471540377518,117.6733477018697,117.75921763596811,578
117.39273318640623,117.61974055782657,117.3193662126398,117.39273318640623,655
117.94076814014493,118.08901921364682,117.8180794868149,117.94076814014493,527
118.15342879430997,118.46108192249238,118.07632097482752,118.15342879430997,641
117.3809601209716,117.52098363933467,117.12058535059704,117.3809601209716,623
117.11130761373995,117.34965144046342,116.9204989314473,117.11130761373995,590
117.30449894066399,117.34620022685473,117.07215048056284,117.30449894066399,625
117.72338105143729,117.8297361916296,117.67298528925608,117.72338105143729,391
117.38376572484081,117.50302568193305,117.27409060091394,117.38376572484081,144
115.92663772993234,115.93691671537084,115.6150943066264,115.92663772993234,299
116.18824932280086,116.31378980171124,116.17108790281618,116.18824932280086,123
115.57808897782887,115.63629327244593,115.30829890888528,115.57808897782887,862
114.56941957876766,114.70244105297142,114.27162207824009,114.56941957876766,730
113.1532566162756,113.26996872585481,113.14911031067246,113.1532566162756,486
113.56024704637447,113.96923480598068,113.40749314613687,113.56024704637447,689
113.62455577157695,113.66958995802234,113.555493860344,113.62455577157695,534
113.51172758122082,113.90848002311144,113.47986846070845,113.51172758122082,341
114.20623976270221,114.31028156539303,114.0849128494577,114.20623976270221,302
114.52490210421375,114.54427531070893,114.18391908806795,114.52490210421375,336
115.33305212557471,115.70213206182478,115.16247450040863,115.33305212557471,393
114.63668438949121,114.8424241326692,114.473457091481,114.63668438949121,447
114.61940907751422,114.8037526448106,114.37434754281122,114.61940907751422,186
113.81105239004022,114.2947235407547,113.74524353099174,113.81105239004022,309
113.69636122411248,113.70259329707278,113.46691082587755,113.69636122411248,887
113.57205329722915,113.82131925944414,113.5393047477709,113.57205329722915,708
113.88536011586068,114.11636181534065,113.83727787312695,113.88536011586068,101
113.90814205643163,114.38777467548181,113.74290806555379,113.90814205643163,328
114.21984562557158,114.50153192364525,114.13476389968787,114.21984562557158,509
114.57156569214102,115.22163238738017,114.29929411789148,114.57156569214102,342
115.64903003083259,116.07144789628317,115.42659455115333,115.64903003083259,869
115.49138170318953,115.53428828696681,115.46873824366457,115.49138170318953,567
115.02087035285635,115.20579915654595,114.88346213447862,115.02087035285635,557
115.14391216051456,115.23443696651059,114.97043225221671,115.14391216051456,653
114.74277214694479,114.78063895418082,114.42029402251327,114.74277214694479,312
115.48375253116305,115.60793921028585,115.40843475619954,115.48375253116305,907
115.34214351169044,115.58404979191769,115.31664324795477,115.34214351169044,485
115.05935532775344,115.11733955835844,114.85282022194984,115.05935532775344,511
114.82369746717788,114.99966532839808,114.57294420077967,114.82369746717788,614
115.1829061789137,115.34846122178809,115.1371917616482,115.1829061789137,627
115.10403268729796,115.26449924287485,114.9488583874087,115.10403268729796,487
114.78319927723277,114.80334643885703,114.53672343722931,114.78319927723277,378
115.61587523604453,116.05138607378069,115.32339808967106,115.61587523604453,201
115.18779031571366,115.27535474028599,115.09051967454872,115.18779031571366,688
115.20557335273016,115.38554494705721,115.00442550496675,115.20557335273016,489
115.53172642853526,115.61534471403658,115.36763673518085,115.53172642853526,301
114.71605887332673,114.85104644470943,114.60823646027633,114.71605887332673,666
114.95618912402969,115.05529242885866,114.82101303680811,114.95618912402969,820
114.42863528628946,114.59523693745736,114.32547847278548,114.42863528628946,491
114.84002667670646,114.92007513329284,114.67759500399615,114.84002667670646,940
114.35870117074697,114.73686925475481,114.00169521242428,114.35870117074697,453
114.7050856866714,114.78620315802092,114.58158842445539,114.7050856866714,692
115.25800221981875,115.41777252862221,115.2476917763322,115.25800221981875,855
115.68872048263515,115.92285624037645,115.64833776257893,115.68872048263515,334
115.8143788067542,116.02458719681154,115.77009539440935,115.8143788067542,213
115.69872833528936,115.83731698131878,115.57578094589617,115.69872833528936,166
115.41051854712194,115.52583077122374,115.37035510021362,115.41051854712194,908
116.14603589253049,116.33371817730514,116.06724549073171,116.14603589253049,139
115.79628828244667,116.04038356066289,115.62368685484607,115.79628828244667,832
115.27775524566167,115.42719961210577,115.05989097433604,115.27775524566167,202
115.61043971317808,115.72964144777531,115.37334360936975,115.61043971317808,510
115.21237131158483,115.30559295149367,115.09107278635308,115.21237131158483,394
114.73733956285177,114.8584706895539,114.72336428613248,114.73733956285177,664
114.01553743176689,114.25617998822534,113.41741714212598,114.01553743176689,907
113.77408251203663,113.88399339120855,113.68922428550573,113.77408251203663,663
113.73272500008838,113.78836591929257,113.65445891904261,113.73272500008838,136
113.85427086391873,113.88538675776486,113.80501598163522,113.85427086391873,166
114.32992398606847,114.54407486133617,113.9504485199639,114.32992398606847,502
114.59337294790136,114.78659151897263,114.49465525072652,114.59337294790136,773
114.49793683812477,114.60999301686056,114.20822062875938,114.49793683812477,305
114.39883899993491,114.79609712230899,114.37515409073663,114.39883899993491,440
114.65391773439251,114.70940195663998,114.47298623801053,114.65391773439251,933
115.29020281585679,115.44479750269011,115.19633717959327,115.29020281585679,151
115.35335991559839,115.57277497688092,115.11014957055271,115.35335991559839,525
115.11879448849318,115.40787445584932,114.96939641285174,115.11879448849318,308
114.6223614879504,114.6936568816763,114.5022748726042,114.6223614879504,613
113.89975885574428,113.97216376594197,113.63880170545258,113.89975885574428,740
114.23289369176604,114.24376175059442,114.02666760482994,114.23289369176604,277
114.52188295358582,114.6744746049286,114.34668487706996,114.52188295358582,775
114.81056471613914,115.114249113341,114.7168931315464,114.81056471613914,964
114.74623499296311,115.07661786033658,114.66757816564035,114.74623499296311,121
115.44970236590899,115.55473129766665,115.16930224122336,115.44970236590899,468
115.20764311861659,115.47958676121677,115.1295150555727,115.20764311861659,838
115.68527773722019,115.86012577106683,115.46321630207056,115.68527773722019,181
115.66590628972541,115.66822831261642,115.63991391541158,115.66590628972541,263
115.36173090738575,115.61857054956798,115.05112352148326,115.36173090738575,476
115.65799606104463,115.77070669729437,115.43305053316064,115.65799606104463,102
115.86281412038663,116.18072678695914,115.61218384021618,115.86281412038663,783
116.0413005000201,116.31838805635138,115.94371794959453,116.0413005000201,217
116.0819397110482,116.20585970706892,115.8351396869002,116.0819397110482,755
116.06299317018978,116.62665402743022,115.70982687095487,116.06299317018978,863
117.25717916662501,117.29971711348603,117.13217073970499,117.25717916662501,494
117.8493074892231,117.90684806684892,117.4790357476251,117.8493074892231,365
118.21072093671584,118.26067545912392,118.17955403871444,118.21072093671584,534
118.26662051581754,118.37232835618381,117.77629544145027,118.26662051581754,781
118.77019911611588,118.9454416319802,118.45080790097605,118.77019911611588,824
119.0291965043116,119.22725641373151,118.99199137167035,119.0291965043116,892
119.04229888069862,119.13144070872569,118.77991356563237,119.04229888069862,326
118.89051671806567,119.25067085845019,118.74069914640565,118.89051671806567,475
118.85005804923432,118.91829799577297,118.82030990627449,118.85005804923432,361
117.26484518129529,117.72566313800512,117.23557544726165,117.26484518129529,465
117.37014560094411,117.4449889479046,117.1389636444592,117.37014560094411,866
117.12590756088893,117.1994714745777,117.07237640688783,117.12590756088893,527
117.92224256003037,117.99413974798514,117.87355441718235,117.92224256003037,107
117.93191459543624,118.01499051993744,117.71089188678143,117.93191459543624,140
117.33743288566876,117.81405532188595,117.2133977609658,117.33743288566876,977
117.3124928086047,117.36039767198692,117.27452578299201,117.3124928086047,356
116.78943226607345,116.79701083243239,116.59958956992212,116.78943226607345,742
117.02613597392968,117.28243505378036,116.98107093802159,117.02613597392968,663
117.17160965609942,117.18114423502388,117.01485376603763,117.17160965609942,201
117.65052947165356,117.97983174897395,117.52459986896757,117.65052947165356,318
117.25508857580627,117.34110640704061,117.0210511607178,117.25508857580627,343
117.27209262392034,117.4328575535689,117.24271998202906,117.27209262392034,944
116.58958172620703,116.83293885442332,116.45411922055699,116.58958172620703,402
116.94032911716938,117.1071609265127,116.73811911403882,116.94032911716938,469
117.19976470738945,117.30826555332236,117.16750216283474,117.19976470738945,950
117.44766721790323,117.69941946585524,117.14376455025501,117.44766721790323,374
117.4484767335817,117.54506272261722,117.40451619246015,117.4484767335817,169
117.65586317897609,117.7822678236995,117.56416866513632,117.65586317897609,146
118.4580327331304,118.552641787698,118.40923152050183,118.4580327331304,216
118.31548560460939,118.33575103998149,118.213126401879,118.31548560460939,689
118.38480819646443,118.52419432345698,118.26775351849021,118.38480819646443,616
117.84174504687373,118.32550014028762,117.64424416723047,117.84174504687373,353
117.40761456607456,117.42983223633553,117.3286646420075,117.40761456607456,931
117.45652121262121,117.66550621954566,117.28538541931606,117.45652121262121,718
118.00848798597217,118.24106850048099,117.8144707887367,118.00848798597217,855
117.88034757384638,117.90977863488975,117.70012009570006,117.88034757384638,272
117.76238930919031,117.76857892684387,117.73793241671787,117.76238930919031,528
117.55894668693813,117.8599610617889,117.54808590627286,117.55894668693813,135
117.29156835151596,117.49493452931853,117.10243486193897,117.29156835151596,506
117.43905407937038,117.56451970342515,117.22118042157871,117.43905407937038,515
116.69042525678105,116.80181483324915,116.5512312681248,116.69042525678105,784
117.33089504511442,117.49349961554819,117.26030937645639,117.33089504511442,511
116.99818389604968,117.15291186503731,116.78845466683087,116.99818389604968,587
117.35913563876875,117.40385552965793,117.1453616212211,117.35913563876875,791
116.72413634007181,116.86303602212142,116.55499817611881,116.72413634007181,878
117.05855640534492,117.14553499788039,116.90817220541933,117.05855640534492,866
117.39452870925217,117.82671122980551,117.37986272360205,117.39452870925217,931
117.58662974525512,117.68413865653645,117.41289829710801,117.58662974525512,420
117.08941548435523,117.44876617744053,116.88885493749122,117.08941548435523,172
117.21418957915427,117.30208674475342,117.06899919909442,117.21418957915427,668
116.62266148678707,116.65602021969326,116.61624662127564,116.62266148678707,677
116.49627985923897,116.89332516637324,116.49368112350226,116.49627985923897,743
117.01098640971664,117.47817713347692,116.94542887179179,117.01098640971664,512
117.409337373252,117.57239959620962,117.30236880234706,117.409337373252,871
117.41692884452222,117.4971634788717,117.17997774384001,117.41692884452222,223
116.92952555656079,117.10119580316187,116.91913121121769,116.92952555656079,484
117.25231941264789,117.42745068529354,117.24969045493594,117.25231941264789,703
117.2620100314969,117.43521137329343,117.10145449652317,117.2620100314969,885
116.10185223238169,116.3014430968102,115.96680974629899,116.10185223238169,752
116.49316714553994,116.57383009900428,116.29214564537234,116.49316714553994,331
116.4810507286051,116.72337865373493,116.39006962283617,116.4810507286051,681
117.08227635259664,117.28880489222105,116.9858304805856,117.08227635259664,532
116.53464109317524,116.55930341298847,116.45213808331053,116.53464109317524,590
114.94628918657723,115.04432264965254,114.8827587703406,114.94628918657723,786
115.08583111574983,115.29703719006297,115.04869720394093,115.08583111574983,970
115.2316129540908,115.33616919740405,115.22374082912877,115.2316129540908,185
114.38627714028758,114.39476684608992,114.38368834425853,114.38627714028758,864
113.89702736735427,113.99838964688688,113.88467100271556,113.89702736735427,129
115.27463623921422,115.38368793581944,115.24865390467981,115.27463623921422,766
115.12183093213731,115.29922145363194,115.10978252586857,115.12183093213731,299
115.48731042032543,115.52953537569437,115.26653758228301,115.48731042032543,974
115.16198050664124,115.2456302896972,115.13153831644013,115.16198050664124,255
114.11682905721466,114.18676880628641,114.06383933697528,114.11682905721466,856
114.03169993381671,114.03683439685824,114.01224218810886,114.03169993381671,997
113.89889765367366,113.94881614888854,113.70814760179464,113.89889765367366,631
113.69895853433947,113.72839286390915,113.57494121643958,113.69895853433947,814
113.64163811658628,113.64547880077939,113.46755620957565,113.64163811658628,945
113.7737722524091,114.07722302452352,113.74044683079822,113.7737722524091,251
113.6987137767822,113.83218483367314,113.63644644609276,113.6987137767822,176
113.06671069280851,113.1029331505864,113.06584099548307,113.06671069280851,427
113.30980308858948,113.5101771712977,113.30920680862174,113.30980308858948,271
112.33511721092826,112.33514931240968,112.2128128770803,112.33511721092826,504
111.30993848228616,111.65761799799051,111.27447280965792,111.30993848228616,505
111.67952872963694,111.75121796749828,111.43341972859523,111.67952872963694,940
111.93303886570462,111.9730248503283,111.88483823817215,111.93303886570462,861
111.9043411831676,112.05292184425433,111.73822307910015,111.9043411831676,797
111.20661693079006,111.62067163969274,111.11316080675641,111.20661693079006,461
110.85266146045302,110.86089736384281,110.73190364630666,110.85266146045302,227
110.72128808660977,110.82402312976843,110.39845443370864,110.72128808660977,974
109.92334110232272,110.05563867937903,109.65416501937071,109.92334110232272,622
109.5538267733111,109.56875237527447,109.55168733188606,109.5538267733111,435
109.87999194239944,110.00539924422941,109.6898075186952,109.87999194239944,853
110.59364462454405,110.73955921118814,110.33223753815308,110.59364462454405,792
110.38392724821477,110.46561121824104,110.34050609881042,110.38392724821477,364
110.76217142537283,110.90430982386623,110.55000568797566,110.76217142537283,294
109.8051413900791,109.94186505246637,109.79068780812533,109.8051413900791,857
110.1348670106359,110.28185738600298,109.82858401418726,110.1348670106359,199
109.73289280327216,109.91347480468175,109.73127749597649,109.73289280327216,663
109.88656561162615,110.24015134499406,109.76278398670185,109.88656561162615,470
109.7626894025063,109.9548374048711,109.57904322641075,109.7626894025063,996
110.42289640739821,110.79519907953005,110.41776135532731,110.42289640739821,527
109.98567858322825,110.13863224119876,109.73009596191696,109.98567858322825,686
110.29948173200917,110.34797432635371,109.99953876982745,110.29948173200917,232
110.1597280003609,110.2244790138072,110.15553200887801,110.1597280003609,355
110.08057526135607,110.37867383450346,109.59653176706414,110.08057526135607,549
109.98864831477647,110.22036141334094,109.88501525681089,109.98864831477647,820
109.5658117625294,109.73085664636574,109.51960569738084,109.5658117625294,503
109.55876227957607,109.65514260598414,109.347358978765,109.55876227957607,754
109.52743816851516,109.79878386665759,109.3286407371341,109.52743816851516,679
109.64805829271853,109.73851629123271,109.40985698276839,109.64805829271853,153
109.69031086556497,109.78002704141534,109.48697067501458,109.69031086556497,878
110.08930814037109,110.40084399473554,110.02969930553179,110.08930814037109,506
110.55106244839477,110.77130636454032,110.35212381813048,110.55106244839477,484
110.02575078748087,110.19405227926318,110.02548928062986,110.02575078748087,341
110.46013703777626,110.58677607351065,110.18124132215645,110.46013703777626,146
109.86696882422133,109.99982239721305,109.83830461050846,109.86696882422133,214
110.1608967682902,110.26172767848026,109.99031110383103,110.1608967682902,807
110.47076616064163,110.56608886204559,110.24912658135645,110.47076616064163,905
109.51510771481038,109.79180117730158,109.39392129594546,109.51510771481038,229
109.56159733807509,109.58596646033729,109.49884594902197,109.56159733807509,656
109.32734928139493,109.38040068611102,109.29891967888892,109.32734928139493,254
108.94796665242724,109.03522469062607,108.68634233703274,108.94796665242724,594
109.62339281777675,109.6863348062549,109.47263732606523,109.62339281777675,928
109.29655324745804,109.45773280285825,108.98589740991953,109.29655324745804,181
108.89336478289901,108.89948339574516,108.88266185238308,108.89336478289901,878
108.93121225290156,108.97613214824321,108.74519509194329,108.93121225290156,768
109.27400712605076,109.55069194176195,109.22760450836915,109.27400712605076,124
109.2031828330457,109.29782214969075,108.94032646443979,109.2031828330457,433
109.78636810588033,109.82653296381523,109.38660059936048,109.78636810588033,281
110.05185593686237,110.24347181279065,110.01421242005857,110.05185593686237,531
108.96275027699666,109.09695547927443,108.63379394775338,108.96275027699666,273
108.69801679524315,108.76404678512154,108.50678210813102,108.69801679524315,908
108.4170957455673,108.67384363230758,108.15202129380926,108.4170957455673,140
108.656776222282,108.66615193094266,108.6554233035507,108.656776222282,544
107.34436769409496,107.70762099412175,107.23694641101228,107.34436769409496,968
108.61887254845382,108.95889672221948,108.41343965651623,108.61887254845382,494
108.88438559590092,109.03152174865286,108.66499997756863,108.88438559590092,387
108.95882399785977,109.0728627173994,108.79741188541806,108.95882399785977,660
109.54960785606934,109.63696140629145,109.44696564598517,109.54960785606934,361
110.72143488247566,110.74428141137614,110.70812019260958,110.72143488247566,855
111.15680820476986,111.19017613830864,111.05517007379953,111.15680820476986,156
111.63121475300566,111.65048701012331,111.60272440119525,111.63121475300566,105
111.69655976523785,111.8696376662469,111.50411622495795,111.69655976523785,658
111.62579688855438,111.62895242633431,111.43525953757275,111.62579688855438,674
111.38789916655193,111.50479785311082,111.17472434645497,111.38789916655193,678
110.97484317069465,111.0492944747198,110.9201139732007,110.97484317069465,794
110.6313361208449,110.69606592978674,110.2975627708061,110.6313361208449,261
109.95605813867341,110.00139679265315,109.9294539910553,109.95605813867341,396
109.9181224133309,110.10255710463233,109.79726155739058,109.9181224133309,716
109.07578862471772,109.10174679055865,108.81304475575908,109.07578862471772,874
109.17124688678958,109.3759873541076,109.0879543396974,109.17124688678958,156
109.15308158276841,109.4606525730337,109.15117630732445,109.15308158276841,627
109.22654923196176,109.39753816217298,109.17976624868707,109.22654923196176,158
108.96548344695177,109.07237715396546,108.9097627063068,108.96548344695177,265
110.50391363204201,110.56928007393871,110.26945600156108,110.50391363204201,861
111.18397158213217,111.3570433239422,111.17317014174832,111.18397158213217,645
110.56170033208981,110.57957247980906,110.23125161870162,110.56170033208981,145
110.67813437580327,110.87504834499471,110.63160608846684,110.67813437580327,910
110.37413130433461,110.49695246539255,110.28585658159523,110.37413130433461,146
109.86689144098091,109.93885953313699,109.84003830629302,109.86689144098091,489
109.19685540541894,109.3760255814395,109.08499100992381,109.19685540541894,351
109.41296375079857,109.43125975199408,109.11142758316733,109.41296375079857,265
109.07227363326378,109.09350003478625,108.99900496914587,109.07227363326378,467
109.55618664527638,109.65142647735618,109.37002262026893,109.55618664527638,478
110.0530777525416,110.08628152211651,109.80078559174383,110.0530777525416,416
110.74003494514733,110.93932746822992,110.25216808940347,110.74003494514733,231
110.31384156211028,110.4916295632289,109.97551148043075,110.31384156211028,488
110.5515243674563,110.6222031269481,110.31213678212268,110.5515243674563,681
110.86775147577744,110.98768020392245,110.7860639555229,110.86775147577744,671
110.63066238822546,110.88500174652997,110.6261052612579,110.63066238822546,816
110.24477640952902,110.2747696677632,110.22766444268228,110.24477640952902,849
111.049536742417,111.27262074312304,111.03563007643776,111.049536742417,955
111.16328468028303,111.42351065071874,110.68176639597351,111.16328468028303,447
111.48126855563889,111.58722420604504,111.26485824648042,111.48126855563889,944
111.07023054972493,111.2082981743937,110.92752432248207,111.07023054972493,717
110.46058831646383,110.81982786753073,110.13182313044601,110.46058831646383,596
110.17586342921777,110.29012003985063,110.0526671606008,110.17586342921777,795
110.11385273552277,110.43814326043321,110.03513660545562,110.11385273552277,949
109.5817427321141,109.73179449365244,109.37481125814045,109.5817427321141,610
109.57682032778891,109.69446768669192,109.4795205244425,109.57682032778891,618
108.73256773375466,108.87695198423634,108.69421460713417,108.73256773375466,551
108.17254402251973,108.30288485216337,107.98482186858094,108.17254402251973,642
108.50799964665816,108.53483031205664,108.32938593535717,108.50799964665816,315
108.80989490679711,108.98441381207834,108.71062228089791,108.80989490679711,569
108.61395652410368,108.72363588166593,108.50682900641065,108.61395652410368,952
108.1050743695652,108.15831742159578,107.69118651772236,108.1050743695652,403
107.59137259380219,107.69170192956149,107.30805582913325,107.59137259380219,397
107.40473847083153,107.45358147886667,107.34405999579198,107.40473847083153,445
107.72699771665418,108.01993905297769,107.69639136609796,107.72699771665418,385
108.19112056232635,108.41771179528757,107.86501798679814,108.19112056232635,984
107.94285469458536,108.04486801321957,107.68553286950542,107.94285469458536,225
107.36610848159297,107.52468955596042,107.2863917487328,107.36610848159297,150
107.50003030052613,107.75811536544951,107.33854433046702,107.50003030052613,518
107.08826281521321,107.25330539032235,106.67293961277349,107.08826281521321,801
106.8291364957826,106.90081539238821,106.67146353562714,106.8291364957826,150
107.49177454100112,107.87074141451757,107.41976827617945,107.49177454100112,570
107.90533225528401,108.53341683730446,107.86064756073567,107.90533225528401,475
107.98431941140973,108.01423647447321,107.93360082307157,107.98431941140973,464
107.34835991085336,107.55610549083634,107.29449646328408,107.34835991085336,331
107.4540581945887,107.70169042345579,107.31157247660138,107.4540581945887,789
107.98538683998245,108.18466452511106,107.86040482228869,107.98538683998245,769
107.79757000709968,108.16908818242962,107.3336903791204,107.79757000709968,758
108.47312705209303,108.48518320189864,108.3830432747795,108.47312705209303,579
109.11949969685213,109.32167599617006,109.08876334421674,109.11949969685213,405
109.95136611292386,109.97912539311297,109.88237624988096,109.95136611292386,537
110.10398767618955,110.54933998118099,109.73860561539635,110.10398767618955,350
110.39768352609255,110.40526086629691,110.24607805034046,110.39768352609255,950
111.10477717025809,111.26897059812069,110.85509960783268,111.10477717025809,441
111.32847413879257,111.33562566766727,111.31497133728692,111.32847413879257,231
111.07785708489746,111.13468499583526,111.04725016548393,111.07785708489746,848
110.85358566663353,110.95909928985594,110.84962023588047,110.85358566663353,623
110.9728631435204,111.09366811291031,110.73906095834764,110.9728631435204,754
110.32758243254729,110.65956354504833,110.31692992054855,110.32758243254729,605
110.2559529748652,110.27371756732096,110.1704618939258,110.2559529748652,498
110.80422653398033,111.29142355882618,110.79304572735008,110.80422653398033,217
109.70859960839769,109.97560285752729,109.58600839156443,109.70859960839769,160
110.47584065929495,110.49292442586156,110.19714159988544,110.47584065929495,280
111.03702776864652,111.42537699305686,111.00951940275209,111.03702776864652,412
110.80714546073129,111.02798049204003,110.65077538921469,110.80714546073129,364
111.0788408746672,111.18152021082241,110.78777508769075,111.0788408746672,128
111.08041473812035,111.12164181404488,110.8089778887255,111.08041473812035,362
111.69540992233969,111.69583225833665,111.61835204161746,111.69540992233969,811
112.18675149372466,112.33636585458899,111.97946502257562,112.18675149372466,716
111.48671613213315,111.50156655363178,111.43696190012372,111.48671613213315,690
111.78034733886524,111.83634056542655,111.55690133931846,111.78034733886524,755
111.67753341204362,111.70008319965896,111.56380649533102,111.67753341204362,810
111.71894969730266,111.86862633344087,111.66381608209542,111.71894969730266,717
111.35486374681776,111.61018738686668,111.26806933074849,111.35486374681776,438
112.22893228137818,112.23718843605666,112.17788469017039,112.22893228137818,521
112.74896319132947,113.09198683496523,112.69009658230216,112.74896319132947,188
112.37907760934299,112.39551819459554,112.3473111372266,112.37907760934299,431
111.71177230588786,111.77809106167417,111.66142743776636,111.71177230588786,530
111.51893599039894,111.66975315140664,111.16630100452441,111.51893599039894,877
111.7361873134446,111.76785123596368,111.64068173122237,111.7361873134446,862
111.85629023541772,112.22989682040954,111.74162925097144,111.85629023541772,251
112.48285664780184,112.48363914966086,112.42737316151592,112.48285664780184,917
112.87781650889227,113.0179159215239,112.66656481820267,112.87781650889227,807
113.36260102176873,113.51352189824738,113.21536367975101,113.36260102176873,225
113.52602872207395,113.62664657274128,113.22962318571174,113.52602872207395,142
112.83137935696845,112.88639805235721,112.54968952884805,112.83137935696845,520
112.73353009139501,112.74483131632685,112.38773497135405,112.73353009139501,784
113.26357496134935,113.3639265135833,113.00381198969646,113.26357496134935,589
113.23781349708703,113.36541953021751,113.00164030912687,113.23781349708703,665
113.48935868139891,113.54582921419484,113.21231120547728,113.48935868139891,352
113.32998452377585,113.45577234571515,113.320748681244,113.32998452377585,910
112.81507859950493,112.84051115876376,112.74242589167758,112.81507859950493,807
112.75340656748187,112.81086015330604,112.46472395487817,112.75340656748187,583
112.9079302889982,112.91551322462476,112.87930500950394,112.9079302889982,392
112.58008642926748,112.59979163424856,112.23262081675465,112.58008642926748,316
112.46223080683914,112.50231980337459,112.38834737258188,112.46223080683914,268
111.99249918584616,111.99609370171981,111.57960030787743,111.99249918584616,833
112.5521216446282,113.09172973599169,112.41936092888693,112.5521216446282,739
112.40489376583419,112.46722062559567,112.36293413376329,112.40489376583419,484
113.13127153839729,113.2603309300835,112.99164681731601,113.13127153839729,960
113.89564546366773,113.98325018473335,113.79133682804222,113.89564546366773,115
113.85512248130686,113.90768584596627,113.69498693273103,113.85512248130686,136
113.35089811503319,113.60969595769153,113.01007218912662,113.35089811503319,520
112.30794917616652,112.36618193025178,112.07949424538246,112.30794917616652,395
111.57193063965312,111.78294154944163,111.50110639251764,111.57193063965312,534
110.88501322720379,110.95185462681708,110.82380657073108,110.88501322720379,419
111.57424804093453,111.76624254476334,111.38700119978304,111.57424804093453,836
111.632160334548,111.70523957619524,111.50203934382172,111.632160334548,725
111.826962596594,112.04789626781442,111.76564369166555,111.826962596594,633
110.71675209212644,110.82388013712976,110.58397002661307,110.71675209212644,398
110.1177688775178,110.35660060873607,110.0005720415677,110.1177688775178,673
110.56130876574095,110.62511037183552,110.51270633961578,110.56130876574095,793
110.70469582193223,110.99104176123718,110.36256408741404,110.70469582193223,896
110.63109318258944,111.19592658446999,110.49802602190275,110.63109318258944,115
110.9135143618895,111.24430627381275,110.64374026777975,110.9135143618895,494
111.73141326495741,111.73337601303669,111.4964266164318,111.73141326495741,376
111.62089203318888,111.84955288805489,111.26671559165679,111.62089203318888,748
111.65557693451791,111.86285411623531,111.62076572664931,111.65557693451791,382
111.75187539388357,111.92214381831819,111.59415825149797,111.75187539388357,738
112.94793021152056,113.01137588916485,112.53257089445465,112.94793021152056,185
111.89825207931105,112.16846986857846,111.83131178571578,111.89825207931105,306
112.23986358670545,112.42254180486589,112.07715507216435,112.23986358670545,974
112.18246246232592,112.22492238585801,112.14450511314496,112.18246246232592,762
112.46584832541801,112.51396447696332,112.2695101821866,112.46584832541801,662
112.13716204842065,112.19794657794372,112.03193228339597,112.13716204842065,576
112.11267953299142,112.29460993815803,111.99154585663972,112.11267953299142,842
112.46838482272418,112.71581501781992,112.4108879887432,112.46838482272418,691
114.02483992324609,114.28728152196639,113.83128415091309,114.02483992324609,230
114.42885801794712,114.60567984615311,114.30411937591188,114.42885801794712,499
114.00482521893187,114.0355822519611,114.00170830441793,114.00482521893187,235
113.79294537792052,113.8216300212123,113.75877067217112,113.79294537792052,445
113.56623832372858,113.57276950447664,113.56378723760227,113.56623832372858,269
112.66841673741358,112.6812757131311,112.58218572413011,112.66841673741358,262
112.50337164156286,112.6927439338921,112.50286630939331,112.50337164156286,298
112.86978618247373,113.01922964417108,112.77161785737515,112.86978618247373,838
112.23267012293533,112.40193952123786,112.20743769713957,112.23267012293533,147
112.75691144846063,113.00423539688923,112.67295792241457,112.75691144846063,921
113.0007988590028,113.09332780737905,112.83346510331819,113.0007988590028,864
112.63368219801728,112.8862892687327,112.51290346778814,112.63368219801728,593
112.56291737934836,112.65994336776834,112.41605327869357,112.56291737934836,202
113.36207828316888,113.42808883021769,113.24905200881041,113.36207828316888,647
113.72885218992182,114.03984473546697,113.4714159805806,113.72885218992182,105
113.7332440173709,113.91820925984624,113.58803625874882,113.7332440173709,810
113.6144023588904,113.84390648221685,113.39901773515354,113.6144023588904,111
113.65270689411624,113.8167016225856,113.56520723483455,113.65270689411624,202
113.39682511514508,113.58607384946814,113.31870865261536,113.39682511514508,798
112.34445036228557,112.48206678760164,112.20797344519126,112.34445036228557,932
113.36553931755293,113.40525974862362,113.06839142440843,113.36553931755293,789
113.44320181715263,113.64118487975733,113.24881807838858,113.44320181715263,526
113.64227544971389,113.6843730558213,113.36950281978046,113.64227544971389,270
113.61332157477544,113.75014257296239,113.60292893917347,113.61332157477544,788
113.24576317441314,113.2726798313756,113.05650092526817,113.24576317441314,188
113.15280093393875,113.41509709773081,112.99763214452476,113.15280093393875,815
112.35310355284159,112.58138671128704,112.2862331875788,112.35310355284159,538
113.49164680186824,113.59169447200789,113.46475427076417,113.49164680186824,446
112.87439080265705,113.12405136303092,112.85424395007104,112.87439080265705,954
112.35840766073346,112.37724295456819,112.29789359374631,112.35840766073346,310
112.13827805854027,112.28634474305156,112.13567710574361,112.13827805854027,824
112.78231592096645,112.8252164343313,112.77366128317423,112.78231592096645,533
112.78957042059778,112.89979574141518,112.68589002554683,112.78957042059778,632
112.17150252258256,112.36344898954914,111.85655664791413,112.17150252258256,699
112.79867170296123,113.1314096986005,112.57496151105286,112.79867170296123,624
113.16417201635397,113.27557794085153,113.02047606861784,113.16417201635397,525
113.4333894949622,113.78219154177735,113.37222560229694,113.4333894949622,219
113.79125661554762,113.9904656035816,113.65845466000313,113.79125661554762,277
114.98843756583885,115.23287640186021,114.70729193695524,114.98843756583885,228
116.08098501335691,116.0896696951202,115.73705558533884,116.08098501335691,662
115.73762734185526,116.00476564619387,115.59698596582962,115.73762734185526,517
116.54956983826084,116.77587089853127,116.37195926745179,116.54956983826084,653
116.74115393314028,116.74431088781242,116.62973989441582,116.74115393314028,417
116.99070184120916,117.07159429879398,116.91060473616086,116.99070184120916,706
116.1445664253875,116.40714902073914,116.0239544595079,116.1445664253875,341
116.0593735426934,116.39818139893848,115.93160020348762,116.0593735426934,455
115.65296174752511,115.82230561311042,115.58261158716338,115.65296174752511,672
116.06699115497176,116.10575295663799,115.82061430586165,116.06699115497176,960
116.60253140517317,116.6038115556938,116.54874079159327,116.60253140517317,537
115.56528822966501,115.66553582116504,115.19848814600893,115.56528822966501,557
115.55427079766288,115.59464823652118,115.19629393455271,115.55427079766288,541
116.11520155006001,116.32320689403254,116.01789488950413,116.11520155006001,327
116.02186206890329,116.10068737099012,115.99445030582055,116.02186206890329,507
116.38639389140447,116.41065562568238,116.32561353098545,116.38639389140447,376
116.56197662521801,116.74759102655014,116.49860615747136,116.56197662521801,117
116.73280674119432,116.92477680163758,116.7248293907209,116.73280674119432,855
116.59714925216018,116.64213316007125,116.50896044817566,116.59714925216018,410
115.98885885009233,116.0290764372124,115.94721347766162,115.98885885009233,423
115.42809377637981,115.67548442806837,115.36489929930694,115.42809377637981,146
115.78277003360746,115.86674486606434,115.54371867373074,115.78277003360746,921
115.7924991613669,116.20749109754597,115.70048731292287,115.7924991613669,629
115.72324303906329,116.10567864859588,115.56333926924857,115.72324303906329,995
115.51129801790212,115.69878077558938,115.50500557300305,115.51129801790212,812
115.35870359516174,115.67592642144601,115.29864621684425,115.35870359516174,599
115.88215949240582,115.88977639354972,115.82555638686493,115.88215949240582,864
115.7145374514718,115.82751027790299,115.50261795046967,115.7145374514718,291
115.04400509482102,115.1417650544912,114.99627915184665,115.04400509482102,148
115.4158309825911,115.45741692098343,115.21133980244123,115.4158309825911,193
115.31339265065874,115.44349057865642,115.09613481593803,115.31339265065874,848
115.32909058342513,115.46200106630397,115.08796326165124,115.32909058342513,833
116.13287973662489,116.28783441463976,116.04886253563804,116.13287973662489,266
116.12259945794963,116.19626599995746,115.97430251285762,116.12259945794963,593
116.26719129450899,116.36326322900726,115.9435993576328,116.26719129450899,353
115.67772954885983,115.99656481391335,115.51473254177898,115.67772954885983,156
115.56789482268435,115.67253862491974,115.49359297758399,115.56789482268435,105
115.87265784528866,116.08913358755335,115.78713058017819,115.87265784528866,337
115.09497097836804,115.41816731435162,115.0478133147159,115.09497097836804,832
115.19539352492589,115.256428051842,115.05685758906998,115.19539352492589,323
115.24578906124829,115.39908501583,115.1508508163513,115.24578906124829,689
115.26643278904201,115.6058520176999,115.20157241197798,115.26643278904201,119
115.78501223837114,115.99334558498781,115.76991263657126,115.78501223837114,917
115.9522314957954,116.3114868091509,115.74795884881547,115.9522314957954,876
116.69126744497362,116.75938826052237,116.50902482421455,116.69126744497362,303
116.1944726871766,116.23933405276533,116.08445402880538,116.1944726871766,241
116.26243497078578,116.27632599835599,116.16522865032836,116.26243497078578,475
116.30466836398075,116.31182888398791,116.0790971147516,116.30466836398075,506
115.77004111710322,115.79767062837674,115.67995828484008,115.77004111710322,915
116.24818861814889,116.73126127056459,116.21848955698867,116.24818861814889,179
117.4105252710753,117.41345645304932,117.33472939860262,117.4105252710753,309
117.40202223383338,117.84793734865575,117.34253328290453,117.40202223383338,867
117.65453277797026,117.80097639258845,117.23771852323976,117.65453277797026,411
117.69679201587792,117.80781704703864,117.51653207435386,117.69679201587792,476
117.33999968092434,117.77140702596901,117.14568933873065,117.33999968092434,139
116.42961954202333,116.59246047750041,116.22327987806966,116.42961954202333,452
116.07673280047565,116.19074786831258,115.97586396554979,116.07673280047565,552
115.38075360999979,115.61889353351079,115.26559561454943,115.38075360999979,522
116.23280464902935,116.27213219737939,116.22180947471689,116.23280464902935,813
116.17524980206773,116.24413879093784,116.07618491995899,116.17524980206773,185
116.00229013754414,116.23853446438825,115.97406315939507,116.00229013754414,654
116.44686704993804,116.46609590752293,116.393464983252,116.44686704993804,335
115.8859914985101,116.03682909071658,115.52800420124883,115.8859914985101,989
115.50255947950782,115.63933170229423,115.32809142244777,115.50255947950782,514
115.53659561413214,115.79388951284602,115.42541291486934,115.53659561413214,681
116.05098010984388,116.34557682536985,115.99403299843001,116.05098010984388,455
116.30182263242827,116.5858829884424,116.25061187434922,116.30182263242827,742
116.42598520368621,116.60945853358177,116.40597699614008,116.42598520368621,743
116.46504407130422,116.76845867868535,116.25097370423147,116.46504407130422,347
116.6651619990676,116.78540935669794,116.10110869838176,116.6651619990676,766
116.76598845163224,117.13837142726227,116.64639858262868,116.76598845163224,841
116.25100231424378,116.29359804555382,115.90252846899352,116.25100231424378,700
116.27404192506036,116.32531305363099,116.03487863767954,116.27404192506036,328
115.73719759560149,115.85928559546485,115.25627269718699,115.73719759560149,638
115.7777388670519,115.8436181582444,115.65810524026135,115.7777388670519,460
115.53741489630778,115.90107063705635,115.34710191129616,115.53741489630778,967
116.80710570769921,116.84554415759095,116.79099977774192,116.80710570769921,849
116.78715851582335,116.8511924174675,116.63541575085696,116.78715851582335,274
116.08503873269255,116.19309583827169,115.7317258311885,116.08503873269255,927
116.01794862735409,116.2045383213887,115.81028894500017,116.01794862735409,903
116.27762800017304,116.40317899752453,116.11365917646106,116.27762800017304,473
117.1143099732493,117.18444465198102,117.00804680938413,117.1143099732493,160
116.81958377327994,116.91711158797966,116.71855355918902,116.81958377327994,269
116.02836978626813,116.16000484109556,115.96508043455168,116.02836978626813,606
116.43678829198362,116.85655653805411,116.41986428230491,116.43678829198362,874
115.7464889390338,115.9525079543317,115.47386970831774,115.7464889390338,513
115.52841121828006,115.5577377358093,115.50844848451572,115.52841121828006,917
115.39960097552456,115.51810517747674,115.20748870482792,115.39960097552456,215
115.36478424887451,115.49080584799125,115.25828682965455,115.36478424887451,274
115.70936647741168,115.72108789256818,115.44637906834362,115.70936647741168,832
115.36754933626848,115.41568985063795,115.19301094908568,115.36754933626848,523
115.2306847101851,115.320994208433,115.22937513184142,115.2306847101851,227
115.22354953371041,115.27685386370605,114.9164839870351,115.22354953371041,588
115.2983485124698,115.3501402794233,115.16206852992988,115.2983485124698,104
115.34726209982377,115.65963781416865,115.13646500314834,115.34726209982377,425
115.56526498743506,115.65884973190171,115.1703345149907,115.56526498743506,797
115.98718474225592,116.21649477499741,115.95297592847109,115.98718474225592,271
116.1835018000814,116.31693371009467,116.07809840260474,116.1835018000814,298
116.41029456183601,116.41693920953941,116.255746801246,116.41029456183601,330
115.61918297846277,115.6909302072621,115.35826243779331,115.61918297846277,899
115.64429682804561,116.0003873783041,115.38895798817768,115.64429682804561,946
115.88405060204641,115.99153187782717,115.59418877747268,115.88405060204641,726
116.24852119933163,116.40344632638667,116.24195352920044,116.24852119933163,432
115.90234581221473,115.9635378171023,115.69478442390931,115.90234581221473,565
115.57282617477041,115.83202570889837,115.5630582965452,115.57282617477041,941
115.28577583712861,115.40102158104773,115.10916481280694,115.28577583712861,523
115.55398278707429,115.75567907253155,115.32914743005182,115.55398278707429,412
116.0709233145364,116.41553252039465,115.74414925888075,116.0709233145364,622
115.8671932608906,115.92944560082411,115.66307286633433,115.8671932608906,523
116.32117441770413,116.42686461728421,116.113288225124,116.32117441770413,715
116.38291432228642,116.57897707147654,116.3749179354404,116.38291432228642,274
116.3207714337052,116.57428697461182,116.129545712557,116.3207714337052,997
116.21507931879621,116.24727441831365,115.98831548004543,116.21507931879621,473
116.5883850010973,116.88992654095996,116.54298185370611,116.5883850010973,731
116.75117390949083,116.83290837863204,116.63308851867887,116.75117390949083,336
117.88908662331465,118.00714068552972,117.74892080334965,117.88908662331465,847
117.46297430181599,117.48342757185951,117.30339693751681,117.46297430181599,916
117.72202515283098,117.97990157065166,117.56766455277615,117.72202515283098,542
117.45742464792522,117.6043869166273,117.42578168576168,117.45742464792522,137
117.0227811544309,117.24171956323637,116.83535304969469,117.0227811544309,883
117.01734758591341,117.02167291203213,117.00460959482804,117.01734758591341,987
117.08602382561693,117.154327908618,116.69842916271926,117.08602382561693,955
118.54511060314698,118.72372609006013,118.43329168872599,118.54511060314698,862
118.45303769530538,118.66466789379952,118.38555748124045,118.45303769530538,986
117.88794833056303,117.96612231212343,117.53359737475665,117.88794833056303,945
118.02445368931022,118.19241317077996,117.51022631868913,118.02445368931022,638
116.98713367053703,117.08935471300279,116.5192602065744,116.98713367053703,941
116.9411552792349,117.66819532474292,116.67572956813483,116.9411552792349,734
116.94916792038248,117.36758763470606,116.93381611782993,116.94916792038248,255
117.34646811185509,117.45657949842034,117.23997503305365,117.34646811185509,828
117.83327923656901,117.98674873375664,117.64424828943565,117.83327923656901,293
117.58149442711516,117.80642556478176,117.50060449062134,117.58149442711516,912
117.5061874198002,117.60531717037607,117.45249503982686,117.5061874198002,260
117.12312700449486,117.26650291145876,117.11797593431021,117.12312700449486,739
116.55909572709102,116.937512712208,116.46489584294042,116.55909572709102,927
116.71404311678134,116.7423600006402,116.65521394000352,116.71404311678134,789
116.07725034248304,116.43137871697557,115.92259809819902,116.07725034248304,225
115.8699368921971,116.09672615939067,115.83295556879371,115.8699368921971,785
115.37234991224749,115.38842692000021,115.28023879761656,115.37234991224749,646
115.64719150539261,116.08785346844417,115.57868902379272,115.64719150539261,338
116.54790655502586,116.67433688096402,116.08832404846872,116.54790655502586,140
115.89711256362419,115.92229732772128,115.84050065432241,115.89711256362419,285
114.9706033221754,115.0719306131572,114.7287810643777,114.9706033221754,560
114.90815987950037,114.98833294650231,114.78221613467659,114.90815987950037,794
114.91600877747925,115.17593503453993,114.89792395734419,114.91600877747925,488
115.0253384308579,115.10520443543794,115.00431421155182,115.0253384308579,360
114.80217817324073,115.19401449498793,114.66211233911949,114.80217817324073,505
114.70185852382802,114.78011914461611,114.51655377055984,114.70185852382802,645
114.88561372909832,115.07896063507367,114.81176404042813,114.88561372909832,548
115.40582917542075,115.46206797786023,115.35230496490821,115.40582917542075,798
114.4283047902616,114.48012160207773,114.39134862373305,114.4283047902616,500
114.24383507074587,114.48331971070685,114.05819783059317,114.24383507074587,406
114.35073946771641,114.48979801304928,114.23169179490537,114.35073946771641,236
113.89175141541104,113.94440451292611,113.75106050652717,113.89175141541104,301
114.75733623129469,114.7579253135612,114.73461582609912,114.75733623129469,992
114.43963129118032,114.65140289295192,114.22557080803739,114.43963129118032,754
114.41898494767668,114.85521999520981,114.31349514109158,114.41898494767668,720
114.69699599609783,114.71962799837638,114.68492945161381,114.69699599609783,256
114.40135360169688,114.56028184241161,114.26365469170047,114.40135360169688,354
113.47806707779468,113.49973385444359,113.16136919757206,113.47806707779468,280
113.2637398143364,113.37071067889374,113.15097912147553,113.2637398143364,508
113.77846009229992,113.87136052534277,113.69792558031148,113.77846009229992,952
113.61001252890735,113.62667896903221,113.59336821302674,113.61001252890735,830
113.18679537817786,113.52394421657266,112.9265303213729,113.18679537817786,127
113.64963148292922,113.89617715134288,113.60612492725456,113.64963148292922,762
113.4842440349177,113.67614564632235,113.42214732205518,113.4842440349177,970
113.22916362809258,113.38071045093456,113.02164525379465,113.22916362809258,711
113.30389167292424,113.56192515581454,113.2802981560905,113.30389167292424,614
113.68926677773364,113.82186551814415,113.58103295837654,113.68926677773364,644
114.88012354359991,114.95538873512922,114.78100631509797,114.88012354359991,298
115.29374159742862,115.41502654310685,115.11667608522775,115.29374159742862,168
115.8736615806228,115.97218347798541,115.85569475619711,115.8736615806228,701
115.62067848112886,115.71123099869848,115.45900071368301,115.62067848112886,116
115.10774442814413,115.64791772205405,114.98779358051237,115.10774442814413,948
115.13891010295369,115.15414723694407,115.0794517774126,115.13891010295369,978
115.19249506058348,115.37976253674935,115.14555151401505,115.19249506058348,934
114.65323868990119,114.74743665195399,114.56983425338551,114.65323868990119,934
114.56559142494918,114.72371974172671,114.51170930128264,114.56559142494918,645
114.76525022580874,114.95311420385524,114.47452893678684,114.76525022580874,875
114.94544692331779,115.01833213874485,114.66489406120165,114.94544692331779,912
115.19759085000993,115.53144023848523,115.06009957043433,115.19759085000993,159
115.34307321507865,115.51992842235073,115.21278360490443,115.34307321507865,283
115.08956888544363,115.18701307377727,114.77056244205238,115.08956888544363,937
114.8326185721192,114.8750945893239,114.71352057362134,114.8326185721192,968
114.23314287312226,114.40930424381911,114.16623366733754,114.23314287312226,464
115.12553039271481,115.1614162969738,114.739318094308,115.12553039271481,533
115.13225557502446,115.38940738232657,114.95426555580924,115.13225557502446,298
115.01982904712703,115.1521670213203,114.7290521494174,115.01982904712703,852
114.5554330064008,114.78354870429851,114.14304601520008,114.5554330064008,331
116.0232619575647,116.084887624872,115.81408519206116,116.0232619575647,822
115.48659794145325,115.50203399667599,115.4631332420864,115.48659794145325,467
115.27217397865022,115.38074672272187,115.00761032482013,115.27217397865022,529
115.48009239679324,115.48557285496653,115.42936870100385,115.48009239679324,663
115.78019887966538,115.84820283779007,115.66680129689684,115.78019887966538,218
116.25916490727322,116.27415242161796,115.88596137256432,116.25916490727322,429
117.16296916115785,117.16873894011648,116.9364446696035,117.16296916115785,314
117.41604798888821,117.47704424885788,117.41219583767354,117.41604798888821,421
116.88803258890488,116.92865899816957,116.74216421711226,116.88803258890488,248
116.75956002634399,116.84027869374137,116.70278856837822,116.75956002634399,507
116.91347621260093,117.08480923657481,116.8828751379652,116.91347621260093,787
117.94758923335384,117.98639343425499,117.91393741288292,117.94758923335384,476
117.2486864941417,117.70003698857545,117.20526688167637,117.2486864941417,880
117.84997474675431,117.88211565701,117.52550311500164,117.84997474675431,419
117.93993193152752,118.05010342559326,117.91319998487504,117.93993193152752,104
118.35884719914226,118.89298227411487,118.0349827838776,118.35884719914226,501
118.30784984082429,118.39057511636716,118.19502645554425,118.30784984082429,727
117.88663352576113,118.08465848313969,117.81639949720878,117.88663352576113,302
118.2620699154618,118.3804905121023,118.23941496480616,118.2620699154618,136
118.58928542901461,118.71388763487415,118.39449409030543,118.58928542901461,153
119.07531391188446,119.18244472215495,119.05271555836886,119.07531391188446,387
119.06866159419515,119.28907850715036,118.88223535117244,119.06866159419515,383
118.76875058253522,118.8422563920475,118.5756521443356,118.76875058253522,697
117.9893570850233,118.25432934579335,117.90486016063645,117.9893570850233,144
118.399043719093,118.4339162863755,118.2175679420597,118.399043719093,383
118.610988460315,118.75611195162766,118.5985422489205,118.610988460315,932
118.12809714388302,118.19959118105277,117.9166602361728,118.12809714388302,681
117.85881030723472,117.92563555670236,117.79801627165585,117.85881030723472,141
117.625430901259,117.72166007941203,117.48100392719324,117.625430901259,516
116.88393868526778,116.9413979998176,116.60194118294456,116.88393868526778,371
116.47509748696521,116.59646255532249,116.36552243956628,116.47509748696521,240
115.90818230856203,115.96038300643237,115.70462371112122,115.90818230856203,670
115.70194280261806,115.88602203486896,115.2484311339762,115.70194280261806,851
115.33259405345328,115.54616538891216,115.26642347780073,115.33259405345328,146
114.51909159301991,114.74844821274522,114.35066002574393,114.51909159301991,266
115.53038670830465,115.83657223480718,115.19032897984505,115.53038670830465,721
116.15665707381926,116.3020349504602,115.86389335698905,116.15665707381926,225
115.76714736305927,115.97618887946571,115.52592444522035,115.76714736305927,571
115.90335806138607,116.14633486742268,115.57448200424582,115.90335806138607,910
116.11209060629672,116.29703298237695,115.70863281084092,116.11209060629672,720
116.70763353368346,116.76909540443073,116.61191531170951,116.70763353368346,776
116.29833102035343,116.66521728698144,116.1748068574853,116.29833102035343,469
116.84438441234464,116.92744670779271,116.77898287981425,116.84438441234464,870
116.57043176024118,116.85473241728779,116.47241286822792,116.57043176024118,687
115.90250055815687,116.1022458721735,115.7689297754993,115.90250055815687,106
116.26456883781412,116.44660857905971,116.141572487132,116.26456883781412,797
116.90994804987534,116.94794433457476,116.86649818419173,116.90994804987534,375
118.20390253664068,118.21085343229905,118.0414155564759,118.20390253664068,690
117.60403990409557,117.62486658169983,117.2532312940302,117.60403990409557,164
117.95349974663597,118.13676553732368,117.84590289212757,117.95349974663597,726
117.7485991247392,117.83033607719429,117.7219022256563,117.7485991247392,301
118.14027848000121,118.72751866875684,118.03699898306905,118.14027848000121,241
117.40503370438559,117.66760175900413,117.20291369625538,117.40503370438559,197
116.77364881653631,117.21112499953152,116.55173316823611,116.77364881653631,916
116.38571140495307,116.42078445308414,116.35502143472769,116.38571140495307,316
116.42519342778711,116.47329095768066,116.19505277285376,116.42519342778711,685
116.10465279451793,116.16129778624007,116.03874241891884,116.10465279451793,392
116.43417996647464,116.62596562001757,116.30432223420244,116.43417996647464,607
116.94762727560361,117.08245607662761,116.8634674978381,116.94762727560361,233
117.24741604622629,117.39066854552,117.23210885837261,117.24741604622629,361
118.05680986605672,118.30783967949776,117.81570414513457,118.05680986605672,383
118.2647231807844,118.55793082107418,117.90124951482804,118.2647231807844,201
117.65627482561432,117.6563011628597,117.53087807085998,117.65627482561432,476
118.33796308238348,118.69631953710615,118.15244477814863,118.33796308238348,305
118.03538496458049,118.37533351302021,117.8670136387012,118.03538496458049,752
118.49059421442327,118.60327508651288,118.2387016614404,118.49059421442327,112
119.27746132270082,119.42346065701683,119.07698379377752,119.27746132270082,860
119.50580532806602,119.68317385996373,119.44550346012599,119.50580532806602,222
118.7577259214837,118.8482107744455,118.58459661256803,118.7577259214837,109
118.2986198382288,118.45212124556356,117.95332856385306,118.2986198382288,691
118.95999207167137,119.38878543799576,118.91995694431166,118.95999207167137,266
118.87543072884996,118.8959071685195,118.69748092028715,118.87543072884996,710
118.91521749632105,119.04119096614852,118.812490018521,118.91521749632105,818
119.29462970440285,119.31391578030855,119.24182521460358,119.29462970440285,250
119.64279113544302,120.10266267469044,119.6347268932951,119.64279113544302,136
119.78219104163576,119.81615637615249,119.53476490007802,119.78219104163576,988
119.67785685602553,120.16408108881986,119.51283826135852,119.67785685602553,875
119.52152263315935,119.73911068381307,119.17625557106803,119.52152263315935,573
119.95047204580501,120.05485029263203,119.6930274097042,119.95047204580501,543
120.2272568113389,120.28298976562382,120.07095446621442,120.2272568113389,441
120.09860681103001,120.21115078304642,119.81757403904206,120.09860681103001,104
120.63966296752658,120.83527782005929,120.57652185708119,120.63966296752658,989
120.57514590996169,120.58962101308467,120.5564839223495,120.57514590996169,325
120.1493148227945,120.30826963048656,120.05197575302859,120.1493148227945,638
119.76982947334282,120.38868732316111,119.73349555941945,119.76982947334282,223
119.28045905518795,119.36990392712345,119.0030649656018,119.28045905518795,502
119.1442540468861,119.14878287291337,118.9467639531414,119.1442540468861,910
119.7611161860542,119.80037490960335,119.66146324461502,119.7611161860542,134
119.35856859553894,119.64998896078443,119.35263423054346,119.35856859553894,336
119.452806476048,119.67758670103257,119.3147008708837,119.452806476048,567
119.12446180323428,119.24869365192333,118.85960625060835,119.12446180323428,598
118.99430728259857,119.37748108786026,118.75032110260052,118.99430728259857,611
118.23928667660594,118.54134400686057,118.16696858343313,118.23928667660594,922
118.12901756202767,118.17827559054943,118.02788630639198,118.12901756202767,416
118.0321648721252,118.11984664973254,117.90915734657298,118.0321648721252,402
118.30230884414304,118.31280538060518,118.2926761059156,118.30230884414304,201
118.41394930077072,118.5411964664568,118.39231625146381,118.41394930077072,688
117.8147532382947,117.88422591899793,117.44590989752125,117.8147532382947,411
118.35685236031647,118.88642920302789,118.18384546419004,118.35685236031647,181
118.46200388042746,118.55279105810821,118.41843871746111,118.46200388042746,757
118.5612006390162,118.65424972485002,118.53806843549413,118.5612006390162,292
118.55660946232364,118.66888080982842,118.40689681830486,118.55660946232364,323
118.29773073871253,118.37628252919589,118.11656498614911,118.29773073871253,152
118.40663190858689,118.70699929351285,118.10677435689175,118.40663190858689,444
118.64442612655118,118.6523989680495,118.2897784108987,118.64442612655118,184
117.77097828087841,117.9276719021202,117.56013847532185,117.77097828087841,979
117.50159786220536,117.62427058233,117.20549943167154,117.50159786220536,740
117.37412437700357,117.53560038826039,117.24597510080383,117.37412437700357,310
117.50220967985071,117.80539870910955,117.43711717350223,117.50220967985071,963
118.09886518281427,118.3841618141385,117.84954591995654,118.09886518281427,875
117.71299477551588,118.12655845081134,117.62362275223668,117.71299477551588,282
117.46401385210696,117.69459424083644,117.41748183371207,117.46401385210696,371
117.20774679678368,117.51583334020854,117.16263439336319,117.20774679678368,605
116.80698300173141,116.88422821455232,116.71393535828851,116.80698300173141,326
116.63338975417528,116.7055306542652,116.53225125391579,116.63338975417528,933
117.01879086416928,117.06272827317405,116.57959625359008,117.01879086416928,111
116.4918731164871,116.72245995188206,116.45289455415256,116.4918731164871,192
116.70578031406355,116.8440472862961,116.67297087643391,116.70578031406355,429
115.85482919905438,116.0098470814035,115.60745056154023,115.85482919905438,289
115.57416020083328,115.87642476067391,115.56378072346908,115.57416020083328,697
115.40941555072429,115.50054805032703,115.03683817081533,115.40941555072429,965
116.24684538718132,116.39424995829259,116.0499483866944,116.24684538718132,888
116.10944423480498,116.15780781731078,116.00071068602992,116.10944423480498,392
115.00882249807952,115.19364212384768,115.00281422517527,115.00882249807952,360
114.0093780446489,114.32367588216415,113.7500903695319,114.0093780446489,809
114.02639283782224,114.35549528684732,113.83256896896258,114.02639283782224,422
114.3332782657172,114.41153180869871,114.30339003519445,114.3332782657172,109
114.52100619453083,114.69879115634278,114.42211527396674,114.52100619453083,187
114.60479124743132,114.7081330693173,114.39587128955564,114.60479124743132,439
115.18592104618415,115.22982636267358,115.08795289323658,115.18592104618415,417
114.91612543581559,115.06012814218283,114.89967541848492,114.91612543581559,648
115.363580713829,115.44511282954218,115.05007063949078,115.363580713829,322
114.54757327131578,114.7123455334404,114.13254387808223,114.54757327131578,786
114.09509935484675,114.16540203019854,113.9810970551319,114.09509935484675,308
113.19157865738084,113.34540771334217,112.87392562869253,113.19157865738084,148
113.05415600704595,113.24095710745848,112.68037372575182,113.05415600704595,635
113.03102539841278,113.35362876112818,112.80523155813236,113.03102539841278,949
113.08807614452604,113.10197176777025,113.06853396655298,113.08807614452604,717
113.1190178209696,113.23275896228901,113.0659285453245,113.1190178209696,922
112.65524115556374,112.84849690341068,112.6175599923336,112.65524115556374,362
112.56012073335714,112.84959995176892,112.33255430319855,112.56012073335714,305
111.81139739905426,111.91981411006384,111.72920216605142,111.81139739905426,780
112.49301188662038,112.85559333075213,112.46687182127387,112.49301188662038,596
112.34119885017138,112.52912075359095,112.1897171189755,112.34119885017138,997
112.09675579064954,112.14406244106877,111.97523005374454,112.09675579064954,769
112.89122595487159,113.13439475143666,112.64573421222913,112.89122595487159,852
112.27010268809697,112.53978819065317,112.1888541135166,112.27010268809697,564
111.70730913108099,112.01677132769852,111.65938355492449,111.70730913108099,734
111.1591989686467,111.19340686717413,111.07274230282071,111.1591989686467,119
111.12526327779696,111.15199904544448,111.11423236632865,111.12526327779696,667
111.34107909261576,111.680342339639,111.32537675166341,111.34107909261576,891
111.71091682667468,111.78266510429634,111.66476311894175,111.71091682667468,207
112.99691448542217,113.22839887462094,112.80829507803784,112.99691448542217,239
111.87219825832179,112.10209367048749,111.75359356287917,111.87219825832179,190
112.176566052884,112.31023269880524,111.98564808478193,112.176566052884,370
111.89800076659789,112.12389788211696,111.72845392063265,111.89800076659789,428
111.60479319215351,111.66741787559211,111.50307021333577,111.60479319215351,309
111.29490712802657,111.42842412012189,111.16418779123737,111.29490712802657,787
110.84052229262258,111.19941100964036,110.70622675833616,110.84052229262258,672
111.6827847099243,111.90704062822066,111.54706058641693,111.6827847099243,554
112.10393337343126,112.28156483777995,111.98161658827492,112.10393337343126,383
112.11553136270994,112.29074051804433,111.92682493938075,112.11553136270994,465
112.79103923895345,113.10075584567772,112.69482809412509,112.79103923895345,583
112.034774756304,112.19377904815784,112.02951551613087,112.034774756304,102
111.36942219063855,111.38848287046928,111.09253506985728,111.36942219063855,883
110.2804383245412,110.43664011546262,110.19362356018931,110.2804383245412,263
109.93073105447955,110.05763531916634,109.49427749254045,109.93073105447955,487
110.01158031783193,110.14061701712811,109.97102424527093,110.01158031783193,108
110.06300960679809,110.23177536169521,109.60291961145444,110.06300960679809,465
110.13768056232803,110.20794754941917,109.84889525635302,110.13768056232803,111
109.43215214679499,109.43570265602965,109.28200378826222,109.43215214679499,173
109.833729518102,109.96343384400294,109.32686227974058,109.833729518102,337
109.9535432772215,110.28387106695868,109.95349618023855,109.9535432772215,911
110.3200704179545,110.34412480581965,110.19382694242424,110.3200704179545,207
109.37368932915948,109.55809419419491,109.20611131016022,109.37368932915948,624
109.52943475855837,109.67259994133332,109.36958081364229,109.52943475855837,333
108.9355521385996,108.96090625882803,108.72773405420426,108.9355521385996,538
108.73689051232392,108.88755674667956,108.63014756031498,108.73689051232392,856
109.00407296164212,109.27123833067223,108.97125351141965,109.00407296164212,580
109.04961976477009,109.41915176535858,108.96295532089876,109.04961976477009,932
108.62384977488043,108.68558483369155,108.39657190473396,108.62384977488043,191
108.62698635297264,108.72027754756652,108.31304243548847,108.62698635297264,971
107.86121869535081,107.8806566041155,107.8516151319192,107.86121869535081,297
108.43635239329996,108.44020418677017,108.21888871756823,108.43635239329996,215
108.33371038355183,108.36336701113731,108.1247681351989,108.33371038355183,742
108.8929853556795,109.0965445494867,108.6993973128249,108.8929853556795,464
108.62971951213147,108.63130522962214,108.38649406259715,108.62971951213147,252
108.36793151792818,108.52134156162673,108.26724866921832,108.36793151792818,732
107.98583812460926,108.07260762927977,107.77765775171468,107.98583812460926,207
108.4239250904558,108.46305319611825,108.3341549241875,108.4239250904558,627
108.06920951179156,108.22999358063944,107.86461593481795,108.06920951179156,910
108.39150722799914,108.63481287450905,108.07021555440342,108.39150722799914,155
108.2002810291645,108.36703047730832,108.03752368018009,108.2002810291645,551
107.21229937921869,107.27729526807096,107.19806966678048,107.21229937921869,491
106.92714234532546,106.99013442781641,106.67418162168202,106.92714234532546,714
106.33758823814404,106.40837851567879,106.02119070920332,106.33758823814404,307
106.3545395999852,106.49903875387379,106.2046713399612,106.3545395999852,609
105.75933573214796,105.82266728509529,105.70885178779989,105.75933573214796,762
106.22232328250527,106.50110818861349,105.77518634622017,106.22232328250527,873
106.17678535232876,106.3404803695548,105.96268877215408,106.17678535232876,654
106.08798735494939,106.12186284893794,105.74652616660126,106.08798735494939,399
106.41593342384319,106.57109062170571,106.12705632094354,106.41593342384319,729
106.89788689088111,106.9820814473874,106.71664371703999,106.89788689088111,947
106.88783751499629,106.89102746039164,106.76899906088852,106.88783751499629,378
106.50223736522165,106.53324977416135,106.47042003234792,106.50223736522165,243
105.61525255716558,105.85294755046628,105.46268602883067,105.61525255716558,839
105.27222767864798,105.403096052859,105.2406107530564,105.27222767864798,303
104.963621555324,105.0809245868476,104.92279223442239,104.963621555324,328
105.01715028182015,105.1709422643551,104.91010725229822,105.01715028182015,364
104.84457684125114,104.86711388128322,104.75844156285909,104.84457684125114,565
105.18854332727686,105.42765839292154,105.15527991529092,105.18854332727686,236
104.88205169164152,105.01455512090287,104.83366061117732,104.88205169164152,339
104.85353110821505,104.86995971732962,104.67989525360441,104.85353110821505,797
105.4455248298135,105.80845466327811,105.28705097697737,105.4455248298135,548
105.61643743679097,105.63659821088292,105.01232225242502,105.61643743679097,414
105.5864186659467,105.91735232912004,105.45050203606957,105.5864186659467,250
105.2854464449791,105.32951110331729,105.09990326122909,105.2854464449791,424
104.9688307466216,105.04624759551659,104.92882391419558,104.9688307466216,502
104.54352412014563,104.85139542466577,104.48986547635432,104.54352412014563,902
104.27302068725419,104.36042421166887,104.16015870842615,104.27302068725419,452
104.65085360662634,104.77939792540289,104.55081692231936,104.65085360662634,209
104.5399094709802,104.63402376286027,104.36927610704336,104.5399094709802,565
103.86502293628959,103.92354188627111,103.8537236680059,103.86502293628959,139
104.74910758281948,105.14691442205374,104.25085791681802,104.74910758281948,753
104.90909017839206,105.09628481024518,104.59634196085779,104.90909017839206,439
104.20561847813548,104.42460528926387,104.17302614396421,104.20561847813548,471
103.98469401451507,104.35228242051353,103.7498234220516,103.98469401451507,624
104.04013720592928,104.12456594436834,103.8641680211379,104.04013720592928,606
104.89243325257797,104.94217793739448,104.57613816696954,104.89243325257797,152
104.33837702344854,104.50537490892427,104.07159271490501,104.33837702344854,179
104.82639738312652,104.9963614561903,104.69975999501668,104.82639738312652,844
105.52614059661269,105.85379683323998,105.4729741626416,105.52614059661269,450
105.2118134440754,105.22073896868869,105.09271916634307,105.2118134440754,650
105.07305663464528,105.1061724291588,104.95596838212546,105.07305663464528,838
104.5549020109584,104.69801089491011,104.51872391997318,104.5549020109584,439
104.45317144041825,104.56066385776329,104.40472340860595,104.45317144041825,220
104.43487645324677,104.74452878689294,104.13738657558306,104.43487645324677,164
104.76470145228795,104.91991892686046,104.62751922835416,104.76470145228795,539
105.30979318779818,105.42736021217134,105.24487783984125,105.30979318779818,395
104.93574515548735,105.05275919597902,104.51634277324463,104.93574515548735,304
103.95208262337435,103.97972767067472,103.85375038840316,103.95208262337435,746
103.94146023373624,104.24805588324246,103.74766782267352,103.94146023373624,656
104.08822899872055,104.26262769180593,104.03692625072219,104.08822899872055,377
104.21293784256308,104.33435328083822,104.10583533359002,104.21293784256308,234
104.04960121880856,104.1674370287481,103.9120762749963,104.04960121880856,477
104.11197726864053,104.28791203132346,103.90147548647933,104.11197726864053,151
104.86969967281665,104.97995633937177,104.85240785480816,104.86969967281665,840
105.0605667572979,105.2605945415459,104.9885224030367,105.0605667572979,967
104.87388254479636,105.09056097351304,104.57805696710527,104.87388254479636,679
104.62378363624836,104.88837829791747,104.47555247143139,104.62378363624836,809
104.53885745740949,104.71466071119958,104.41070240259218,104.53885745740949,166
105.35722743832481,105.39433714524338,105.27203981613509,105.35722743832481,102
105.26557708356171,105.2689012798342,105.01215145501676,105.26557708356171,669
105.25567991130136,105.4324765433953,104.97691902212142,105.25567991130136,987
105.01452312583321,105.33639180095518,104.80996747763565,105.01452312583321,550
105.56401480455419,105.90111328312791,105.56178108109829,105.56401480455419,609
106.54393343192653,106.60756957543187,106.53681303834553,106.54393343192653,867
106.76923995664222,106.8224432957543,106.75880045554965,106.76923995664222,967
106.81062640853494,107.09076037951225,106.74847097277741,106.81062640853494,537
106.82901782512207,106.92603982898288,106.76380576063166,106.82901782512207,876
105.63686443072919,105.72241821959932,105.56001280336487,105.63686443072919,627
106.0094398628716,106.06517564343952,105.78265135214377,106.0094398628716,879
106.07652307086953,106.38544730459101,105.98033252493184,106.07652307086953,201
106.29069409619989,106.86551063580187,105.80301422716576,106.29069409619989,536
105.93496299915803,105.98819857219887,105.54282471200997,105.93496299915803,898
105.74273455966949,105.76507338569083,105.47688343375347,105.74273455966949,833
105.5372220914179,105.75680736403132,105.4127254245056,105.5372220914179,120
106.04803358345443,106.10017481584867,105.6464359621604,106.04803358345443,486
105.85865366515289,105.89149642196118,105.800630592153,105.85865366515289,632
106.89998382620779,107.27768850875087,106.73346294380974,106.89998382620779,191
107.1154150357153,107.32946612371819,107.0102206238345,107.1154150357153,895
106.47757370571743,106.63655890925222,106.27698514509942,106.47757370571743,232
106.41330055909145,106.80210408909154,106.38894029462878,106.41330055909145,938
106.08746299801325,106.16089607902185,106.0274969051877,106.08746299801325,604
104.99027176310324,105.21088841876191,104.95010379536701,104.99027176310324,552
105.79000723316013,105.82115829487677,105.78752096272376,105.79000723316013,940
106.14157850427013,106.15888773640624,106.11494759863581,106.14157850427013,786
106.40818216321979,106.62637796874368,106.06091740144981,106.40818216321979,824
106.49088399336965,106.82343945120554,106.36687361984184,106.49088399336965,247
105.79987520902343,106.06009454771655,105.61537344970246,105.79987520902343,331
105.55806663924571,105.77133925432267,105.51990865190835,105.55806663924571,983
105.97895702663772,105.99234880470077,105.6558392869441,105.97895702663772,264
105.45334701174646,105.50885194864172,105.09057051765255,105.45334701174646,413
104.18746235362106,104.23939794632257,103.77090035557936,104.18746235362106,756
104.0739093497306,104.15148085841372,103.96754489468435,104.0739093497306,397
104.00303057271682,104.16714593505061,103.87968030388643,104.00303057271682,322
104.07081228092417,104.2713742313152,104.02167963264873,104.07081228092417,452
104.43507160268145,104.77224563312575,104.32499100701546,104.43507160268145,515
104.75387450879705,104.81976272974202,104.61850208133018,104.75387450879705,161
104.88325941141902,105.15606604438688,104.52837570484301,104.88325941141902,707
105.48102510546238,105.55267202426526,105.18087782893079,105.48102510546238,723
104.72154021505573,105.09830242129269,104.55935357012797,104.72154021505573,475
104.97383112229441,105.06922629428523,104.78008420761006,104.97383112229441,698
105.28710030396289,105.42446969937563,105.21028212032073,105.28710030396289,504
104.66731916092277,104.8064683194173,104.63981741203662,104.66731916092277,354
103.91588385658157,103.95417226605049,103.6970860153913,103.91588385658157,550
103.54291279334377,103.54429773755251,103.20429822257749,103.54291279334377,489
103.21214207208612,103.3968279132304,103.20582972955967,103.21214207208612,724
103.58885180383734,104.04518421832145,103.3976554206151,103.58885180383734,865
103.28158241199179,103.5039525533246,103.09601967627738,103.28158241199179,447
102.85340815285119,102.93146898267352,102.79719250414716,102.85340815285119,601
102.54759128450391,102.76707582198846,102.48587324071393,102.54759128450391,421
103.10690745158101,103.12753306405128,102.83340230079793,103.10690745158101,643
103.11342913876949,103.21723428255312,102.81637010241307,103.11342913876949,163
103.02380362609104,103.20200071448173,102.8788801483811,103.02380362609104,253
102.96880087674052,103.1001620424424,102.93262415182734,102.96880087674052,616
103.61483104390378,103.8865024771899,103.55232608073912,103.61483104390378,494
103.24024518060216,103.45293232497565,103.01954568034769,103.24024518060216,995
103.89799932607221,104.0192292660239,103.72456870026409,103.89799932607221,429
104.00324747553296,104.29837002480954,103.98386075038681,104.00324747553296,562
103.92303778454529,103.99337263311403,103.86235685042584,103.92303778454529,821
105.17348803351243,105.56294887929036,105.10727285531433,105.17348803351243,191
104.64566828861312,104.87005838699616,104.35172581567838,104.64566828861312,321
104.46882540882962,104.77632605247656,104.43755031335863,104.46882540882962,289
103.85260978924762,103.86372789388747,103.8029151456482,103.85260978924762,671
104.32884077451571,104.40146046104792,104.2371306027587,104.32884077451571,304
105.17343524134155,105.3258669339468,104.98856255332872,105.17343524134155,311
106.00839663204387,106.47023743632563,105.75463704953809,106.00839663204387,869
106.62037100861687,106.64013581762016,106.57346449011325,106.62037100861687,188
106.52156077471889,106.67911242624298,106.12808755250059,106.52156077471889,847
106.33894028597398,106.49570863379091,106.17509078342825,106.33894028597398,462
105.50335539972694,105.5742914717131,105.26856975025598,105.50335539972694,470
106.52129216731784,106.5480273502488,106.20434423870881,106.52129216731784,431
106.75578120639207,106.75759776521122,106.74668790114544,106.75578120639207,807
106.50980275395733,106.68660073374173,106.37383316702665,106.50980275395733,525
107.17383119845081,107.21787310437763,107.07126728571917,107.17383119845081,943
106.68744894007081,107.03893361415136,106.64845088165092,106.68744894007081,554
106.89075995718214,106.95296777025575,106.71893916114408,106.89075995718214,794
106.80444539003672,107.37570047270495,106.67268482476237,106.80444539003672,521
107.12378395997688,107.1816819760636,107.03306798954782,107.12378395997688,862
107.09199719038382,107.27583442111921,106.90530910875012,107.09199719038382,835
106.3665332448282,106.57840138228318,106.30197520456512,106.3665332448282,270
106.40432143116323,106.54760747189471,106.39049471818562,106.40432143116323,809
106.9287535021009,107.15990004452509,106.79502578799868,106.9287535021009,348
106.91414529917391,107.57572528967339,106.87964792233912,106.91414529917391,280
107.30170285996846,107.3319754406836,107.24183746530927,107.30170285996846,574
106.77893811713143,107.35409280265709,106.62786995318599,106.77893811713143,582
106.76580772049651,106.7894494096107,106.61127079582171,106.76580772049651,483
106.45355249295223,106.4549867351485,105.91977594130758,106.45355249295223,888
106.82704291300458,107.32355171018675,106.78780258098875,106.82704291300458,503
106.84278869413558,107.22775636655155,106.56977702983313,106.84278869413558,886
107.18782553230389,107.24502869383082,106.85102686480008,107.18782553230389,260
107.73168074538282,107.90148543179923,107.69496428748418,107.73168074538282,347
108.07749003294352,108.37056591844322,108.00380407125657,108.07749003294352,418
108.21404925009034,108.5731718942188,108.19355355368373,108.21404925009034,799
107.71494312083463,107.9607773275383,107.3925066507029,107.71494312083463,630
107.71355006550118,108.17344117023517,107.40315546305155,107.71355006550118,855
107.44700486449327,107.80721390380113,107.4372351711124,107.44700486449327,212
107.27497288614116,107.34144216043556,107.18999017841944,107.27497288614116,889
107.08770581076602,107.21958616873573,106.7093897430873,107.08770581076602,662
106.5977430233749,106.6579432701586,106.55042843563598,106.5977430233749,443
105.6190737288079,105.73382728103682,105.22888792939428,105.6190737288079,222
105.28500220464402,105.30061774742322,105.18972392541691,105.28500220464402,849
105.3816919306061,105.43587619914759,104.99925184648431,105.3816919306061,418
104.70760340789235,104.72912409513694,104.60631850850288,104.70760340789235,673
104.71544452612817,104.83716288724202,104.60278614697393,104.71544452612817,577
105.66557873828364,105.67490369132658,105.56322594693691,105.66557873828364,512
106.17710701590977,106.23182593056211,106.06172357982904,106.17710701590977,685
106.99887777047003,107.02098759438046,106.66033508385378,106.99887777047003,344
107.1944417089364,107.48999613048706,107.16547621012437,107.1944417089364,643
107.77819662042961,108.0471939541513,107.7103172573563,107.77819662042961,556
107.41621425519571,107.63278254197898,107.3668617474237,107.41621425519571,252
107.09404412168472,107.1554429308614,106.77002180068342,107.09404412168472,755
105.72447401861598,105.84141908802317,105.55340377721576,105.72447401861598,114
106.31754675563712,106.53597073758161,106.0280107575429,106.31754675563712,542
107.08770874554706,107.38233792087637,107.0249842034502,107.08770874554706,403
106.81112012287343,106.97983944537978,106.80325625151787,106.81112012287343,885
106.68414426967482,106.7286572838291,106.5993554618607,106.68414426967482,344
106.30721321282934,106.44024127268622,106.09318150594683,106.30721321282934,890
106.49853998856808,106.75732669318923,106.44911634005051,106.49853998856808,666
107.0610062612197,107.0969109215272,106.78727086254834,107.0610062612197,653
106.18962027427918,106.55940799799156,106.116454162866,106.18962027427918,998
106.39433953960031,106.4752211704146,105.91308391199428,106.39433953960031,554
106.25600365374073,106.7385138173247,106.07930496831969,106.25600365374073,458
106.31270084972408,106.52390917101579,106.05823984707169,106.31270084972408,151
106.54219785056122,106.84410817505521,106.37036329842643,106.54219785056122,110
106.4480966311748,106.49420336461708,106.26779303152718,106.4480966311748,922
106.39630320447192,106.55124001600468,106.33032468499567,106.39630320447192,699
106.2893656206946,106.71790782758744,106.18062944091926,106.2893656206946,326
106.77452372158874,107.06244330707476,106.55474956401994,106.77452372158874,213
106.98390370165248,107.13226782999283,106.88477816689033,106.98390370165248,636
107.09419547052116,107.11966700414538,106.93550953858066,107.09419547052116,703
106.45871960997502,106.50763922390486,106.22611494938361,106.45871960997502,186
106.26942973836844,106.44211255268077,105.91741321886074,106.26942973836844,692
106.71876431853804,106.72459470100304,106.49760826132609,106.71876431853804,349
106.7376126051,106.94259158497617,106.65590939210244,106.7376126051,349
107.06737833989456,107.21089006773457,106.87508050008226,107.06737833989456,520
107.95063424005838,107.95153059933374,107.74984983651808,107.95063424005838,309
108.46993727466278,108.71682867041572,108.39813172018158,108.46993727466278,620
108.51651644351266,108.60208401561987,108.50102528055343,108.51651644351266,710
108.2610218584148,108.4157048437378,108.0320215627104,108.2610218584148,647
106.98424706038685,107.1139216159288,106.91501177046801,106.98424706038685,156
106.90005459915042,106.97745156692605,106.87324431191102,106.90005459915042,162
106.737048351242,106.91512995227936,106.69474749877436,106.737048351242,437
106.93223144843968,107.4376335321054,106.7598656781524,106.93223144843968,887
106.85527883495233,106.92704410914104,106.71066486594914,106.85527883495233,824
106.69508630523393,106.8554073371792,106.47186657207942,106.69508630523393,914
105.80538683998032,105.95446550638786,105.69559583172409,105.80538683998032,631
105.33540292540528,105.35785567884353,105.09890761211534,105.33540292540528,858
105.57372844580556,105.57964090317998,105.4522659296719,105.57372844580556,105
106.4316822613719,106.47041899338078,106.12217605627411,106.4316822613719,684
106.3829195694991,106.8755223072541,106.27684383113154,106.3829195694991,718
106.54682510628615,106.60814372122182,106.44232914166733,106.54682510628615,704
107.02306418476255,107.14043449251952,106.93847846306029,107.02306418476255,610
106.61761721666242,107.00363459052711,106.58924187138582,106.61761721666242,896
106.80102423830515,106.88742355097907,106.61301074722678,106.80102423830515,560
106.43077918513907,106.65919010360952,106.16153663191655,106.43077918513907,455
106.86319140438458,106.96871087290039,106.84287548664001,106.86319140438458,318
106.93889292836045,107.44093735656853,106.76221169629338,106.93889292836045,466
107.08811883535117,107.09584918911663,106.99662509813356,107.08811883535117,988
106.69681953664187,106.70025630671897,106.54826354249522,106.69681953664187,660
107.05033571644726,107.19515072659613,106.86051851079024,107.05033571644726,463
108.09269217706277,108.49487278414546,108.01759765462228,108.09269217706277,489
107.58873632934866,107.66474705946872,107.45565677648504,107.58873632934866,394
107.4188568255249,107.59011445025695,107.23640837512798,107.4188568255249,604
107.53466056260895,107.76804412288324,107.3733782101566,107.53466056260895,387
107.92786366860686,107.96747939201317,107.90509810571439,107.92786366860686,276
107.64809052596213,107.74396137772584,107.39763453685896,107.64809052596213,398
106.23157538089076,106.34070645976328,106.06067348534478,106.23157538089076,719
106.91117012797277,107.06690667711793,106.5656579204455,106.91117012797277,383
107.29142318776483,107.38450000312866,107.26166911791495,107.29142318776483,912
106.4199494225215,106.42859576045048,106.04875363816022,106.4199494225215,676
106.11616502663172,106.29664797078054,106.00996766075932,106.11616502663172,917
106.90025624139538,106.99662910449233,106.25718140215281,106.90025624139538,153
107.62415445062432,108.11010551016082,107.5577426264345,107.62415445062432,918
108.0934744619638,108.1406318748034,108.04636401970617,108.0934744619638,910
108.00541824498386,108.01068650273335,107.57434571077228,108.00541824498386,419
108.04691195439011,108.08460775260801,107.9613224662724,108.04691195439011,578
107.98144905182704,108.08231285493996,107.94771549982319,107.98144905182704,641
108.54556894346146,108.6227332407479,108.46408470382056,108.54556894346146,857
108.1076477402139,108.12972437634312,108.0802919668021,108.1076477402139,821
107.70474791277181,107.71448152140435,107.69112779790338,107.70474791277181,320
108.20988520618981,108.49074848952904,108.1738993756034,108.20988520618981,781
108.18770447843403,108.30444860757191,107.76976148580884,108.18770447843403,442
108.87693815616093,108.88703236689763,108.80276575059993,108.87693815616093,313
108.54118205267066,108.68835276785313,108.50731930789989,108.54118205267066,421
108.51379287250126,108.68582303167577,108.43301265582402,108.51379287250126,680
108.05258638007928,108.18431279627028,107.8959001427505,108.05258638007928,845
108.05626772079106,108.09952880304071,108.02091498079662,108.05626772079106,114
107.31699425229165,107.34030738365472,107.26101213765756,107.31699425229165,579
107.07317754181418,107.22243306053626,106.68798395263273,107.07317754181418,977
106.35505060935012,106.53520884415578,106.30638896429237,106.35505060935012,233
106.70201222594575,106.84081874813934,106.6400969712298,106.70201222594575,817
107.06030689582558,107.4815081361022,107.04815876444816,107.06030689582558,123
106.1951755305834,106.43400516018602,105.95868394113432,106.1951755305834,476
106.86211840333368,107.1675800481726,106.57546196878964,106.86211840333368,696
108.11082596654362,108.2072508234079,107.93947733137485,108.11082596654362,241
108.13382915991178,108.18115854244635,107.84768796038365,108.13382915991178,751
107.81327202979946,107.99143836582562,107.58387616964328,107.81327202979946,538
109.22543732530099,109.61511302664742,109.1069738648755,109.22543732530099,423
108.56595307614973,108.7136961292582,108.33749657440444,108.56595307614973,221
108.57600630958427,108.684034117477,108.2073288767699,108.57600630958427,399
108.66581744590023,108.7367875921706,108.48029041572273,108.66581744590023,440
109.33839125612644,109.53017407412764,109.28470973131145,109.33839125612644,278
109.51826074368984,109.66494577705329,109.37688028756445,109.51826074368984,307
109.26894379579561,109.27114506012128,109.11763563835812,109.26894379579561,265
108.79335161060163,108.94739700722366,108.67890426521272,108.79335161060163,140
108.62244070047856,108.73114556698857,108.54238300421275,108.62244070047856,733
108.11897702000599,108.25530915028547,107.99759069453489,108.11897702000599,655
108.14288967989833,108.61896722913123,107.6359831661771,108.14288967989833,174
107.86079158996809,108.08592757639278,107.85292880226812,107.86079158996809,579
107.11377269332321,107.1623933049889,107.08141841639545,107.11377269332321,447
107.74134558751066,107.8653984468442,107.59863428932292,107.74134558751066,371
107.49250932579615,107.55125879613095,107.44357525598195,107.49250932579615,265
106.85844092330849,106.92376011529177,106.81883636319287,106.85844092330849,861
106.77431135606473,106.87697397386586,106.77106611432387,106.77431135606473,185
106.80849713904855,106.96524341839913,106.73215180969098,106.80849713904855,748
105.93526377625903,106.21488337919541,105.58255627577057,105.93526377625903,944
106.10108760982192,106.14996757692941,105.98207706856374,106.10108760982192,650
105.57750882547678,105.68868051734026,105.56889207703637,105.57750882547678,698
106.43302323007218,106.4905400595906,106.30345353956207,106.43302323007218,254
106.69500348611055,106.7363543667964,106.63606381394543,106.69500348611055,771
106.4950534910559,106.52261066329436,106.38135959078102,106.4950534910559,675
106.12246960589722,106.28958985403477,106.01738100761038,106.12246960589722,322
106.06998575211541,106.30476593843025,105.7780810773043,106.06998575211541,516
106.37638112290706,106.57998865729162,106.35682216634312,106.37638112290706,461
106.36363405861447,106.42726592409645,106.27768013423346,106.36363405861447,445
106.25505465504604,106.33778423470251,105.88295938440758,106.25505465504604,245
106.28423980045498,106.47396418069678,106.19033930421702,106.28423980045498,815
105.98231033483651,105.99693118571265,105.89237351017705,105.98231033483651,166
105.81070737141499,105.99263380596393,105.53877155387778,105.81070737141499,616
104.76781115196249,105.04601964697368,104.5235537508294,104.76781115196249,158
105.25467426738868,105.48243085478393,104.99554859949428,105.25467426738868,687
105.40407315754956,105.53485257639595,105.02846475045969,105.40407315754956,871
105.01734523553284,105.26219023720395,104.95978313614756,105.01734523553284,859
105.96671272621046,106.23825247158398,105.85011948235808,105.96671272621046,115
106.01022096640665,106.32846402458311,105.81824904537599,106.01022096640665,686
105.49214918041905,105.60070411520157,105.32092761234027,105.49214918041905,967
105.92051789115428,105.94857657629439,105.798658012253,105.92051789115428,585
106.11954199940891,106.25085739207829,105.85629095615788,106.11954199940891,988
106.31683199215102,106.49835435436037,106.31084330273947,106.31683199215102,275
106.10395418982523,106.26879867769873,105.81446090637044,106.10395418982523,421
106.32920205171425,106.48792991058026,105.86711019676817,106.32920205171425,560
106.1983229066037,106.37282516192484,105.97029067873052,106.1983229066037,235
106.47629363242663,106.60519517280177,106.35812657044185,106.47629363242663,527
105.52382140542132,105.6754778826449,105.26179252789454,105.52382140542132,888
105.30688467393172,105.47965014276288,105.2238547474099,105.30688467393172,893
106.16796222283581,106.28745680961516,106.07397762291097,106.16796222283581,779
105.78442849513566,105.99436331828701,105.53815510991689,105.78442849513566,641
105.48250934638907,105.57185471953363,105.28917132460406,105.48250934638907,421
105.25852867716408,105.28990842540378,105.07722945334879,105.25852867716408,435
104.65112560921976,104.82098180160177,104.64971924964985,104.65112560921976,880
103.54698522110563,103.82117777313148,103.50877285764936,103.54698522110563,612
103.43169202184383,103.91208141063395,103.40196109611756,103.43169202184383,270
103.49962173388465,103.65536963695848,103.49177897109979,103.49962173388465,228
103.47336919961532,103.57528250018929,103.26322456057646,103.47336919961532,779
103.40092991864138,103.96971865159574,103.3423026973966,103.40092991864138,517
103.42245035406657,103.70169618011381,103.16634662669917,103.42245035406657,496
103.93387108984196,104.05892899235037,103.90131275349205,103.93387108984196,160
103.83864799687736,103.84470472418795,103.80219065559146,103.83864799687736,216
103.55160670833372,103.8662339127423,103.53500649792315,103.55160670833372,933
103.41104396588968,103.72008925506664,103.1874029939378,103.41104396588968,734
103.70071734576807,103.78732662148886,103.52177274588034,103.70071734576807,871
104.4067307850397,104.46937843483984,104.11656131789327,104.4067307850397,572
104.0926589154551,104.10584513717089,104.00841446756806,104.0926589154551,837
104.14212580896955,104.67314221254546,104.13638966982978,104.14212580896955,496
104.31130452993753,104.59021643260274,104.06865676260466,104.31130452993753,903
103.81501552657312,103.8351506271929,103.57860311179783,103.81501552657312,963
103.82522411017958,103.94842925192911,103.72081500293064,103.82522411017958,797
103.09238718150853,103.15032114393615,103.0063252686072,103.09238718150853,696
102.20786202963883,102.38635502318196,102.02077101676008,102.20786202963883,317
102.39123523358496,102.57871649007886,102.2991076089942,102.39123523358496,754
102.19929786291958,102.4957866686705,102.14263682704348,102.19929786291958,576
102.3004380667302,102.48803598678846,102.2646904427922,102.3004380667302,701
102.29149057822602,102.48941044414411,102.11892706717995,102.29149057822602,952
101.80329055389412,101.91513571348516,101.68893970342258,101.80329055389412,367
101.78066340291194,101.9958502274521,101.72659915374327,101.78066340291194,175
101.16411275040451,101.19326447827004,101.13777799391345,101.16411275040451,168
101.85959892940521,101.96191003510961,101.73665956480367,101.85959892940521,544
101.18161375697522,101.25470012554017,101.08103681995146,101.18161375697522,397
101.08372112149094,101.10801854257902,101.0421739720211,101.08372112149094,573
100.56258532746732,100.73458582249178,100.2679840357254,100.56258532746732,259
100.84779591414771,100.86422324685851,100.48758269320412,100.84779591414771,997
100.68208022850696,100.87943255200352,100.52426873489033,100.68208022850696,107
100.42274686869635,100.51104202975893,100.17862684725098,100.42274686869635,830
100.84934764122212,101.02801709374376,100.793470742542,100.84934764122212,584
100.8640629370609,101.01147707118443,100.85307255833526,100.8640629370609,921
101.12238516002888,101.18217263943285,101.0486788046347,101.12238516002888,187
100.63172219177015,100.90948221249407,100.24038850032709,100.63172219177015,240
99.9293137198064,100.00042305404455,99.89337891611432,99.9293137198064,640
99.98291770082646,100.28482707334899,99.83179100429005,99.98291770082646,624
99.82349452307909,99.91031991938729,99.76653128001114,99.82349452307909,925
100.13671185930606,100.13988504299677,100.09040397468256,100.13671185930606,674
100.09675763297479,100.27431790904231,100.0929398829276,100.09675763297479,442
100.1992953025921,100.21694734861912,99.90758674946001,100.1992953025921,786
99.38760403762149,99.42835594032037,99.1699829791014,99.38760403762149,315
100.33182250742861,100.58348178447879,99.9414252210909,100.33182250742861,605
100.2497015149126,100.29322459945614,100.20537309631803,100.2497015149126,846
100.5984950000822,100.75925563610161,100.42310758694205,100.5984950000822,698
100.18044916497239,100.29764751876814,100.09234577610043,100.18044916497239,173
100.33445411608106,100.5957102112267,100.09689847772134,100.33445411608106,905
99.68303173431869,99.92841486957774,99.52962290854363,99.68303173431869,680
99.90906565344852,100.25152719912191,99.79188239023307,99.90906565344852,168
99.73107861125561,99.75678881813263,99.1200150219917,99.73107861125561,322
99.7456738632234,99.9406781402111,99.25291872355741,99.7456738632234,996
100.09466087828845,100.24621183433008,99.98054065059078,100.09466087828845,485
99.47839072267831,99.56768161832932,99.36307253758115,99.47839072267831,980
99.13614485737192,99.15249219257822,98.80182251883984,99.13614485737192,384
99.3648069979153,99.44566264675771,99.1231567077558,99.3648069979153,221
100.41391773518866,100.57726532156164,100.18659655788203,100.41391773518866,874
100.34487656785792,100.4896759743383,100.22738807917312,100.34487656785792,832
100.64044462681989,100.69770490739872,100.37568553790051,100.64044462681989,540
100.58695889189065,100.8742892503265,100.24581533961502,100.58695889189065,922
101.55808168926879,101.66829371411198,101.37346229985629,101.55808168926879,556
100.68447085578616,100.9255873259909,100.50047065888315,100.68447085578616,263
100.73178137812084,100.9624334126559,100.65825026876308,100.73178137812084,362
99.91900936133982,100.15753060233529,99.79918903472428,99.91900936133982,191
98.66572357607146,98.9049915559135,98.41929197112185,98.66572357607146,877
98.81445460263036,99.27774357401586,98.79213243118143,98.81445460263036,435
98.88420350070409,99.00877579769639,98.69845090061392,98.88420350070409,685
98.74178503183299,98.80255771772921,98.46399692802038,98.74178503183299,413
98.68868798681311,98.73221901104073,98.60649732067151,98.68868798681311,701
100.23783770384874,100.30073778251878,100.00620779271684,100.23783770384874,965
100.10875013483302,100.15508412263677,100.03207636998741,100.10875013483302,907
100.36381231545805,100.51435616383866,100.32140973699114,100.36381231545805,565
100.03912990565111,100.33435288056427,99.8114997766345,100.03912990565111,740
100.18674619317142,100.48199228923329,100.18530276395384,100.18674619317142,500
100.0676293556436,100.15660433897902,99.91561413316592,100.0676293556436,660
99.86237011427873,99.99079431505405,99.70406456693318,99.86237011427873,697
100.7718193803789,100.92374973254557,100.66278414525272,100.7718193803789,584
101.36041186197107,101.56515875102664,101.23672562853217,101.36041186197107,755
101.42878518567069,101.63222002850472,101.29875937698526,101.42878518567069,746
100.27667921769871,100.47485136850206,100.11759832305053,100.27667921769871,726
100.09617460607242,100.21750739422254,99.93377481962908,100.09617460607242,376
101.44768838827497,101.62515018076692,101.41328939118858,101.44768838827497,165
101.33235755495511,101.33930580166292,101.24712317344198,101.33235755495511,798
101.88396634098194,102.24339507450776,101.65051692229281,101.88396634098194,956
102.60493754195824,102.95434937086894,102.53294780899559,102.60493754195824,300
102.71441949988622,102.8204216516422,102.56523305498146,102.71441949988622,567
102.29350868395214,102.37406014193343,102.26614004898052,102.29350868395214,533
101.0758525180607,101.12700936852598,100.8663459618533,101.0758525180607,237
101.41793412236518,101.542949481766,101.09547169436044,101.41793412236518,151
101.01055612095341,101.40277697921171,100.98654334180712,101.01055612095341,824
101.09863134689725,101.4306449767784,100.95648255091963,101.09863134689725,551
100.47372117710256,100.63891161888775,100.19556004354752,100.47372117710256,257
100.34110240686746,100.48970434567748,100.0831022472201,100.34110240686746,901
100.35796193431798,100.38539491649281,100.28337965349907,100.35796193431798,961
100.49225872484013,100.64971346380337,100.10723294813342,100.49225872484013,305
99.93484763116392,100.12170243469123,99.81791525542907,99.93484763116392,441
100.53330310554459,100.809695662542,100.24381213907535,100.53330310554459,932
100.2348557131786,100.58480901435478,100.20870297945798,100.2348557131786,415
99.39762098295198,99.7093734335796,99.16139090473165,99.39762098295198,235
99.34310927297024,99.570172529218,99.24846703528016,99.34310927297024,174
99.36029692748347,99.4126544622083,99.10409934273599,99.36029692748347,548
99.44059164406936,99.82557974670677,99.26939795367659,99.44059164406936,168
100.1216578459119,100.18330917186258,99.94450823353671,100.1216578459119,912
100.00343342754397,100.00982020555413,99.62267265404772,100.00343342754397,660
99.94362361535958,100.23003933614049,99.64106440159664,99.94362361535958,301
99.39203142474304,99.45209505325613,99.34982801869859,99.39203142474304,673
99.80230817618698,100.03799551877312,99.66505249506336,99.80230817618698,266
99.89446270822603,99.9779096752737,99.85011115893936,99.89446270822603,816
99.68444884457895,99.95860721134011,99.51735276585055,99.68444884457895,760
98.73211149784622,98.74628449725725,98.19789910477226,98.73211149784622,220
99.45431759537377,99.84044924718502,98.86297926872845,99.45431759537377,920
98.84047761314574,98.98806459839817,98.80255763781032,98.84047761314574,196
98.54483860846088,98.67380039573958,98.42703600059792,98.54483860846088,476
98.72401086399888,98.7342261248919,98.3372279016634,98.72401086399888,590
98.12573189969054,98.29637552331891,97.82690194066203,98.12573189969054,152
97.37897701056396,97.51266361669371,97.04807862465297,97.37897701056396,108
96.31700321921363,97.21282006941878,96.01661550945394,96.31700321921363,430
96.67750169566645,96.88122659767322,96.52685868846666,96.67750169566645,350
96.40490857330329,96.57712817110462,96.18189316562133,96.40490857330329,459
97.86854361953995,97.99317968260156,97.56654882194455,97.86854361953995,448
97.3713660867245,97.68528289998072,97.28140956313564,97.3713660867245,223
96.91064057501005,97.13052369536864,96.77965568533975,96.91064057501005,733
96.62794408986736,97.00426834773891,96.5387099009787,96.62794408986736,298
96.7495114174366,97.11613424711628,96.44811398051138,96.7495114174366,928
96.51440974804393,96.81022760566344,96.27477755789455,96.51440974804393,510
96.82057585504519,97.04254375289918,96.71853222176352,96.82057585504519,479
96.33128166005086,96.53203922314358,96.20255371854424,96.33128166005086,604
95.64048580081908,95.82927392948557,95.36439938437044,95.64048580081908,194
94.74137843111453,94.8060689039666,94.70630914812568,94.74137843111453,129
93.62959134714593,93.74295203756509,93.59426944511333,93.62959134714593,191
93.3705568374084,93.7850765455609,93.21200889954288,93.3705568374084,695
93.22006668121179,93.60100265762811,93.08513237409026,93.22006668121179,114
92.9043481674702,92.90564048628602,92.70230298165978,92.9043481674702,754
93.52605106606379,93.91711630929375,93.23671383216633,93.52605106606379,920
94.14006617086785,94.4376930963159,93.90741820511779,94.14006617086785,559
93.9726646771456,94.06280598898105,93.75421678876545,93.9726646771456,820
93.07570412054962,93.47754718935472,92.96567514087994,93.07570412054962,122
92.79235156652209,92.83594524351423,92.7595663758354,92.79235156652209,425
92.49244086956355,92.62136529577924,92.44724337754269,92.49244086956355,976
92.16387338842452,92.20517451345368,92.12433190028275,92.16387338842452,755
91.8150139364754,91.83285959385034,91.68011409678849,91.8150139364754,186
91.488282488613,91.50088602039284,91.4099905890263,91.488282488613,292
91.29501168066412,91.39974862893995,91.13828185469,91.29501168066412,784
90.97724113125633,91.21974552067307,90.8843171391873,90.97724113125633,362
91.08140238556913,91.16367444108307,90.82851133378396,91.08140238556913,528
91.26158674352156,91.34950997412496,91.20762692860997,91.26158674352156,906
90.80626419993031,90.84626063990305,90.69349021942925,90.80626419993031,459
91.44179686293383,91.63327883198026,91.21994436735237,91.44179686293383,661
90.95176571201353,91.19664566665773,90.89379773347807,90.95176571201353,532
90.14286540510585,90.19912413563976,90.10621828529884,90.14286540510585,659
90.33325444078838,90.35696128759415,90.28331943519082,90.33325444078838,607
89.92455037358121,90.02740416789534,89.71334542455315,89.92455037358121,148
90.0851961089599,90.2651620081865,89.82373428516559,90.0851961089599,267
88.88336180840965,89.02743948016975,88.81610564225818,88.88336180840965,778
89.57958977915118,89.69066985903964,89.47616850374929,89.57958977915118,540
89.91573648317137,90.05772030976179,89.89667467653624,89.91573648317137,693
89.16549820858987,89.38390929087763,89.01205311585996,89.16549820858987,674
88.42610964666672,88.52459846914915,88.32871201889931,88.42610964666672,327
89.26224259871547,89.35425167689219,89.25134497994391,89.26224259871547,313
88.8935526469665,89.28869366721251,88.46315613356563,88.8935526469665,741
88.47646022260018,88.49142390667029,88.36722354991181,88.47646022260018,979
87.34343417552554,87.56584631153217,87.05254278418387,87.34343417552554,253
87.16804507272477,87.5023158895434,86.89718648745938,87.16804507272477,853
87.05418526530688,87.25962357731497,86.89146195801659,87.05418526530688,707
87.41193181369162,87.41529207688717,87.12461814334625,87.41193181369162,506
86.71239259959938,86.8408141513991,86.3309487853978,86.71239259959938,988
85.95224920347908,86.20972492210615,85.92445908886806,85.95224920347908,843
86.17773052086733,86.33373915249732,86.03464771261852,86.17773052086733,849
86.68109555648086,86.80203059280724,86.63070283565524,86.68109555648086,117
85.89551938092191,86.34364180495676,85.81988819380052,85.89551938092191,566
86.43627642407178,86.59879332692283,86.40903179159645,86.43627642407178,443
86.45504734481518,86.62054269506756,86.23619777954286,86.45504734481518,423
87.00095001435251,87.2097342104023,86.52734089592143,87.00095001435251,345
86.9658398335937,87.07780218597986,86.86513226093055,86.9658398335937,159
85.70470087484973,85.73322515338351,85.61786862709396,85.70470087484973,593
85.62871718369172,85.84606897909703,85.49934924827464,85.62871718369172,741
86.15878909302735,86.29304102624282,85.70361645502321,86.15878909302735,961
85.71191608348549,85.9879940528303,85.52701350873569,85.71191608348549,148
85.51793359903176,85.67938915303384,85.22841226057673,85.51793359903176,777
85.42986684725628,85.70293259691144,85.21155333941138,85.42986684725628,779
83.98010990732203,84.0207695562374,83.85873630411314,83.98010990732203,352
84.81578369504076,85.05330205864436,84.71296542720476,84.81578369504076,947
84.36509585509218,84.39503204467525,84.15222971257143,84.36509585509218,482
84.61796357132857,84.81149485698627,84.59915649158555,84.61796357132857,408
84.57461300325447,84.63526515878782,84.43132129998222,84.57461300325447,675
85.20342253143416,85.39703249054409,85.0049515851848,85.20342253143416,644
85.4064505926482,85.51956114512868,85.34604272803037,85.4064505926482,157
85.28898845688771,85.32917359820075,85.17462329974282,85.28898845688771,917
84.84223091062806,84.94455192870187,84.67218430026065,84.84223091062806,163
85.24115626131913,85.55919452597,85.23956815671448,85.24115626131913,998
84.30443560934182,84.30790921084365,84.30013622820383,84.30443560934182,224
84.62738081947977,84.74470396659171,84.33485383873338,84.62738081947977,160
84.07785844370233,84.20754140549408,84.06364121714526,84.07785844370233,479
84.70400027468065,84.73053719850726,84.63969134681706,84.70400027468065,860
84.784650046012,84.89474042054985,84.51793668157234,84.784650046012,237
85.10671192993706,85.3831395289064,84.9563332039564,85.10671192993706,165
85.14770633684942,85.38531871209963,84.69208461217232,85.14770633684942,278
84.27151778927893,84.50788344806733,84.16014412591313,84.27151778927893,897
83.84115320758126,83.94013524667932,83.53727083237449,83.84115320758126,892
84.17734787638695,84.3698476433708,84.00830825356984,84.17734787638695,270
84.26067578506687,84.27708177094449,83.9764759522235,84.26067578506687,854
84.8511707377197,84.88124041097696,84.60252490912723,84.8511707377197,731
85.05280801923828,85.17457265172295,85.04918932292618,85.05280801923828,443
84.56945707388695,84.80460396322034,84.53947353327538,84.56945707388695,803
84.17142500502663,84.17972859888025,83.93850295028145,84.17142500502663,286
84.22288370028825,84.30369759033874,83.95859515224119,84.22288370028825,326
83.0658616672882,83.2035310746958,82.8683082499333,83.0658616672882,365
83.9025826100997,84.03560382040399,83.73363438787501,83.9025826100997,291
84.12345597828848,84.34361593937302,83.85304750455545,84.12345597828848,851
84.73697327681292,84.98883238718892,84.72734216596902,84.73697327681292,705
83.94667130640833,84.02688296794706,83.75314903318389,83.94667130640833,225
84.56895388658596,84.71444702783269,84.19942594498082,84.56895388658596,573
85.68470334209984,85.92878618426205,85.6311095822577,85.68470334209984,198
85.02426416441118,85.10998461180093,84.98920380112479,85.02426416441118,443
85.40996506186306,85.62370605788999,85.39659449035275,85.40996506186306,342
85.41052003420671,85.48498370492081,85.2619224536723,85.41052003420671,119
84.63830311008259,84.95139404207441,84.48518635153522,84.63830311008259,728
84.88474509600853,84.99452079911259,84.79626374324339,84.88474509600853,458
85.3015466984272,85.38036479422331,85.26875673399735,85.3015466984272,532
85.00098342209277,85.23299310787405,84.93546958672252,85.00098342209277,710
85.58394168222038,85.67302103664323,85.28595445224987,85.58394168222038,586
84.75055997882579,84.93707185651513,84.73203621378836,84.75055997882579,990
84.00318190560097,84.37494243271708,83.79715833558288,84.00318190560097,429
84.07148060339534,84.12337636801264,83.84769574800013,84.07148060339534,766
84.08417324238148,84.08793248077858,84.08086795955457,84.08417324238148,406
83.72588649816943,83.89699303215055,83.35496463598975,83.72588649816943,284
84.13068371615537,84.36659136967693,83.86959131170074,84.13068371615537,434
84.39613087326335,84.49958595873561,84.23459869572774,84.39613087326335,605
84.82520040873035,84.9510480447894,84.76334355006776,84.82520040873035,562
84.76363219105421,84.86513845975936,84.3992176179465,84.76363219105421,102
85.06492232504338,85.2317424394254,84.97843370295853,85.06492232504338,768
84.84209717352839,85.02445989224255,84.73597804055052,84.84209717352839,274
85.86900651857168,86.0027621663279,85.6537101085927,85.86900651857168,947
85.46273363351068,85.74613166144688,85.38571255814179,85.46273363351068,680
86.51538234823984,86.63165696010762,86.36885511183031,86.51538234823984,632
86.53282632178454,86.84749571170569,86.31973797387442,86.53282632178454,397
85.84507087700017,85.87547403256772,85.71229225178094,85.84507087700017,217
86.52911055224448,86.61855957320194,86.35620737909073,86.52911055224448,888
86.59206124644196,86.83579428859974,86.51227380760847,86.59206124644196,741
87.01762329563208,87.09619207378552,86.85200985698688,87.01762329563208,305
87.62955125490338,87.85100584930413,87.56340524788388,87.62955125490338,808
87.79852903197589,87.90137092084849,87.41599335168276,87.79852903197589,234
87.50240860956949,87.70240681058141,87.23780675582788,87.50240860956949,302
87.99026529840411,88.40233360717147,87.73063526327662,87.99026529840411,134
87.9906430521314,88.20425247980465,87.7665512556437,87.9906430521314,129
88.33357196143561,88.39197910578179,88.31051350752158,88.33357196143561,527
87.25670667453988,87.8064631577219,87.21587476249148,87.25670667453988,922
87.48019753304482,87.4935152984254,87.46564781335447,87.48019753304482,356
87.1609046204723,87.17326227451822,86.93887903227584,87.1609046204723,480
87.98755943906156,88.14525922853176,87.7608898403409,87.98755943906156,281
88.2991031130061,88.30731928582505,87.96191327279224,88.2991031130061,307
88.41903198593074,88.76047718484486,88.12237818784105,88.41903198593074,978
88.66218698260586,88.88864445757365,88.64079042821497,88.66218698260586,740
88.1629665561675,88.56355623894055,87.91011975979863,88.1629665561675,674
88.97459490143153,89.0579532316592,88.73006984617635,88.97459490143153,538
89.97028011063998,90.21176526047131,89.7346371835574,89.97028011063998,441
90.16673686591409,90.23804535164264,89.85533143547202,90.16673686591409,688
90.9619386502009,91.10067794869379,90.75491421704659,90.9619386502009,477
90.67736455086464,90.85321733189795,90.43035340376312,90.67736455086464,510
90.27880776775214,90.44903072511902,89.9013865711615,90.27880776775214,626
90.2992701421166,90.54371528603498,90.28302455729744,90.2992701421166,482
90.51674066130055,90.5716434587992,90.31414574213656,90.51674066130055,564
90.31974732067899,90.3563319803615,90.29914574552525,90.31974732067899,492
90.58863141586323,90.837366038701,90.47529829478144,90.58863141586323,936
90.74182615689995,90.86921666489891,90.5999879023972,90.74182615689995,670
90.24267276925443,90.33557029036987,90.21250208189306,90.24267276925443,250
90.50206927798028,90.57402028130142,90.43972843513873,90.50206927798028,719
90.93383339924104,90.99209980046602,90.78339146237764,90.93383339924104,468
91.01956805803623,91.11364660643805,90.97048757951877,91.01956805803623,206
91.59589210966708,91.83396439361749,91.48609641682634,91.59589210966708,238
90.9871902129186,91.04374885494047,90.79590677160007,90.9871902129186,379
91.22116542398453,91.35210312258616,90.90058064134634,91.22116542398453,171
90.63602507078615,90.74906511420306,90.57538485352043,90.63602507078615,722
90.07898439166961,90.2548458502114,90.05071575057467,90.07898439166961,604
89.76351897480072,89.77138081454942,89.5270149703552,89.76351897480072,837
89.29248888301359,89.47495398582686,89.26854773640545,89.29248888301359,205
89.01849097364303,89.11099080428302,88.98889185173502,89.01849097364303,600
88.91141581828744,88.97998651144377,88.80764890923123,88.91141581828744,258
89.32999306145312,89.69368593712944,89.31456145632679,89.32999306145312,249
89.16941354210027,89.26621746673953,88.99322366010077,89.16941354210027,113
88.37660068871547,88.53755817742095,87.9741946832011,88.37660068871547,104
88.94663461196305,89.0122459020984,88.78080925763872,88.94663461196305,738
88.52808954515552,88.55018329633275,88.41754559622555,88.52808954515552,372
88.49872933160322,88.80180868145594,88.29776308020102,88.49872933160322,437
88.72199758507357,88.87485610135765,88.67307575071148,88.72199758507357,310
88.82180279427496,89.07006264882315,88.56454261717057,88.82180279427496,426
89.36889256803569,89.48338757279801,89.35751817797853,89.36889256803569,957
89.60839413973207,89.85963840862034,89.60804464767723,89.60839413973207,828
89.17773934988351,89.2061149584092,89.05069365412527,89.17773934988351,565
90.26702043687933,90.4967884608025,89.95174892762115,90.26702043687933,178
90.36418716854845,90.5279776575432,90.06177744549059,90.36418716854845,704
90.2905170552377,90.43121575977993,90.1719475355857,90.2905170552377,849
90.77247976676549,90.971361823009,90.66915739505012,90.77247976676549,845
90.89720523973052,90.90077630002696,90.75799675751122,90.89720523973052,276
91.09681933620018,91.59188209638741,90.89969515353286,91.09681933620018,866
92.34291133550053,92.50774180819165,92.08316494761789,92.34291133550053,932
92.20535062137301,92.25404683529959,92.15803380457224,92.20535062137301,231
92.04647017436432,92.20961138398418,91.78285791639684,92.04647017436432,876
92.10475943037055,92.29973629129836,92.0361604075563,92.10475943037055,391
92.64051739816107,92.70760166225713,92.51033107366108,92.64051739816107,790
91.88725038306586,91.98500579204854,91.61086051875907,91.88725038306586,477
90.90447243732761,91.2392211881243,90.75505998730948,90.90447243732761,515
90.61091480201753,90.9041771626011,90.42771568938696,90.61091480201753,443
89.7939533224879,89.92056663198734,89.71606961583142,89.7939533224879,476
89.58153764872507,89.81733688331646,89.28187533997514,89.58153764872507,584
89.83278749678972,89.96723127130021,89.6936501545745,89.83278749678972,245
89.38741306501359,89.63854857016182,89.3621999214455,89.38741306501359,754
88.67399977662292,88.78661301658194,88.4537848992443,88.67399977662292,631
88.70866835748059,88.9330967042645,88.19110225792849,88.70866835748059,669
89.13994009978818,89.23486088439513,88.9061551994238,89.13994009978818,395
88.29245338052986,88.3027969574925,88.13170685594521,88.29245338052986,677
88.70256957968286,88.84313614226994,88.16550851791568,88.70256957968286,444
89.11122268155202,89.13007145025698,89.02588371309115,89.11122268155202,496
89.58826523263033,89.62619482360532,89.55009129690401,89.58826523263033,574
90.19750534006617,90.4040131197264,90.17442819173374,90.19750534006617,624
91.29851230239598,91.47565942252272,91.05682510220169,91.29851230239598,673
91.12046627808645,91.17302964659167,90.5982168163244,91.12046627808645,145
91.17525206812539,91.18421669451185,91.04221435997871,91.17525206812539,704
90.96703285150137,91.0995685230386,90.9476575060635,90.96703285150137,527
90.96802127387927,91.14971414138382,90.8978758481657,90.96802127387927,322
91.73445795169744,91.99777191027488,91.58788495633358,91.73445795169744,122
91.0619507097321,91.19674374007411,90.81747202220198,91.0619507097321,968
90.63142587364932,90.93501569663866,90.3072393165827,90.63142587364932,166
91.3200163419016,91.57701228485404,91.16667268537755,91.3200163419016,725
91.83003459535266,91.86121981484924,91.32616803710394,91.83003459535266,582
91.64846877194412,91.95797498839902,91.53351817530265,91.64846877194412,305
92.07566977250448,92.17175381638518,91.90876166201794,92.07566977250448,677
92.2462776937505,92.32210242036435,91.95240883508725,92.2462776937505,661
92.996414998251,93.102955215762,92.97184853433173,92.996414998251,752
93.03366979516439,93.03767574492926,92.75848173048134,93.03366979516439,357
93.54648585210067,93.69450152524173,93.48327325777318,93.54648585210067,645
94.86749180734698,94.9079298744245,94.81636007652753,94.86749180734698,907
95.16654138487071,95.35395292016393,95.03729173728924,95.16654138487071,352
95.19120546776813,95.2510022672425,94.98827333034922,95.19120546776813,680
95.55242896037862,95.83539698767048,95.51090313307344,95.55242896037862,288
95.36978853127668,95.70680140034332,95.15688184720435,95.36978853127668,252
96.56377238403905,96.9677576188275,96.436746176243,96.56377238403905,814
96.65380790288705,96.87201348472534,96.26504693350849,96.65380790288705,176
96.5173412427743,96.56737078598137,96.4992562571812,96.5173412427743,802
96.09949674026427,96.2842932760883,95.99559476264261,96.09949674026427,639
96.64810683606748,96.75820448812101,96.62999858811781,96.64810683606748,824
97.08170054248136,97.43535324438166,96.86305596306718,97.08170054248136,468
96.8330233567743,96.9499211145038,96.55891110993348,96.8330233567743,667
97.12124902933552,97.30944448159205,96.9810311290603,97.12124902933552,723
96.36697104522909,96.64462953152606,96.30096411597891,96.36697104522909,854
96.45945633276567,96.72313660926037,96.3169114188838,96.45945633276567,253
96.68583450880402,96.80601726528708,96.64213299159479,96.68583450880402,254
97.53949941358363,97.56738990678947,97.11082621703514,97.53949941358363,893
97.15409001221929,97.31058321659422,96.99293283282451,97.15409001221929,370
96.51491369781812,96.64872874871739,96.23591591810198,96.51491369781812,661
96.06719971735559,96.15138643027234,95.70938192076898,96.06719971735559,608
95.39891546719814,95.41301018197363,95.11274375041167,95.39891546719814,489
96.06724414607763,96.16953165183413,95.93063160379782,96.06724414607763,167
96.84156379358964,96.88362934816274,96.64582978518524,96.84156379358964,231
97.00167208256406,97.19512303016027,96.58780841239452,97.00167208256406,769
97.61231955540663,97.6904164141815,97.53736279664398,97.61231955540663,944
97.67929874569674,97.89432289549309,97.4993987532013,97.67929874569674,364
97.63174292184635,97.79506552781055,97.38738870415173,97.63174292184635,781
97.46522411231948,97.72147804139975,97.35000516669051,97.46522411231948,881
97.31002861663069,97.33273291592627,97.1574559043934,97.31002861663069,319
96.53612783847618,96.58434363375734,96.28178981017231,96.53612783847618,651
96.66825522027985,97.00814112420134,96.62270296253737,96.66825522027985,998
96.64808826517283,97.00954072708598,96.3326733007074,96.64808826517283,388
97.02076862721177,97.0495918997677,96.89065010321902,97.02076862721177,178
97.06753037543108,97.22547680035748,97.01523188251588,97.06753037543108,850
96.98617852464653,97.12045461337553,96.90311942839575,96.98617852464653,671
96.55058200964272,96.88460078975935,96.41352934794864,96.55058200964272,419
96.5866586280536,96.73364582290446,96.3639194923766,96.5866586280536,417
96.95577724346168,97.13744549380328,96.73312523054125,96.95577724346168,586
96.38410774791976,96.39027748133046,96.35992656490255,96.38410774791976,946
96.42784462476013,96.9232304515048,96.38170339346858,96.42784462476013,490
96.54436610052487,96.7928789010848,96.34460672552373,96.54436610052487,848
96.18533370871573,96.29098769649875,95.91492642330216,96.18533370871573,687
95.89140555626173,95.9559544668064,95.81608460747343,95.89140555626173,917
96.00671098064484,96.14809023882854,95.9892306387066,96.00671098064484,138
95.44000047149852,95.6934552007622,95.22747497202093,95.44000047149852,298
95.61496232912322,95.69220974686549,95.43047677899955,95.61496232912322,204
95.16728514229362,95.39106759663505,95.1303185646218,95.16728514229362,681
95.69871198881023,96.14295266766463,95.46060419193567,95.69871198881023,893
96.86762586150438,96.88088080897323,96.67892862574149,96.86762586150438,606
96.43724746065347,96.5942251981523,96.2217800831978,96.43724746065347,669
96.7043513918408,96.82243954588145,96.5462656489709,96.7043513918408,428
96.34098043939979,96.34483230120603,96.09304153338694,96.34098043939979,790
96.86145752629868,96.89679254484032,96.85878823334468,96.86145752629868,407
96.22882832175607,96.38821550688779,95.82917098644852,96.22882832175607,321
96.46912170096992,96.7100568881213,96.32309026816364,96.46912170096992,755
96.03262721752525,96.05455818734873,95.87071806562508,96.03262721752525,915
95.92913492297606,96.23585949212264,95.83781891207835,95.92913492297606,126
95.41362228540241,95.71963177371474,95.33937036972361,95.41362228540241,772
95.82479752085028,95.99416826948627,95.79288846487336,95.82479752085028,250
95.40630734363049,95.50951264997484,95.02127698110523,95.40630734363049,272
95.68228947329641,95.8046552366444,95.20934383867738,95.68228947329641,822
95.51024045916525,95.67271673010325,95.24991533153917,95.51024045916525,967
95.45300427326582,95.64283748731346,95.2881907397837,95.45300427326582,121
95.52688222696588,95.76923586846375,95.15582940505061,95.52688222696588,909
95.14596989113646,95.28133742195867,94.87188953090867,95.14596989113646,976
95.2511534479069,95.46737531747172,94.93771438505296,95.2511534479069,644
96.0163207300841,96.1810299540525,95.88626093959067,96.0163207300841,720
95.62727333716775,95.63071725371387,95.30559309978163,95.62727333716775,493
96.21317840880467,96.47990612117663,95.99580194748579,96.21317840880467,146
96.96222722554856,97.19051814121282,96.87293628011798,96.96222722554856,707
96.55414973103454,96.84116281343496,96.0795037844644,96.55414973103454,224
95.82662242848927,96.1187861721471,95.73153729066443,95.82662242848927,434
95.97760287857515,96.0063290453728,95.93726727307293,95.97760287857515,394
95.70389911719172,95.93565773047665,95.44501492287439,95.70389911719172,989
96.63820072677322,96.8487053377727,96.43010370712405,96.63820072677322,913
96.65560449702313,97.07297420288633,96.61148479278697,96.65560449702313,939
96.25450479300554,96.47123795969115,96.18324748334348,96.25450479300554,918
95.68092503749968,95.69468976904061,95.50276050389962,95.68092503749968,636
96.22587751704509,96.33780835321012,96.16742699512984,96.22587751704509,693
95.940285530003,95.97631265088496,95.91291632840543,95.940285530003,669
95.96219992973322,96.0607430136255,95.95282275792954,95.96219992973322,637
96.44010130228946,96.50091435390262,96.30969847751815,96.44010130228946,396
96.19797212632405,96.42233788640657,95.93129620711697,96.19797212632405,143
96.17500771195397,96.18565444546665,95.83571731597382,96.17500771195397,696
96.1667235070427,96.34642160439728,96.04066232375122,96.1667235070427,121
96.50838576280076,96.56254306219657,96.30723943218861,96.50838576280076,977
96.80375793055592,97.07231332344053,96.78703199358813,96.80375793055592,325
96.6937010649285,96.74780212574774,96.66089597647648,96.6937010649285,648
96.72552559567676,97.07971710634631,96.62739365953168,96.72552559567676,473
96.539636089915,96.8259632873026,96.17269841982456,96.539636089915,712
95.80082988645529,95.9166909481711,95.57790119258466,95.80082988645529,753
95.92963031515436,96.15185506843751,95.77007533954868,95.92963031515436,103
96.87572619557089,96.88623702795493,96.78481291106255,96.87572619557089,123
96.43386662522536,96.66453217790475,96.25792748933134,96.43386662522536,802
96.04735177042402,96.14538995166976,95.98079034537386,96.04735177042402,932
95.61198788460214,95.79360594425457,95.59569843770957,95.61198788460214,421
95.9742837739637,96.21597177179092,95.69571083601343,95.9742837739637,880
96.19852650106192,96.35333163113444,95.7037746696394,96.19852650106192,638
96.1192576548537,96.25446787251141,95.86668760682402,96.1192576548537,471
95.66024812403421,95.80278053045961,95.63078708124053,95.66024812403421,692
95.70643651985418,95.7368060297825,95.67733134421279,95.70643651985418,732
94.92412545618627,95.06133776149501,94.92128584223335,94.92412545618627,464
94.99583873961502,95.06627482923894,94.77887382542193,94.99583873961502,168
95.431600932659,95.44570484320448,95.24816144353048,95.431600932659,571
94.80600136434215,95.11897224933324,94.75792024195893,94.80600136434215,604
94.03974222592731,94.19287084722386,93.85067221126586,94.03974222592731,412
94.82946117177474,94.92519960956258,94.79760677734134,94.82946117177474,171
94.52358135202245,95.08032459678206,94.47439139511333,94.52358135202245,345
95.09155527499436,95.09632946865625,95.06322369437011,95.09155527499436,857
95.01455644239545,95.16287069417415,94.82389634830857,95.01455644239545,864
94.93357903392479,95.27134347238533,94.90208518545788,94.93357903392479,975
95.1527853836731,95.2698743878571,94.97659486697779,95.1527853836731,172
94.71078595529988,94.93031462801561,94.6786468335685,94.71078595529988,885
94.7770345270477,94.8786210610401,94.50915530255988,94.7770345270477,627
94.58628981963565,94.71837929323716,94.53409304963243,94.58628981963565,790
93.92604309793313,94.08193433818357,93.86166902145652,93.92604309793313,963
94.09478413529634,94.19668441186121,93.93134283179683,94.09478413529634,139
93.96313023185738,94.1712236934353,93.68241856296272,93.96313023185738,138
93.88461781763502,94.1760725492749,93.54083350289042,93.88461781763502,155
93.27953734592793,93.6247369463468,93.06841934740547,93.27953734592793,984
94.07523752980934,94.19113727732947,93.89930533033555,94.07523752980934,844
94.5135946230024,94.56643648000127,94.36421262555115,94.5135946230024,665
94.9956725650884,94.99636800702879,94.81523929278745,94.9956725650884,271
94.84295021386755,94.94412308549079,94.6411729865142,94.84295021386755,401
93.97835876911584,94.17302625903852,93.87879621583318,93.97835876911584,589
94.9548174603606,95.1060125186236,94.57682173148015,94.9548174603606,531
94.92426870635767,94.9974980115508,94.88559295608941,94.92426870635767,800
94.54986880834764,94.65120964358968,94.52816014204312,94.54986880834764,654
94.7582695955892,94.79606584449172,94.65531709000555,94.7582695955892,103
95.34182998959085,95.37396856308384,94.99315893532061,95.34182998959085,360
95.33030471154811,95.33164042615864,95.26665919859788,95.33030471154811,980
95.9695922955178,96.11670567517831,95.91441261666603,95.9695922955178,669
96.51109226477624,96.60850957659936,96.45868062826474,96.51109226477624,648
95.9729016710752,96.27453551294964,95.68828104889872,95.9729016710752,509
95.63600661824547,95.90757125965857,95.5882041760081,95.63600661824547,846
96.11477519988536,96.18871853683721,95.99952492148094,96.11477519988536,364
94.75846891798014,95.1241939704685,94.62336698288163,94.75846891798014,114
94.68374107139765,94.85405943789797,94.31177803617018,94.68374107139765,187
93.96832547058531,94.00997001250786,93.82704414885467,93.96832547058531,198
93.73004856986856,93.83731777525986,93.68073378724426,93.73004856986856,716
93.58063852535396,93.69144740217158,93.54363634985425,93.58063852535396,316
93.4015163364002,93.43716428518121,92.92861326242904,93.4015163364002,509
93.1253857103439,93.40554116558303,92.82667147783233,93.1253857103439,290
92.5768138855295,92.66800756550562,92.54145410852725,92.5768138855295,314
93.72276951893885,93.88347571122426,93.4164774336343,93.72276951893885,809
94.65650052101952,95.20714642318016,94.58146020603623,94.65650052101952,716
94.07546761089138,94.09118225508361,94.00657192272197,94.07546761089138,126
94.86652598654317,94.98197017781959,94.62201715595657,94.86652598654317,281
94.66679324130673,94.94921251624226,94.60485548744856,94.66679324130673,694
94.73138697797259,94.82520110156135,94.72898776418488,94.73138697797259,258
94.69974999802413,95.03233272902162,94.57118843797655,94.69974999802413,329
94.36987567739715,94.54400423559048,94.2502859545986,94.36987567739715,334
94.86180184920022,95.1478079269845,94.70510378086522,94.86180184920022,899
94.92474511448854,94.96495464734488,94.7461470110725,94.92474511448854,485
94.68646940287893,94.94467984941942,94.67290989532295,94.68646940287893,629
94.0341746809787,94.41452782271901,93.78900192671793,94.0341746809787,383
93.58737717411914,93.81389863222338,93.2669509304113,93.58737717411914,170
92.7666871163181,93.02184148046976,92.38123377076973,92.7666871163181,603
92.77279889052568,93.05457967141076,92.68208087344132,92.77279889052568,314
92.17446609438348,92.38390296543312,91.89714709307205,92.17446609438348,216
92.04168583812421,92.2023677300827,91.9743674303438,92.04168583812421,199
92.7267367649294,92.82746409216497,92.63031626133561,92.7267367649294,699
93.32638655139019,93.33298972677716,93.09145032488458,93.32638655139019,959
93.31024810433888,93.34367532117145,93.1528187852329,93.31024810433888,764
93.2667057412673,93.29595279707178,93.1578030967816,93.2667057412673,394
94.2066430159778,94.3249009338365,94.18384429809946,94.2066430159778,276
94.46702107615715,94.60067070094543,94.33176877403447,94.46702107615715,231
94.3031178462189,94.52195121334192,94.25510788052051,94.3031178462189,919
93.59010878765866,93.95411575021215,93.4144022759637,93.59010878765866,733
93.78704539674104,93.79131787122932,93.76967569292995,93.78704539674104,822
94.20170728303246,94.30592507545865,94.18225035000721,94.20170728303246,679
93.88588152077564,94.00858874661267,93.7113248352049,93.88588152077564,156
94.03148289834466,94.26033386159759,93.80264193876384,94.03148289834466,112
93.84969625088715,93.98543707730947,93.64078693525852,93.84969625088715,292
93.75768005128765,93.9575562405662,93.67556821355035,93.75768005128765,674
92.51376902250648,92.53859469747002,92.48891133060988,92.51376902250648,938
92.40287832064841,92.64451681232002,92.12003418611035,92.40287832064841,609
92.88756297185243,93.18552358492546,92.66084880764294,92.88756297185243,252
92.57186169406916,92.58160502994792,92.4510040157974,92.57186169406916,122
92.59812487817682,92.82650418557041,92.48640212355059,92.59812487817682,129
92.22014952483086,92.4458586803371,91.86453394948053,92.22014952483086,468
92.40037036297724,92.4225464635558,92.38768101724418,92.40037036297724,800
92.29210876420916,92.69389064802839,92.04003306058115,92.29210876420916,490
91.82248799386815,91.84345206705625,91.67022252417593,91.82248799386815,409
92.48876372770071,92.5164772523802,92.23905799123587,92.48876372770071,720
92.95322973446682,93.46671691641461,92.90637784302659,92.95322973446682,500
92.65077635250273,92.74024894233497,92.59823966091336,92.65077635250273,452
92.89967050721162,93.07007351419333,92.79752417080834,92.89967050721162,671
93.16837650862182,93.48116877599377,93.01671502336683,93.16837650862182,165
93.48952712612741,93.65557405286087,93.44753641256533,93.48952712612741,265
92.64239917812988,92.73484964398848,92.22611174577656,92.64239917812988,591
93.14570244864619,93.35507825511085,93.03514005280759,93.14570244864619,752
92.86085296718332,92.8630945978225,92.68434555535389,92.86085296718332,663
92.68193900046269,93.13859509196814,92.60961952412738,92.68193900046269,279
94.00087987659279,94.05033787650764,93.69025363588491,94.00087987659279,643
94.1518165669533,94.30410269176548,93.79725422212908,94.1518165669533,825
93.95865532922971,94.1481399082334,93.84355664221115,93.95865532922971,876
92.85600814285176,92.90683904902664,92.7404508167254,92.85600814285176,116
93.55089020982494,93.78198941825069,93.44043531174042,93.55089020982494,225
92.87828537442064,93.39231488413671,92.82091077864092,92.87828537442064,181
92.37656592267089,92.58196680502843,92.25541083969118,92.37656592267089,139
92.21088977312696,92.21163947988734,91.86602103704767,92.21088977312696,715
92.9190956689771,93.23863066831811,92.90008462423036,92.9190956689771,318
93.30571566230999,93.47718010069123,93.24808258492077,93.30571566230999,281
93.22679690738987,93.29763885972295,93.09259655832764,93.22679690738987,995
93.38094293920928,93.39757907123015,93.16338459692186,93.38094293920928,537
93.08075009277373,93.19398557092777,92.99353404935468,93.08075009277373,767
93.15057693755641,93.34395362090756,93.02313457258461,93.15057693755641,789
93.18724530994548,93.25177943609388,93.08194468632387,93.18724530994548,629
93.67163025778616,93.89274888684406,93.36309385979166,93.67163025778616,752
94.15521931900564,94.21455306634053,93.97388351266508,94.15521931900564,260
94.40220801010847,94.6016367194656,94.3217741786296,94.40220801010847,825
94.22103423133541,94.23399608204764,94.0231770160566,94.22103423133541,833
94.59194537853047,94.6329823566777,94.33431927336464,94.59194537853047,873
94.54596114542895,94.7862682243768,94.41793045695752,94.54596114542895,656
94.00500396107238,94.2723483779017,93.84260930252671,94.00500396107238,286
93.8033600651169,93.89283732441159,93.55319372382003,93.8033600651169,453
93.84562355700906,93.92689492728314,93.55880902434201,93.84562355700906,474
94.30073144884143,94.33389962997383,94.08014930850118,94.30073144884143,566
94.20896736276286,94.28090589590303,94.18200734032283,94.20896736276286,340
93.60436800714307,93.9084881874957,93.4845236482369,93.60436800714307,836
93.63273884879148,93.88509108087048,93.6063224184837,93.63273884879148,433
93.68946686881975,93.93693760682758,93.47334262702891,93.68946686881975,147
93.78238568327113,93.88894432588722,93.62663772619922,93.78238568327113,210
94.24232144124835,94.41232229484227,94.15462021010659,94.24232144124835,694
94.7517830612933,94.87217030871395,94.62420584980802,94.7517830612933,203
94.45467762510246,94.46296921756841,94.41864315400308,94.45467762510246,562
94.14660589607799,94.37412593707083,94.0861832846187,94.14660589607799,173
93.62650654060025,93.76301454983096,93.58230149437004,93.62650654060025,666
93.97591437574049,94.07926788924975,93.97590212661498,93.97591437574049,416
94.70032442990934,94.75572329613317,94.54964965314309,94.70032442990934,101
94.54278346595488,94.88352889689433,94.4705270447148,94.54278346595488,853
94.42206818359239,94.55944423055001,94.24592517737099,94.42206818359239,471
95.15545946204188,95.36066651155292,95.04968458493734,95.15545946204188,869
95.40823838864938,95.42995568401497,95.35878897537351,95.40823838864938,568
95.6263562410499,95.83270403715272,95.50407354726688,95.6263562410499,943
95.03089798806305,95.32027458141519,95.01005660534004,95.03089798806305,109
95.37026202270276,95.66098885287775,95.20791395994932,95.37026202270276,687
94.90569385244788,94.94010012487102,94.89341214227466,94.90569385244788,522
94.3386837594804,94.48554775994307,94.1939078221603,94.3386837594804,357
94.16529797109705,94.48533582844948,94.07400366790695,94.16529797109705,732
93.8724016093727,94.01370576405682,93.79495079855292,93.8724016093727,932
93.76160176218018,93.79583600122848,93.64119125753815,93.76160176218018,826
93.04111094491772,93.07525204146862,92.97475626616877,93.04111094491772,575
93.52051909815155,93.70068144635383,93.07936255920193,93.52051909815155,344
94.08436224540976,94.14818145225996,93.97107324805395,94.08436224540976,436
93.11069100833936,93.2080072576103,93.10570631110852,93.11069100833936,791
93.59991991117263,93.62003853224827,93.43593975582087,93.59991991117263,587
93.19465559626182,93.32856606153699,93.09851951426653,93.19465559626182,952
93.62314336475322,93.92997955689066,93.43854040090662,93.62314336475322,911
93.58892011842,94.13462006747933,93.4098730750873,93.58892011842,901
93.6033079004605,93.87598874992801,93.35260108890459,93.6033079004605,172
93.5107590757499,93.5470508771384,93.42259716948018,93.5107590757499,820
94.11682367786665,94.47122924355146,93.8722770270391,94.11682367786665,852
93.49702967160414,93.89643915892773,93.37499874376363,93.49702967160414,973
93.80094984097164,93.82051513934209,93.74462373777709,93.80094984097164,784
94.35161492341642,94.38648844097008,94.01817260324607,94.35161492341642,104
94.70978496368663,94.96208476184711,94.27078255786108,94.70978496368663,561
95.87213442084834,95.95204378905149,95.80320195991955,95.87213442084834,465
95.60766103948599,95.63762318323515,95.60578291788227,95.60766103948599,594
96.08631345078275,96.27623349959576,96.01633188468792,96.08631345078275,316
96.03326813311205,96.33307054675876,95.86833006306988,96.03326813311205,313
96.64997117128839,96.83574142049844,96.21225489289009,96.64997117128839,424
96.6461266734277,96.89539256897739,96.28895649519005,96.6461266734277,409
96.45218878249646,96.45978152813859,96.2245934599753,96.45218878249646,137
97.10522488443227,97.13403533073758,96.8805643782095,97.10522488443227,160
96.8594439149228,96.92857464624394,96.69298193767199,96.8594439149228,194
96.15308103547252,96.30745113263389,96.14362290633082,96.15308103547252,332
95.89465759388561,96.06100422155525,95.74734794937746,95.89465759388561,888
96.20417406717988,96.2422712067409,96.20001124931429,96.20417406717988,647
96.90019344297342,96.95636729213295,96.81572552254714,96.90019344297342,612
96.95575813062167,97.25554982315518,96.66503135087801,96.95575813062167,249
97.61485666423869,97.80142444271114,97.58426651836544,97.61485666423869,570
96.93576920349989,96.95024128148157,96.77058273258163,96.93576920349989,314
96.71413747109094,97.03997927890694,96.51136923887731,96.71413747109094,498
96.56984991251389,96.6386499337749,96.45990823208254,96.56984991251389,657
96.51257019877762,96.65218689176116,96.44692613238142,96.51257019877762,676
96.55461739290273,97.10552171858241,96.41461333431562,96.55461739290273,105
96.90007287159882,96.95044676126243,96.58053300640664,96.90007287159882,180
96.67766945251358,96.76100784987273,96.33751806520667,96.67766945251358,288
96.74718379599015,96.79135465201607,96.65201572062136,96.74718379599015,762
96.72462235082813,96.90609854138079,96.46917081714014,96.72462235082813,759
96.26167739888255,96.29131525696329,96.15981086878558,96.26167739888255,127
96.20484405434183,96.4832423695781,96.16360671360493,96.20484405434183,776
96.13301428939327,96.22229398915637,96.08194288312991,96.13301428939327,234
96.05047400689175,96.24358871865039,96.00462063867266,96.05047400689175,865
96.06635373518247,96.2276199789584,96.03600390698737,96.06635373518247,404
96.10419050548917,96.25594174402038,95.97582165311448,96.10419050548917,594
95.8880429159355,95.88837408705989,95.85523225131774,95.8880429159355,823
96.52440028292114,96.594805248679,96.51807347968536,96.52440028292114,379
95.93965996831963,95.94109061953912,95.90058788896785,95.93965996831963,179
95.57917491408469,95.70749996057293,95.56603881952329,95.57917491408469,880
96.96915672619647,97.48267374978323,96.82323864199958,96.96915672619647,959
96.45016104870186,96.73412611139337,96.43148365467167,96.45016104870186,490
95.77328371134698,95.85669981094871,95.73301851782266,95.77328371134698,114
96.14052208384759,96.54922975462684,96.06399161418528,96.14052208384759,698
95.10196215696065,95.20807822809009,94.89147377163776,95.10196215696065,991
94.98432520197443,94.99519337018175,94.95351941582794,94.98432520197443,322
96.05723766451267,96.22286569203524,95.81574845572008,96.05723766451267,936
95.28476970343597,95.42308198397473,95.19599745728989,95.28476970343597,702
94.29378746056662,94.34810390059734,94.13028867232366,94.29378746056662,927
93.54419685958777,93.74605585074373,93.38124885442404,93.54419685958777,365
93.99337664376127,94.18506652001223,93.92635323020248,93.99337664376127,918
94.55576500375417,94.67077664299165,94.41283420765812,94.55576500375417,419
94.29947060526491,94.44572279993032,94.22571143228568,94.29947060526491,205
94.64107680726545,95.12535275764091,94.57041551929997,94.64107680726545,352
95.33620447102145,95.36454682908494,95.23250500369657,95.33620447102145,298
96.22987767823636,96.41682122740207,96.1312671789423,96.22987767823636,155
96.10671003764644,96.31003867910961,95.79345696422729,96.10671003764644,506
94.95597417881145,95.1301274540996,94.85355921497921,94.95597417881145,537
94.5455347176066,94.79587432731063,94.47150079064254,94.5455347176066,850
94.33213262013898,94.33645372965732,94.24684407688679,94.33213262013898,556
94.20266322184979,94.36851795916309,94.14759710962343,94.20266322184979,576
94.10873352134543,94.1397036110075,93.95628351468076,94.10873352134543,446
94.66818082031077,94.72604174748552,94.47500096741204,94.66818082031077,585
95.30539503365456,95.5337612192018,95.1068391736361,95.30539503365456,952
95.21955820669217,95.36738551853831,95.06191071365805,95.21955820669217,462
95.76880064471808,95.8127946620527,95.66237584644809,95.76880064471808,829
95.94763132803362,96.27455243038587,95.77263309096003,95.94763132803362,311
95.97988431446491,96.01924653908443,95.88586465979617,95.97988431446491,800
96.4331563930199,96.68662378621322,96.37394925517103,96.4331563930199,946
96.46928241713886,96.60315363638891,96.3624597354965,96.46928241713886,976
97.49818800568774,97.68582397593198,97.19612205180488,97.49818800568774,713
96.77898242229045,96.8504149394307,96.56127897798365,96.77898242229045,536
96.52139697274444,96.7005863734622,96.32344197117052,96.52139697274444,242
96.45813752426747,96.51234437483971,96.09887425130238,96.45813752426747,384
96.67786386949646,96.8250769132046,96.46087591465897,96.67786386949646,169
97.31184411304801,97.73651982072765,96.91421775020967,97.31184411304801,947
97.29964482942994,97.36096878682632,97.23102269674366,97.29964482942994,676
96.58853000467683,96.6182227409862,96.42619332572578,96.58853000467683,809
97.00978695290434,97.1133385160461,96.95106776202168,97.00978695290434,627
97.38726633597531,97.52186377980836,97.25359281102907,97.38726633597531,409
96.4163370062856,96.57224590135748,96.36976851613828,96.4163370062856,964
96.4144349394502,96.49472831114652,96.41406833933131,96.4144349394502,362
95.61936402411006,95.92316793861625,95.41866305162677,95.61936402411006,159
95.28703847535903,95.28927207726029,94.76133424727944,95.28703847535903,621
94.83563401187763,94.92055103108706,94.651892516648,94.83563401187763,408
95.24026636099862,95.30458389788376,95.1279509842154,95.24026636099862,619
95.29868144808471,95.60740755245945,95.28859195952981,95.29868144808471,481
94.6558859477067,94.84937183153751,94.50547911586732,94.6558859477067,440
95.09591892918536,95.27760177700259,95.04351493393743,95.09591892918536,701
94.37901601722115,94.52117082225618,94.35206860457288,94.37901601722115,648
94.54407291245661,94.5804620001251,94.48361522383792,94.54407291245661,999
94.13706757781084,94.25647879775855,93.67205657463572,94.13706757781084,183
93.95422903654558,94.13298139602315,93.64723978173929,93.95422903654558,333
94.20636441056477,94.53039614755612,94.10726339094573,94.20636441056477,861
94.46708911009453,94.66479433102403,94.45139633140485,94.46708911009453,339
95.13557364687252,95.14833789187924,95.02794713700183,95.13557364687252,203
95.0944467970368,95.35609744812167,94.92907985346221,95.0944467970368,822
95.24767222851847,95.27880388805282,95.16390689137756,95.24767222851847,324
95.0288035673163,95.08011904648616,94.87852754263899,95.0288035673163,378
95.1197985086277,95.26160446369136,94.76289635508279,95.1197985086277,492
95.33954153263196,95.61031990449663,95.29029988708115,95.33954153263196,777
95.29038660890477,95.30941671131612,94.88760060282681,95.29038660890477,912
94.38851136685852,94.80870880482115,94.35108186948305,94.38851136685852,528
94.55424681502397,94.90610421903209,94.50511614459887,94.55424681502397,501
94.7365275537017,94.82039592819403,94.45969952889241,94.7365275537017,145
94.39644081552773,94.55614489396453,94.33620342391217,94.39644081552773,613
93.75424729749147,94.13569169742924,93.72756277058961,93.75424729749147,275
94.49218687274346,94.5325417480033,94.25211403161494,94.49218687274346,884
94.73790962819066,95.02934416787485,94.6058660671635,94.73790962819066,729
94.6233691127298,94.65565469233637,94.52470703613862,94.6233691127298,883
94.05485267115606,94.06180652077495,93.96529442934126,94.05485267115606,465
93.64394525694539,93.86765353881258,93.54583548786435,93.64394525694539,272
94.2952404553385,94.5967574822913,94.20743368839943,94.2952404553385,403
94.36407142577252,94.54576045890168,94.05699617105738,94.36407142577252,251
94.08877789227216,94.10839398232812,94.046608823727,94.08877789227216,450
94.34362250788449,94.54939233860641,94.14756670966261,94.34362250788449,804
93.93642341416133,94.02277364916755,93.68728964029333,93.93642341416133,191
94.68684492930151,94.9532938466542,94.6522691371146,94.68684492930151,260
95.36324519674987,95.60674506199305,95.2369653126957,95.36324519674987,205
95.12995816114848,95.3883196518819,95.04921953725535,95.12995816114848,840
94.81562303763305,94.91118586821717,94.48459258555506,94.81562303763305,202
93.5065564382869,93.80194084272985,93.1764586015779,93.5065564382869,231
92.76576605251122,92.87875635784226,92.6126399848769,92.76576605251122,868
92.09603116503234,92.2218582246839,92.0004455112769,92.09603116503234,388
92.16362633552603,92.46831474715316,92.0580935384969,92.16362633552603,557
92.00050948330535,92.03657373314081,91.7781970148077,92.00050948330535,998
91.32784173959773,91.46155426286515,91.17706181214301,91.32784173959773,200
91.18725971836545,91.47688467342083,91.14897879510865,91.18725971836545,912
91.43992829218912,91.4807049859851,91.37639440943019,91.43992829218912,120
91.70384796714691,91.84703139524403,91.6818805813061,91.70384796714691,348
90.75401282671747,91.34076695616336,90.71995540156911,90.75401282671747,291
90.68988108647555,90.9569716988159,90.28974351052484,90.68988108647555,684
89.99821069798975,90.06894657316796,89.90004586139428,89.99821069798975,412
90.44907504655988,90.59242057610335,90.26998686837022,90.44907504655988,267
90.84114825473664,90.92369211057559,90.53982496191418,90.84114825473664,673
90.39213464157442,90.73667913788749,90.17414706160315,90.39213464157442,270
90.00911204037422,90.11592463163761,89.92375376129452,90.00911204037422,732
89.77847851512506,89.79499658020836,89.63335383139763,89.77847851512506,315
88.6520818177594,88.65850490884586,88.64650472133107,88.6520818177594,608
88.82006590447968,89.03758730151947,88.60145055414392,88.82006590447968,273
88.68364363130961,88.83605640608212,88.60607272654774,88.68364363130961,635
89.16873117259354,89.55297865601146,89.15913226627367,89.16873117259354,507
88.61952656361227,88.65029740938697,88.48973848037068,88.61952656361227,600
88.3099650894873,88.44820757704554,88.06100721226738,88.3099650894873,237
87.55670246046775,87.59438582984949,87.50439302969706,87.55670246046775,198
87.05455717872061,87.13768985322834,86.67694513047145,87.05455717872061,935
86.4635661806865,86.6667374844851,86.42678526457759,86.4635661806865,156
86.96155302010972,87.25495981039747,86.79577799045842,86.96155302010972,346
86.61242209573402,86.61412961876985,86.22612054878866,86.61242209573402,783
86.67450993810633,86.996418269514,86.64664825625914,86.67450993810633,812
86.48412823617542,86.53217001037592,86.20942291185992,86.48412823617542,942
85.84939560316901,86.03559797414283,85.8312148317275,85.84939560316901,206
85.76524539158319,85.86386889702639,85.64291681394221,85.76524539158319,147
86.064797057515,86.25596917882,86.00991065212051,86.064797057515,944
85.46091736124332,85.6228694695633,85.06392198474427,85.46091736124332,385
85.865473756609,86.02655409062213,85.62092107196423,85.865473756609,145
85.44061329587016,85.44466767429462,85.380519931409,85.44061329587016,495
85.19912133283374,85.5055656902818,85.0235770767694,85.19912133283374,219
85.46446289433877,85.5184110156611,85.40293130609858,85.46446289433877,159
85.13274481572903,85.18332014723217,84.98377634868812,85.13274481572903,246
85.15153224539696,85.50845936678692,85.08789945670236,85.15153224539696,715
84.99418683100292,85.07473046885688,84.94918037721061,84.99418683100292,679
85.05887083435483,85.18391652852945,84.92891076930191,85.05887083435483,596
83.86850128159308,84.10139645100308,83.80528564316236,83.86850128159308,773
82.95366037398904,83.14659189176805,82.61212303055837,82.95366037398904,826
83.26164387701246,83.29466040948665,83.08137348848774,83.26164387701246,217
83.78023457983699,84.26531709819777,83.39790180274544,83.78023457983699,336
83.32499122807123,83.34081567254813,83.08509173792619,83.32499122807123,317
83.20297705198566,83.4262632017421,82.9291063784701,83.20297705198566,223
83.3503366784368,83.54308425387143,83.28865020225088,83.3503366784368,728
83.69694547926616,83.9925682221437,83.46271952416419,83.69694547926616,362
82.68310684343074,82.74520269883192,82.4813405869406,82.68310684343074,949
82.24008671994154,82.2694362143826,82.10647793837184,82.24008671994154,269
82.0737970300166,82.13978878758469,81.92063426723253,82.0737970300166,807
82.42536712863463,82.57618962459284,82.36619811758987,82.42536712863463,920
83.67458237049539,83.89796627287782,83.64490651879584,83.67458237049539,491
83.56057950709052,83.65578150709469,83.06005772896904,83.56057950709052,249
82.85709077603853,82.87664977545538,82.7699959664309,82.85709077603853,345
83.05822481463917,83.29522170415923,82.82341405857952,83.05822481463917,600
83.71872270940953,84.08218487335465,83.62001584714723,83.71872270940953,893
83.77272976989929,84.05204933914392,83.73449606418583,83.77272976989929,290
83.31940549732214,83.49144253947851,83.19374538848884,83.31940549732214,273
83.79840246806215,83.99927052052207,83.26982037153729,83.79840246806215,984
84.13017527731137,84.21195451230926,83.92254038197252,84.13017527731137,692
83.61713485521355,83.65912006569614,83.40596042694234,83.61713485521355,271
83.80784766398072,83.93433547159596,83.3674046350443,83.80784766398072,775
84.30648044781016,84.42192157831575,84.14604209127354,84.30648044781016,908
84.89742546908961,85.04152269074046,84.74323466719504,84.89742546908961,722
84.86420098143488,84.97145899394798,84.68662171109654,84.86420098143488,818
84.68516125834522,84.89018817925674,84.49218070659437,84.68516125834522,437
85.29879816938585,85.47971641212847,84.88692731343082,85.29879816938585,510
84.6937179178954,84.88028365871384,84.67816199169349,84.6937179178954,169
84.9130075633559,85.05213665337995,84.47878268784461,84.9130075633559,197
84.22799424967369,84.41618144020227,84.20822554799578,84.22799424967369,616
84.76068238580349,84.86710561264077,84.5898683356611,84.76068238580349,284
84.6316596279979,84.8748343404377,84.57577652107717,84.6316596279979,815
85.26595124582164,85.36355394309685,85.07832937402752,85.26595124582164,512
85.5116576239994,85.5158184287539,85.11869223566741,85.5116576239994,477
84.90004750896843,84.96207827418873,84.87133982151603,84.90004750896843,111
85.61236137500705,85.63964675862051,85.05083121835128,85.61236137500705,508
86.38798400822093,86.61317418744801,86.34545001698689,86.38798400822093,850
86.82912725452053,87.07765128350951,86.63929424198245,86.82912725452053,517
86.44833332200241,86.4640984978971,86.3261207790894,86.44833332200241,430
86.2953263448237,86.31129771197757,85.97146354889757,86.2953263448237,379
86.36803995352659,86.37030642920014,86.15969791381806,86.36803995352659,214
86.01618475386087,86.15140507659085,85.72189449334726,86.01618475386087,980
86.86235804009247,86.90545338332534,86.85145715573768,86.86235804009247,309
86.93452127595549,87.04711711233647,86.68343776307883,86.93452127595549,546
85.5828472524018,85.6117646058671,85.49076776447673,85.5828472524018,930
85.75252515877992,86.11719695118721,85.41312119611521,85.75252515877992,493
85.57844646037127,85.59458920571656,85.51120929964688,85.57844646037127,744
85.54098318231205,86.00912770461719,85.5027670949856,85.54098318231205,834
85.3566734994192,85.42707581763737,84.88122864091704,85.3566734994192,956
85.76019670772254,85.80293214184019,85.69648698533416,85.76019670772254,280
86.32004059699923,86.49993019225117,86.29213310318262,86.32004059699923,564
86.46156717812856,86.7501448929401,86.4489606933215,86.46156717812856,127
86.29191158455949,86.49020004143871,86.02349340360648,86.29191158455949,292
86.2712429821549,86.4471642439877,86.2540778141523,86.2712429821549,912
86.28104279044372,86.36000679452616,86.26046625521637,86.28104279044372,355
85.8798277705113,85.98506084472334,85.68610607142055,85.8798277705113,722
86.16929209479692,86.20667750530781,85.93194297191124,86.16929209479692,523
86.39931325672715,86.65570892920249,86.30299912017361,86.39931325672715,805
87.16953387661549,87.18709554694246,87.15654728090095,87.16953387661549,735
87.79720876675972,88.21304010645308,87.70569793048344,87.79720876675972,190
87.45437130796466,87.6895335040325,87.24419621803436,87.45437130796466,747
87.86452049521914,87.89463720489412,87.80666604481827,87.86452049521914,894
87.38904380367191,87.49690638839411,87.28127043883806,87.38904380367191,840
87.73700985414233,87.92431117535374,87.71275031229789,87.73700985414233,244
87.47870275476228,87.9266610808355,87.36610621198689,87.47870275476228,551
86.9670761430745,87.25569920091006,86.84810793882804,86.9670761430745,527
87.1070988144232,87.12856817891338,87.0689913564778,87.1070988144232,341
85.76981525034613,86.08009079454803,85.5319985088771,85.76981525034613,585
84.89432746314351,84.93949582995097,84.68707859214324,84.89432746314351,130
84.80558152125637,85.07589101210922,84.73487991740308,84.80558152125637,872
84.8468024045738,85.08623572311184,84.82294434343464,84.8468024045738,159
84.66214301949469,84.99674096006369,84.34793257852775,84.66214301949469,700
83.87242487013589,83.99665182989513,83.72345281430884,83.87242487013589,575
83.46347894906664,83.6520716235566,83.05976580659005,83.46347894906664,200
83.65908361268534,83.95455812481151,83.35741520030919,83.65908361268534,909
83.94997449799952,84.15219389911692,83.89970464207119,83.94997449799952,890
83.94186293920156,84.19667486785491,83.93859578673083,83.94186293920156,732
84.52027982972005,84.71028820577321,84.45618447183774,84.52027982972005,854
84.71897834144967,85.02399946965254,84.41954415428438,84.71897834144967,976
84.34525051447056,84.3718838123431,84.31041526318964,84.34525051447056,688
84.20499948776475,84.27202471437948,83.86777839527042,84.20499948776475,372
83.50356640916083,83.57648676990179,83.48408064992172,83.50356640916083,981
83.44949691396512,83.74513370109293,83.3190173301632,83.44949691396512,577
84.00554722357579,84.35230064157744,83.83237337019223,84.00554722357579,157
84.34819226593127,84.52013127619082,84.18122883419775,84.34819226593127,858
85.04919692889084,85.2685219377203,85.00207568021806,85.04919692889084,604
84.89775430699135,85.06890137116352,84.80301214600983,84.89775430699135,486
85.57080420424847,85.66579554515275,85.46943882197291,85.57080420424847,560
85.4741520910245,85.6369464502026,85.22016139323347,85.4741520910245,707
86.20994463230944,86.33192517369929,85.96829308398524,86.20994463230944,144
86.19901625858839,86.48813829874369,86.01521312608443,86.19901625858839,390
86.55263194549053,86.56071773345722,86.54933962100293,86.55263194549053,357
87.29018812764546,87.44472280577756,87.21456321157154,87.29018812764546,914
87.19347431335486,87.3507339595349,86.9636242095168,87.19347431335486,870
87.30266880712695,87.43068002333354,87.18135063481837,87.30266880712695,345
87.9471005197301,88.28473193031066,87.76265561546332,87.9471005197301,339
87.88059893776507,87.95386443447329,87.77703762036964,87.88059893776507,512
87.220152796512,87.32428834992801,86.83458664191858,87.220152796512,227
88.29165632380445,88.57167628617,88.09566091573258,88.29165632380445,813
88.05677409163587,88.18230663084121,87.77848722660575,88.05677409163587,375
88.13615211710464,88.43380375966925,87.99235116165964,88.13615211710464,517
88.71415545183021,88.75417426365588,88.5616088426038,88.71415545183021,306
88.4099084999646,88.69443519380748,88.18106550893732,88.4099084999646,651
87.90597454335354,88.39676227793862,87.85927796283862,87.90597454335354,464
88.03284319174095,88.32394285015674,87.68458878049712,88.03284319174095,932
87.13630499278476,87.56910025944508,87.01473655149947,87.13630499278476,445
86.9923519543508,87.00484134968342,86.77008071751618,86.9923519543508,930
87.1148712865085,87.22498600524882,86.91174193990857,87.1148712865085,667
86.97989533809591,87.07179042448644,86.76494708805174,86.97989533809591,259
86.20816986650304,86.3847548276204,85.95476947127878,86.20816986650304,933
87.00525884460505,87.24836748701526,86.90021865140191,87.00525884460505,195
87.05702792157965,87.5656465594746,87.02570820839627,87.05702792157965,524
87.77260398046052,87.93074610435824,87.5549046089547,87.77260398046052,215
87.6425858553703,87.93368055049376,87.31158577542493,87.6425858553703,311
87.20257986452492,87.49816521175683,87.1290222867118,87.20257986452492,698
87.3371703246525,87.70030581566857,87.29189528408449,87.3371703246525,406
87.22927676148839,87.50986257597101,86.8312534140386,87.22927676148839,367
86.64039603249272,86.89873915399697,86.46331196127372,86.64039603249272,143
87.37528816188646,87.56556515858661,87.00925771926309,87.37528816188646,694
87.06415305043946,87.37810838738324,86.91888199005487,87.06415305043946,557
86.14401985804167,86.222073364228,86.03417644110864,86.14401985804167,822
86.80810288502035,86.92413562944525,86.76902976989062,86.80810288502035,957
86.55595387711404,86.70555295683947,86.52207386099532,86.55595387711404,571
86.25204193080623,86.49779780098723,86.04409230901996,86.25204193080623,108
85.36934813729124,85.38912266242313,85.14525803898913,85.36934813729124,768
86.23981888058974,86.37700578137967,86.23605494491747,86.23981888058974,959
85.5950785869849,85.68974682366192,85.5883378245334,85.5950785869849,288
85.62430332733773,85.66766173367532,85.4362234135485,85.62430332733773,480
86.08061348860795,86.18766262939603,85.88234433906945,86.08061348860795,931
86.2914719551095,86.33413127023591,86.24576240113511,86.2914719551095,742
86.2616447991134,86.66885336568141,86.17695230079312,86.2616447991134,826
85.41081186996969,85.49419179719357,85.30169823991092,85.41081186996969,214
85.00594945208604,85.2141504957428,84.8754747759341,85.00594945208604,601
85.09984962110731,85.21653633493851,85.00442498698139,85.09984962110731,734
84.70626258611381,84.7349675199984,84.68602724365833,84.70626258611381,487
84.8079423161132,85.0909891022865,84.78151213808623,84.8079423161132,538
85.14881402052077,85.59511328756126,85.04410448894652,85.14881402052077,969
85.63006546342082,85.70056125253815,85.47237125541818,85.63006546342082,944
85.01697578451447,85.09254967530674,85.00439580103314,85.01697578451447,418
86.11529881200394,86.14726588238557,85.89126091992257,86.11529881200394,975
86.499038484281,86.84506183812277,86.36733329179488,86.499038484281,803
86.49818140744647,86.83413047275026,86.1404886175011,86.49818140744647,543
87.04294969898478,87.0981468688689,86.76197035947635,87.04294969898478,759
88.22565358498477,88.6431080173435,87.98920654118044,88.22565358498477,127
87.50629353445633,87.53203927060426,87.45693890816216,87.50629353445633,735
87.39366221321066,87.64072900907135,87.36082704865116,87.39366221321066,497
86.20444638327399,86.32812575386612,85.97658827974216,86.20444638327399,176
86.300772149598,86.34214865554937,86.29948990612364,86.300772149598,686
86.48346927056058,86.74963005368855,86.47601574864271,86.48346927056058,457
86.4638882128392,86.5317553817224,86.29014236628085,86.4638882128392,285
86.13662142734005,86.30195178682654,86.06262252589454,86.13662142734005,650
85.11186416924588,85.39893793465525,84.99456172545251,85.11186416924588,333
85.29863101095177,85.58737468487078,85.18305464355119,85.29863101095177,347
86.02634825290943,86.12290839064642,85.84194397724825,86.02634825290943,498
85.73083902504271,86.01844476941737,85.20558117400367,85.73083902504271,428
85.95086898955428,85.96464391745704,85.93228729558463,85.95086898955428,742
85.16679683284426,85.22475907195758,85.0300583649224,85.16679683284426,104
85.39540336469051,85.45101928380521,85.25408607563206,85.39540336469051,447
85.19871221581818,85.42055381233553,85.18855340877259,85.19871221581818,498
84.81750324051671,84.93954737902429,84.60034997586429,84.81750324051671,358
84.43732141990866,84.5749784416063,84.34071070557837,84.43732141990866,856
84.24051562889215,84.40669216166319,84.069891435077,84.24051562889215,518
84.43173228673842,84.82838681792258,84.1164406863073,84.43173228673842,490
83.77565068614066,83.935728907,83.67674976019019,83.77565068614066,961
83.57709302035674,83.75357088097246,83.52171693545152,83.57709302035674,689
83.55635713135717,83.66629109405478,83.53448772775275,83.55635713135717,947
83.00683751909125,83.02279520537772,82.82617989487161,83.00683751909125,214
83.90517011992875,83.97054060118094,83.86797786921659,83.90517011992875,103
83.47842237989808,83.52388513899655,83.05400048845136,83.47842237989808,742
83.14370392308133,83.36178236284282,82.91653041980223,83.14370392308133,838
82.65454994817009,82.97722173398598,82.55702847465786,82.65454994817009,227
83.55378999173915,83.73249843291697,83.36639281703745,83.55378999173915,108
83.8302426060389,84.10203259629232,83.8008649852585,83.8302426060389,423
83.36194660291707,83.46761278073916,83.26617160890657,83.36194660291707,217
83.91506238234706,83.99836709129009,83.75049009919543,83.91506238234706,566
84.0154117294915,84.05488542193844,83.75672635449891,84.0154117294915,955
84.14403844004725,84.36963896528755,83.94920697169165,84.14403844004725,799
83.97179983567102,84.20384946203694,83.84435469606184,83.97179983567102,750
83.59709184219254,83.63570200278416,83.48463200521357,83.59709184219254,562
83.76597489171984,84.06956511808849,83.61720999959321,83.76597489171984,224
83.49343127672203,83.84936365413957,83.33244400328788,83.49343127672203,322
84.40180909150959,84.51300657824761,84.04181377742577,84.40180909150959,427
83.76716353888804,83.88885094716628,83.5495557717357,83.76716353888804,997
84.53524192531552,84.61655035296886,84.44636466829441,84.53524192531552,917
84.47958250091662,84.78180121060713,84.26588097448624,84.47958250091662,358
84.62912536792717,84.84019598142139,84.47815365728667,84.62912536792717,166
85.04570425124189,85.33994660009772,84.70235170140502,85.04570425124189,696
84.73057960373967,84.77474650214708,84.59917086428509,84.73057960373967,982
85.16270379608899,85.2115946860101,85.13803017501361,85.16270379608899,161
83.8089318683984,84.01669981079482,83.7195481959412,83.8089318683984,625
83.44893710178744,83.4702460370743,83.20240459310068,83.44893710178744,733
82.9869056981169,83.1138982728394,82.8383619856675,82.9869056981169,378
82.36015269193102,82.36578607362092,82.09993101052972,82.36015269193102,222
82.25267527289155,82.25911246308041,82.06149901775541,82.25267527289155,688
82.4455502569824,82.46264570705206,82.42537444405968,82.4455502569824,371
82.79688025623206,82.83469184040253,82.3003447037972,82.79688025623206,601
82.91731863483226,83.25463268344855,82.77553648983414,82.91731863483226,757
82.58447190238549,82.73813660112481,82.41269985315637,82.58447190238549,368
82.76898012129807,82.8179350895204,82.462228167627,82.76898012129807,992
82.83112296872349,82.88094716942123,82.61952756230987,82.83112296872349,667
83.2991510526915,83.33031286912788,83.22219804833729,83.2991510526915,317
83.68761940415726,83.752290138045,83.46488110113961,83.68761940415726,784
83.70285761111758,83.87557728966394,83.353858357572,83.70285761111758,651
83.25423110803695,83.3528510002322,83.23981047608288,83.25423110803695,970
82.9277560301209,82.98912237899862,82.8416210044219,82.9277560301209,258
82.65286135030189,82.65388997841026,82.42426940291823,82.65286135030189,459
82.49522818334377,82.5739038522377,82.49076915909302,82.49522818334377,564
82.62925339713864,82.66536345531578,82.39611938001227,82.62925339713864,643
82.98684059220267,83.19277164334115,82.97878007230295,82.98684059220267,347
82.96128124569498,83.24089765367873,82.80501148538083,82.96128124569498,740
82.96934363964522,83.48883108112027,82.36747541110859,82.96934363964522,390
83.04099679214522,83.26695979819813,82.8646547537152,83.04099679214522,135
82.78304413557905,82.88676913583193,82.67749702140547,82.78304413557905,959
82.32034800675757,82.42374806726036,82.08921898489896,82.32034800675757,165
81.44262905810221,81.51480118001535,81.32757975167941,81.44262905810221,896
81.09505437906378,81.19922751757609,80.93956482759802,81.09505437906378,526
81.33162710569768,81.42017051960411,81.23594186553079,81.33162710569768,256
80.9801713866779,81.0278830008058,80.73350743940424,80.9801713866779,654
80.86126786796493,80.8735366008131,80.67942408374842,80.86126786796493,886
81.09448351167109,81.15690978517934,80.83918700633778,81.09448351167109,220
81.35482825988242,81.4039102082367,80.88652217800421,81.35482825988242,291
80.8150618337994,81.02613494314954,80.56760931676676,80.8150618337994,575
81.31359151202622,81.31803155671328,81.14241275127999,81.31359151202622,453
81.87726655670396,81.88037598743267,81.52588074506407,81.87726655670396,642
81.31234162809467,81.52597383506986,81.19942324785306,81.31234162809467,456
80.9004231932741,81.09269526523785,80.74237052959785,80.9004231932741,630
81.4959685348472,81.8127558230399,81.28687403475398,81.4959685348472,579
81.42254177421954,81.77378782111545,81.40000590496973,81.42254177421954,896
80.31265280049361,80.49367663712749,80.2878417169259,80.31265280049361,172
79.61281204812727,79.73312805720771,79.35654404328841,79.61281204812727,490
79.48812723554103,79.66525771509168,79.4658555364014,79.48812723554103,175
78.90660591039872,78.95692349399849,78.7609705410394,78.90660591039872,287
78.69989402508051,78.9101183746321,78.58274231304807,78.69989402508051,790
78.7160921319223,78.88192391641938,78.2933634490453,78.7160921319223,437
79.44721943393967,79.53573191974422,79.18330767362762,79.44721943393967,575
79.30199247582577,79.47626321097198,79.03390464863276,79.30199247582577,405
79.83826337561214,80.05246728811844,79.59863004198753,79.83826337561214,748
80.55264345663053,80.58110059511957,80.32068906415499,80.55264345663053,261
81.26979829130657,81.32999196663505,81.25296322623835,81.26979829130657,901
81.41217558799936,81.57140188910795,81.39083911110075,81.41217558799936,146
80.43053101407988,80.60636165389859,80.1846029961257,80.43053101407988,123
80.66094344678181,80.68795236715437,80.3113351964396,80.66094344678181,435
81.18514339068858,81.34547133406932,81.08813975608332,81.18514339068858,383
81.14460983797088,81.2733566382093,81.0766327760205,81.14460983797088,273
82.0169017730085,82.18918431884576,81.96609271641755,82.0169017730085,406
82.44681855374223,82.57725213076537,82.1787347174214,82.44681855374223,978
82.73095524231863,82.89814319755193,82.38202023749399,82.73095524231863,873
83.27414559792155,83.59617955752023,83.27302827374808,83.27414559792155,329
83.44083052355198,83.51425923776142,83.35007930002968,83.44083052355198,802
82.1944252738543,82.41901914817146,82.17653790200563,82.1944252738543,217
81.94485579811912,82.0760479085474,81.73177267207848,81.94485579811912,152
82.54343981174304,82.54375417321768,82.49845098163564,82.54343981174304,291
82.13964414169389,82.22298523841211,81.98793963354095,82.13964414169389,671
82.02790788907542,82.1058603162987,81.93884225664031,82.02790788907542,622
81.50548973212389,81.52724671329605,81.44222289347593,81.50548973212389,871
82.39745102972478,82.61113852689394,82.19709039628617,82.39745102972478,881
83.23819725843379,83.30781872747404,83.18525368481109,83.23819725843379,240
82.79626281086342,82.83937670313537,82.7794842869942,82.79626281086342,754
82.86991181105796,83.14012670274826,82.68688054355701,82.86991181105796,212
82.52966478717593,82.69735443735544,82.49948477323143,82.52966478717593,363
82.83713710669161,82.9192384649889,82.77766879766851,82.83713710669161,590
83.09197864531278,83.09388101330097,83.04607876855646,83.09197864531278,443
83.49783143111941,83.55958378935809,83.31408610411832,83.49783143111941,622
83.66379065497335,83.84607614248095,83.37440866600926,83.66379065497335,979
85.1314937581676,85.44686372328543,84.90356800724444,85.1314937581676,198
84.61753187566222,84.78512771859809,84.37492590987061,84.61753187566222,572
83.76223019844397,83.81254875989632,83.60144057004946,83.76223019844397,122
83.56568509809324,83.663258915708,83.19668408530677,83.56568509809324,338
82.7816909653131,82.78894682384077,82.5846331186909,82.7816909653131,720
82.0354598303101,82.12698177869818,81.89618974008857,82.0354598303101,362
81.53480250321113,81.80885382105271,81.46282239167547,81.53480250321113,424
81.07370805049531,81.07503129932601,80.68780611258698,81.07370805049531,771
80.59639899952029,80.83454472931626,80.3566581531847,80.59639899952029,831
80.85550847474299,81.20780885344139,80.76176788129311,80.85550847474299,783
80.60241394420032,80.62841673885134,80.46223230752376,80.60241394420032,486
80.51265665676408,80.52099289820747,80.34466408268963,80.51265665676408,705
80.95977304401454,81.40203964973485,80.68060070452412,80.95977304401454,221
80.57661178162382,80.80359663794367,80.13441993936925,80.57661178162382,399
80.44433883227147,80.56779574612251,80.25693604490758,80.44433883227147,808
80.62721882531793,80.75101551549515,80.40884271097092,80.62721882531793,662
79.65643492500782,79.84774481736527,79.30373105844427,79.65643492500782,416
78.46398217053252,78.66618959654167,78.15169571860284,78.46398217053252,918
78.63704083493138,78.85458618519915,78.57614254411632,78.63704083493138,119
78.88304797521484,78.94990796796503,78.87209242181736,78.88304797521484,641
79.91515804264104,80.01870219544645,79.53035047387328,79.91515804264104,988
79.99420548057445,80.04555224127046,79.8116736530641,79.99420548057445,399
80.4040753392035,80.53004030005279,80.3113238002436,80.4040753392035,569
80.30633901741051,80.59873758358417,80.11734776325456,80.30633901741051,185
80.45495262820305,80.50430008431374,80.2545140974424,80.45495262820305,841
81.2885810490778,81.37076806439258,81.18190925763373,81.2885810490778,768
80.22658464001499,80.24261205359095,80.183236622442,80.22658464001499,504
80.43339276880083,80.47199719534441,80.159437470949,80.43339276880083,792
81.50118613383951,81.7073511591834,81.38733456279468,81.50118613383951,211
81.64220324344419,81.75517754228557,81.54446421429469,81.64220324344419,238
82.46748972506062,82.59109613984182,82.21916571272898,82.46748972506062,109
82.15288365029589,82.32193971121725,81.94655902772156,82.15288365029589,390
82.13685990321403,82.31405241681401,82.02591074156547,82.13685990321403,478
82.15362225440832,82.50477582595992,82.0056174038523,82.15362225440832,981
81.04482671472893,81.43824562731015,80.9690909761789,81.04482671472893,337
80.46073780080383,80.75481382773897,80.42494651854653,80.46073780080383,743
79.91230026111184,80.18460790168146,79.89962448733877,79.91230026111184,429
80.3233333001281,80.32657462002491,80.29369921917726,80.3233333001281,284
80.75940985297012,80.85965967033157,80.72530919733695,80.75940985297012,906
80.92142807432339,81.02872561974765,80.67013947956411,80.92142807432339,819
81.33347952275123,81.3447163064297,81.11848939501044,81.33347952275123,861
81.25140481639035,81.26636107572061,81.01503268089658,81.25140481639035,524
81.85237065116011,82.06127593712374,81.65529028777873,81.85237065116011,961
81.85676487247615,81.88596405533868,81.61853619792655,81.85676487247615,422
81.88569689618953,82.1655163920422,81.85546136151906,81.88569689618953,581
81.75290057955833,81.8770665686163,81.65121115879877,81.75290057955833,700
82.09512581837654,82.21868507307275,81.99632548491594,82.09512581837654,457
81.8845264100701,81.98395321484408,81.71453308673523,81.8845264100701,461
82.37274209866914,82.51823505995999,82.29635084116347,82.37274209866914,135
81.80666752831114,82.05017713270128,81.65650548054082,81.80666752831114,615
81.25720940094705,81.33821959153616,81.15804495358076,81.25720940094705,845
81.6009227785103,81.76061733787022,81.40582286665783,81.6009227785103,429
81.55665067121879,81.62060627944416,81.29565618304883,81.55665067121879,368
81.32970496314222,81.34913838441672,81.10097059474613,81.32970496314222,169
81.77473382937995,81.83364753189498,81.37877290874606,81.77473382937995,618
81.47110312233691,81.84906590311569,81.45295666587869,81.47110312233691,767
81.37100249518673,81.5536166563725,81.33556228039292,81.37100249518673,477
82.0706164702223,82.07601858108269,82.00648386066977,82.0706164702223,392
82.84018764312763,83.12187231996883,82.82810805812949,82.84018764312763,385
83.6263867482628,83.72637924770453,83.51795095344248,83.6263867482628,459
83.48532385979584,83.6275330803049,83.14308305399344,83.48532385979584,685
84.10067531228808,84.33488352022044,84.05969423454957,84.10067531228808,623
83.62619889840374,84.05439295766982,83.35071156842716,83.62619889840374,436
83.17274746104272,83.17563077356982,82.98022280552121,83.17274746104272,723
81.99751953473054,82.00728921337245,81.85094157252456,81.99751953473054,641
82.8339536356798,82.9672826742714,82.79413038799,82.8339536356798,996
82.40196371114176,82.5013112624969,82.2624408161986,82.40196371114176,135
82.33869742126824,82.57029778257268,82.29454210054801,82.33869742126824,587
81.88353525030409,82.31651376812438,81.66225398702586,81.88353525030409,478
82.23111787446916,82.49458813539957,82.1833017333449,82.23111787446916,443
82.04330104411049,82.2401603331499,81.65231734619786,82.04330104411049,329
81.39089259889401,81.66897840005197,81.34581408249176,81.39089259889401,888
81.61172388098704,81.6528065350786,81.17795191184653,81.61172388098704,717
80.89485886858193,81.13667614818473,80.60431468807545,80.89485886858193,899
80.4761560059242,80.59477708579574,80.29956670012449,80.4761560059242,861
79.42271144861115,79.6231332695379,79.22116955305711,79.42271144861115,674
78.71073239251236,78.84075114357408,78.6017222316291,78.71073239251236,496
78.7999969773726,78.8903842049738,78.59158341266638,78.7999969773726,520
77.81772895832114,77.93841652521886,77.53653842560401,77.81772895832114,655
77.07715609601028,77.38291186315234,76.76878894704213,77.07715609601028,760
77.07597163794388,77.46017426570853,76.9403427286655,77.07597163794388,501
76.80416818989735,76.93535201782912,76.35801465926788,76.80416818989735,587
77.80018650787702,78.0586471828627,77.72800283327517,77.80018650787702,145
78.7171347808892,78.90938507837942,78.49218856928368,78.7171347808892,786
78.28317354951362,78.68512022288736,78.10618002405506,78.28317354951362,253
78.56174235871536,78.67155324494713,78.41967386244487,78.56174235871536,360
78.93638363715509,79.23852996746294,78.84675211339804,78.93638363715509,744
78.63764420814289,78.69060905663585,78.40712488789931,78.63764420814289,386
77.88987343989379,78.12954574929361,77.80062273790234,77.88987343989379,767
77.88372421523977,78.08715375011563,77.65373604911795,77.88372421523977,944
77.79730137783271,78.04356223054644,77.68992694530475,77.79730137783271,852
77.5794191293474,77.60022842555522,77.08870801501732,77.5794191293474,430
77.80057756342964,78.20752739506015,77.57757966295024,77.80057756342964,738
77.42521275992684,77.58952558485176,77.4157230537996,77.42521275992684,804
76.84921398613726,76.98574448759578,76.80035410508445,76.84921398613726,571
76.90375547131218,77.06443121274543,76.83830044052434,76.90375547131218,368
77.09674051759661,77.22222021472088,76.90018917902844,77.09674051759661,733
76.5084180456466,76.5517763011675,76.2273012290311,76.5084180456466,757
76.97246335114214,77.07642915167635,76.57090700757954,76.97246335114214,763
76.0872227822541,76.22413990608237,76.08180059162632,76.0872227822541,256
75.79816605289628,75.82378582976807,75.6697416951228,75.79816605289628,767
75.66916178479747,75.83253408484046,75.6679115500807,75.66916178479747,713
75.3510499284715,75.7804763484647,75.3417801887439,75.3510499284715,528
75.0685196916959,75.26818060541157,75.05609901173403,75.0685196916959,984
76.00405693284995,76.30453472918785,75.77996776103507,76.00405693284995,951
75.5786148883305,75.60005218128698,75.27571699672366,75.5786148883305,351
76.79922574956646,76.86582617545626,76.72198067481746,76.79922574956646,366
77.01778913943198,77.0831017426046,76.98022065797775,77.01778913943198,918
77.06381670808798,77.12043252280763,76.87616052839604,77.06381670808798,158
77.30193688478181,77.35617917983781,77.1548647194534,77.30193688478181,951
78.56690075940779,78.66109417336482,78.40519832085785,78.56690075940779,716
78.07010425744207,78.21709722059246,77.84358599565769,78.07010425744207,880
77.50989529797387,77.85658356585073,77.35688985894296,77.50989529797387,658
77.13246219968791,77.17930102998754,76.99429388571644,77.13246219968791,699
77.14853377317019,77.16134354217373,76.69866841477443,77.14853377317019,270
76.2856482107639,76.46699400383392,75.87685645826225,76.2856482107639,763
76.2968178304232,76.38400709520306,76.15883507711222,76.2968178304232,787
77.14359139713002,77.27706801775814,77.03055195596252,77.14359139713002,418
77.21929509244241,77.25775572929874,77.00296405608847,77.21929509244241,756
77.07295236295477,77.18187486379158,76.9561616090207,77.07295236295477,936
76.76387213861295,76.82237537732283,76.64990628709474,76.76387213861295,921
77.21312799088874,77.34732652130653,77.07844370947035,77.21312799088874,833
76.80021160426972,76.98273206707567,76.6289163864442,76.80021160426972,497
77.72340956456934,77.90313513791543,77.60485566746469,77.72340956456934,114
78.69008943842651,78.71365830365477,78.65872300511927,78.69008943842651,561
78.8184648377574,79.02645846808082,78.64722681683898,78.8184648377574,237
78.81270729371909,78.93508990424745,78.80753399166143,78.81270729371909,861
79.32803719783986,79.44706866261681,79.06702087941218,79.32803719783986,249
79.87543644895352,80.36519891010157,79.85896235882275,79.87543644895352,962
79.47244058342382,79.54058473773023,79.45513105390022,79.47244058342382,880
79.20916301685547,79.3003305525331,79.14336596107455,79.20916301685547,692
78.54798929951382,78.6591998110097,78.45615159493549,78.54798929951382,676
78.75252176868085,78.94731517753067,78.68635367546462,78.75252176868085,753
79.0858357104093,79.22109888312477,79.01578350081589,79.0858357104093,399
78.41087289147866,78.8273672868192,78.20105881956052,78.41087289147866,522
78.18327343907058,78.45396045165212,78.0234592277038,78.18327343907058,518
77.5096464802799,77.95567253086283,77.37541665866478,77.5096464802799,858
77.06024657515798,77.11301222123811,76.96629403723115,77.06024657515798,984
77.33575510527112,77.57138068434114,77.30370853975987,77.33575510527112,292
76.96901407193198,77.14589011500442,76.94214215648319,76.96901407193198,382
76.81860109391583,77.09390562586357,76.68044709599877,76.81860109391583,353
76.00494522994217,76.04515862794844,75.9291728133937,76.00494522994217,603
76.0984403348045,76.29151956664083,76.04044497880793,76.0984403348045,784
76.07630367488217,76.19420710138147,75.8692575063182,76.07630367488217,412
75.71182404986558,75.864920293954,75.54788228962023,75.71182404986558,377
75.61731690102435,75.62602603544013,75.32395500794577,75.61731690102435,901
75.70746434127608,75.74204267823362,75.67935043124591,75.70746434127608,917
75.30003026682141,75.67914522146712,75.12760251033068,75.30003026682141,409
74.56189899482052,74.94515914802007,74.46283439842375,74.56189899482052,285
75.46468621116394,75.47164867411553,75.43916807503817,75.46468621116394,967
75.1480498588088,75.21116339731572,74.93925082054267,75.1480498588088,323
75.09966980721536,75.28897951275871,74.913911687552,75.09966980721536,673
75.60508967472552,75.6760532983612,75.59414798047473,75.60508967472552,521
77.36961726851077,77.48768971013375,77.11651657063071,77.36961726851077,695
76.74737404356634,76.81639128076935,76.34490434170216,76.74737404356634,126
76.97228765042959,77.1586858754863,76.59684354047629,76.97228765042959,480
76.61851150778254,76.86076460708115,76.48001156492163,76.61851150778254,419
76.34911635549419,76.50881733641732,76.3285556984902,76.34911635549419,230
75.98901034499079,76.17211630333574,75.81073840884038,75.98901034499079,738
75.4261828610905,75.67899289519193,75.3385693878644,75.4261828610905,622
75.40553718019817,75.48907220032856,75.28366700108256,75.40553718019817,379
74.66828583667404,74.96448431749754,74.54186995996776,74.66828583667404,384
75.14168961992998,75.2172175342873,75.00801094581182,75.14168961992998,296
75.16919108794666,75.21300280555158,75.02349174107337,75.16919108794666,836
75.38040857439738,75.38172935649405,75.19443903179433,75.38040857439738,875
75.14731426842427,75.15208302205149,75.10827321955377,75.14731426842427,374
74.9637123013184,75.06759056573651,74.8097415097641,74.9637123013184,167
75.10749425390206,75.4338720235761,75.1068572840011,75.10749425390206,332
74.52546893769915,74.58472801079988,74.22917208832212,74.52546893769915,710
74.34647372049248,74.36542141565907,74.33984622805445,74.34647372049248,321
73.91666696355325,73.99432181453854,73.91652523478666,73.91666696355325,552
73.47138255825774,74.06735346160518,73.3372705600192,73.47138255825774,735
72.41646343794493,72.64280827566486,72.17261741042653,72.41646343794493,403
73.08612673268493,73.25513443502818,72.81627568072402,73.08612673268493,713
72.74285735610805,73.01897155959745,72.51925501450093,72.74285735610805,499
73.32454538368982,73.37106523137692,73.26189309614102,73.32454538368982,419
73.85894154438697,73.90804523305243,73.22715318746923,73.85894154438697,363
73.21594169112872,73.30900619479694,73.16364797862053,73.21594169112872,464
72.6717360732923,72.77968143292264,72.64737948469018,72.6717360732923,488
73.95198755297014,73.98046852629577,73.82831716700855,73.95198755297014,841
74.8274505239337,74.92787208889965,74.63206474337102,74.8274505239337,734
74.81169126726965,74.87372643270622,74.7777342439787,74.81169126726965,326
74.94037782047833,75.16322468982685,74.70750832147029,74.94037782047833,555
74.62495461900474,74.7603607129649,74.38616038239955,74.62495461900474,839
74.8411309761049,75.01733364553795,74.68791329115636,74.8411309761049,764
74.48254002574367,74.69972370804501,74.25004263562775,74.48254002574367,920
73.46636314359448,73.52292877561821,73.46417452063778,73.46636314359448,404
72.80558525033895,72.83731345554757,72.55309512933722,72.80558525033895,604
72.81613162426424,72.97058223844088,72.5516240379408,72.81613162426424,427
72.25059800651294,72.32883363924009,72.088409845444,72.25059800651294,760
72.21695927405618,72.32169638059156,72.2165341656246,72.21695927405618,918
71.67962875433975,71.82596321966393,71.58615284039439,71.67962875433975,620
71.28845179308875,71.35780830400759,71.22263979309993,71.28845179308875,419
71.71503444629535,71.85438601883821,71.63803460844744,71.71503444629535,835
71.8387747201154,72.07084209133542,71.75136142277667,71.8387747201154,591
71.83394250945872,72.12029240630694,71.58915846913534,71.83394250945872,560
72.27342449599405,72.3588205702954,71.76305647707957,72.27342449599405,634
72.51372879266772,72.73373212108265,72.43520624625083,72.51372879266772,543
73.23701043829341,73.32485399125777,73.14102387613362,73.23701043829341,542
73.00708080713584,73.50383400565333,72.92739864230582,73.00708080713584,803
72.79226331787208,72.8698066911704,72.7645242326201,72.79226331787208,326
72.14170868467642,72.2067279789706,72.01105849560815,72.14170868467642,665
71.92721832599021,71.96563926211614,71.83145408819425,71.92721832599021,703
72.40960327314143,72.43932734982772,72.31539255906445,72.40960327314143,626
73.0595969592725,73.21589217243275,72.79628780474796,73.0595969592725,919
73.53974954331584,73.56839215995706,73.49941629381848,73.53974954331584,790
72.64265361004112,72.85777259168079,72.56569352607505,72.64265361004112,615
73.18422621637148,73.24708407946723,72.695585711602,73.18422621637148,517
72.26496690473545,72.48719996451544,72.24172422930432,72.26496690473545,200
72.71402556679662,72.78289474778336,72.66303679851187,72.71402556679662,507
72.53013330351109,72.64043878353142,72.49504523459503,72.53013330351109,504
72.88139996047802,72.89198785412498,72.85542103828777,72.88139996047802,229
72.21517578653074,72.4812661208432,72.12544284552193,72.21517578653074,618
72.80075960288382,72.830536162088,72.63175962106548,72.80075960288382,795
72.06827222983136,72.08590320360544,71.94896355252675,72.06827222983136,942
71.73404477440478,72.08957373816867,71.3823739687263,71.73404477440478,943
71.23499746052026,71.4102386588546,70.97538351026884,71.23499746052026,134
70.35785503410901,70.47267129053031,69.9927101246753,70.35785503410901,843
70.40511881790324,70.7967451409636,70.15388281255889,70.40511881790324,253
71.30816337682172,71.40612562778053,70.91617160641435,71.30816337682172,501
72.64161598798172,73.03892141637722,72.39533275416848,72.64161598798172,163
72.69019388152485,72.85672703310092,72.3421824276855,72.69019388152485,858
73.24853451905861,73.56693621048234,72.89016217100406,73.24853451905861,989
73.36458183802287,73.45498291173936,73.17341900150456,73.36458183802287,667
73.61402343540698,73.95677215023282,73.32238493854358,73.61402343540698,328
73.44294910984335,73.53632019192334,73.38812327042535,73.44294910984335,922
73.54048757255465,73.61324447847663,73.45328339291851,73.54048757255465,352
73.80922692485787,73.96325074630421,73.71307562351247,73.80922692485787,587
73.5199970604197,73.58976745985794,73.14877030053867,73.5199970604197,904
73.48124991047321,73.68776225454532,73.2414348469457,73.48124991047321,663
73.45203485097447,73.59482543340638,73.43159729503105,73.45203485097447,114
73.86523650963973,73.97426468554184,73.79751626037559,73.86523650963973,994
73.33222042382589,73.52535035174735,73.13617857141146,73.33222042382589,953
73.30644931952206,73.34434923480049,73.20913132327274,73.30644931952206,439
74.26245205404841,74.3272199073139,74.18248995513775,74.26245205404841,462
74.84448213034138,75.04378781366509,74.7696203171034,74.84448213034138,279
75.51907165478573,75.78141574136787,75.4974718044806,75.51907165478573,688
75.53128757487475,75.62966320499054,75.1211813297615,75.53128757487475,314
75.69178635671777,75.9164024365859,75.43056661416462,75.69178635671777,834
76.19290444006923,76.2087174439667,75.77881277699841,76.19290444006923,253
76.9730322048347,77.06449478614604,76.93768136844773,76.9730322048347,144
75.99723074839325,76.02836582593093,75.81764033801993,75.99723074839325,451
75.33951009486833,75.35060607862141,75.03830755063319,75.33951009486833,120
75.99423214556965,76.0428126537119,75.61615556499616,75.99423214556965,692
75.85578746768525,76.361436487748,75.82202838536725,75.85578746768525,664
75.51992707305621,75.7337479312894,75.47619095001211,75.51992707305621,768
74.89284657955841,75.06189260064578,74.87686436002411,74.89284657955841,468
74.61533822878636,74.64551175448867,74.2804284509373,74.61533822878636,758
73.91415358707444,73.95132916379889,73.8559284113358,73.91415358707444,793
74.95970072344068,75.08693682117749,74.61671234593082,74.95970072344068,177
74.94848269745039,74.99999904729248,74.91474496529628,74.94848269745039,994
74.91950742656903,75.17965444064649,74.71150052099459,74.91950742656903,218
75.21354576415294,75.50294668766995,75.11420864029205,75.21354576415294,458
75.69471834878622,75.94910200947069,75.56127858908741,75.69471834878622,954
76.16766242706355,76.41930188506893,76.15437200232996,76.16766242706355,716
76.70447339901733,76.77101445789216,76.45070364290788,76.70447339901733,613
76.3890506236219,76.5081355006705,76.18172579138455,76.3890506236219,726
76.24011722114346,76.26789001898358,76.09258537017075,76.24011722114346,602
76.6246330488646,76.83529510479298,76.60145969298438,76.6246330488646,131
76.36093851804479,76.78695937130898,76.20572704067622,76.36093851804479,457
76.35838520203117,76.5086407430597,76.33447817597019,76.35838520203117,161
76.55776708424358,76.6167540312656,76.43633774249813,76.55776708424358,196
76.95035962539876,77.01832385906042,76.79360759152473,76.95035962539876,477
76.06151914421366,76.09794611841589,75.82871226476401,76.06151914421366,746
76.41889196915814,76.69084634782381,76.26231645852039,76.41889196915814,595
76.30202994023227,76.31097169158419,76.29777537030606,76.30202994023227,709
76.65575879566447,76.832981325934,76.62689132821453,76.65575879566447,551
77.04422464184188,77.3681626149452,77.04254503837501,77.04422464184188,314
77.84818217240145,77.9507917458835,77.75078032056675,77.84818217240145,183
78.52490899621205,78.57436662133759,78.36500866452091,78.52490899621205,505
79.1981948275172,79.32737646216965,79.02569388084348,79.1981948275172,768
79.92002998710032,80.12523281224178,79.84931681952216,79.92002998710032,206
80.06571947950829,80.15007485238581,80.01310821193037,80.06571947950829,588
80.08181202302671,80.10874084139168,79.984256416725,80.08181202302671,456
80.51822056461589,80.52155339127548,80.34999437626253,80.51822056461589,230
80.8842610403324,80.95445158876002,80.85416377710239,80.8842610403324,121
80.72972792196327,80.77690093511319,80.58994930279731,80.72972792196327,695
80.9321396263674,81.162442655554,80.85522567297254,80.9321396263674,700
80.9145913929751,81.14308777259878,80.76075046319727,80.9145913929751,325
80.48762493874507,80.58532896643987,80.16551429849586,80.48762493874507,205
81.13285530943324,81.16728704335453,81.06177352831715,81.13285530943324,960
81.16045493069828,81.19120769660722,80.94633839676312,81.16045493069828,493
82.1848090595477,82.35917797352252,82.15116570512706,82.1848090595477,970
81.37206292444779,81.38192240949122,81.31749957799222,81.37206292444779,200
81.09367353802611,81.18971939040725,80.87631974511866,81.09367353802611,907
81.10999295637154,81.25316588228577,80.9315270256921,81.10999295637154,981
81.678683505186,81.77955654526212,81.59067175057801,81.678683505186,247
81.8784181914871,81.93825488364986,81.85233948104633,81.8784181914871,992
82.03365456857748,82.0838120900196,81.85270178823167,82.03365456857748,329
81.4700226723004,81.49655902824438,81.28212877484363,81.4700226723004,186
80.89155197368567,80.95596425298133,80.87394194862267,80.89155197368567,622
81.05280430383061,81.14702038464999,81.04209517337213,81.05280430383061,747
80.37075130692143,80.38708024872508,80.31721456801466,80.37075130692143,192
80.10481243177676,80.1837212386401,79.8314322937733,80.10481243177676,903
80.3552710963197,80.35877456889885,80.14175787218811,80.3552710963197,252
79.86410896018131,80.18493316267538,79.72543161942151,79.86410896018131,522
80.66678694136222,80.67306062458216,80.45105308614944,80.66678694136222,453
81.27875511348117,81.29146270451253,81.22378843217152,81.27875511348117,978
80.49304511431201,80.5415643017427,80.44858777957403,80.49304511431201,707
80.02685949272102,80.14560533145817,79.74316248620032,80.02685949272102,673
78.88397087047355,79.12306481380665,78.83619799223762,78.88397087047355,972
78.49267518919947,78.61759651817833,78.24198662458394,78.49267518919947,508
78.87586942748567,78.9305907387925,78.76172969337945,78.87586942748567,186
78.66892195634824,78.70317076588525,78.57074516481609,78.66892195634824,310
78.89932057815622,78.95561259413388,78.8030297569936,78.89932057815622,482
78.13815341901535,78.13936578417007,77.824524077901,78.13815341901535,694
78.5371410463063,78.62699811589347,78.49478562045273,78.5371410463063,838
78.25958643234213,78.4532031501729,77.74703285996989,78.25958643234213,623
78.26567127348359,78.36041760563732,77.95283459301581,78.26567127348359,970
78.21923402278706,78.33985804043229,78.15964171155417,78.21923402278706,252
77.58345976234092,77.61625005851988,77.28850055698457,77.58345976234092,104
77.00691759647103,77.08900964085144,76.83380503119174,77.00691759647103,175
77.49081483097274,77.60817737409336,77.48834644084509,77.49081483097274,510
77.69031090972359,77.93108803659818,77.2004374605743,77.69031090972359,103
78.2153354305003,78.70055255327091,78.13939027263521,78.2153354305003,471
78.37766454825156,78.48321892344065,78.1447028366795,78.37766454825156,182
78.44915986565617,78.5738432973764,78.14932392207602,78.44915986565617,530
77.58615455632278,77.97404726623681,77.42571766847917,77.58615455632278,571
77.4509712079422,77.60895275731298,77.23712942292832,77.4509712079422,461
77.43727904774033,77.49736760950584,77.34338300414187,77.43727904774033,511
78.41383264687661,78.42725592438363,78.17452728954004,78.41383264687661,134
78.75731096292596,78.92383240687373,78.68442559260374,78.75731096292596,341
79.52534155378072,79.70168083917227,79.40611639797136,79.52534155378072,755
79.82411040672808,79.93736454833981,79.7412694064965,79.82411040672808,179
79.46845879325335,79.5713439569057,79.24682137166566,79.46845879325335,174
79.52702090132827,79.73545586274795,79.26927252220433,79.52702090132827,910
79.64513272446038,79.90937947199312,79.31602183388172,79.64513272446038,383
79.17555493957504,79.37285774033587,78.9096507479114,79.17555493957504,826
78.98336125127858,79.0074358770697,78.65696304985606,78.98336125127858,857
78.88047775444,78.92347466170655,78.7423935473673,78.88047775444,337
79.68328767072255,79.84787739589503,79.0949619763698,79.68328767072255,436
78.64291740802706,78.93561802868794,78.52550602033085,78.64291740802706,630
79.24582661838508,79.43834933332741,78.92774371103292,79.24582661838508,685
78.77742900090539,78.78583680830484,78.76553201290595,78.77742900090539,990
78.09138940727058,78.27283633928211,78.08171867622318,78.09138940727058,666
78.68136047228981,78.75854709759292,78.6701833447514,78.68136047228981,182
79.047309506907,79.09467307551436,79.03916429115796,79.047309506907,775
79.67456885809759,79.81722849342171,79.60002679717364,79.67456885809759,417
80.07491983187037,80.22138944780048,79.78374060756238,80.07491983187037,974
81.10484233273908,81.26435545727627,81.08991151834479,81.10484233273908,778
81.38420425121133,81.44324450183187,81.1804193333842,81.38420425121133,727
81.30596556314975,81.42887501067993,80.94323094639071,81.30596556314975,396
81.47742875181042,81.69924864490577,81.42983048634922,81.47742875181042,799
82.0991633159834,82.1201177183197,82.07324132692666,82.0991633159834,866
81.70947565335335,81.81217332610817,81.60939021753558,81.70947565335335,441
81.38353136208767,81.65208088275102,81.08488305019324,81.38353136208767,933
81.22905135478871,81.35994050149897,81.1317920326878,81.22905135478871,964
80.17675995540604,80.30265525482893,80.03822969201597,80.17675995540604,523
80.24579915961482,80.25748362171879,80.08123530650994,80.24579915961482,118
79.30273480763931,79.67104793093623,79.23676500958621,79.30273480763931,922
79.32926446410562,79.55498327760134,79.13514362878195,79.32926446410562,979
79.76190934217324,80.31348006808271,79.50373722086368,79.76190934217324,913
79.52347111185132,79.92029672520285,79.41844216744768,79.52347111185132,103
80.36202904694476,80.4674950628409,80.17107242760575,80.36202904694476,566
79.63177859723551,79.73719283697113,79.50854635113255,79.63177859723551,289
80.22740893805143,80.35492490962693,80.02021970998845,80.22740893805143,380
80.56497746625489,80.59454188431553,80.39528953696407,80.56497746625489,162
79.70696084209955,80.21324685125515,79.6387401365162,79.70696084209955,978
81.06235799161982,81.20375308451393,80.62251996194088,81.06235799161982,880
81.03048534886784,81.08043044627856,81.00310335071717,81.03048534886784,353
80.59174333779002,80.60087190845678,79.98060154796119,80.59174333779002,726
79.88819974039801,79.89236803682556,79.83173046592255,79.88819974039801,953
79.77819072656817,79.87684156180677,79.6843564751683,79.77819072656817,871
79.71448729037319,79.72026759507276,79.55543745689972,79.71448729037319,101
79.76581005464301,80.14062115518925,79.67557299160339,79.76581005464301,166
79.61691197653103,80.05617842343554,79.3971179773672,79.61691197653103,977
79.93352463158857,80.17368479547426,79.82190475710723,79.93352463158857,385
79.73970971525695,79.99669864764792,79.53969162296293,79.73970971525695,231
78.77222765663672,78.84125510273203,78.74415298951443,78.77222765663672,147
78.6975469088119,78.74475374684312,78.54244021995682,78.6975469088119,654
77.51380808212527,77.72957799542706,77.47685635275454,77.51380808212527,704
77.69069339757095,78.12254718463491,77.53439522412393,77.69069339757095,752
77.20104328242964,77.3008449353156,77.18615623632782,77.20104328242964,146
77.28272345988754,77.63485074855504,77.22826230968946,77.28272345988754,330
77.93976095064984,77.99678005381551,77.90931629971388,77.93976095064984,835
77.46538660301584,77.55988678163283,77.05519852705622,77.46538660301584,383
77.9960147322719,78.01195354574844,77.92391768693047,77.9960147322719,648
77.77931994892883,77.90029482873067,77.39243333140539,77.77931994892883,127
78.65591734996163,78.80612202823973,78.45275212101475,78.65591734996163,510
78.47334104336252,78.59727238171516,78.27174986300213,78.47334104336252,572
78.05309455060917,78.14402909879769,77.65730651584981,78.05309455060917,769
78.39671377580682,78.50699344436246,78.25653385156521,78.39671377580682,321
78.178818910995,78.21419892909317,78.0916567996257,78.178818910995,475
77.7580941539305,77.87244187037554,77.65325350168709,77.7580941539305,108
77.5191742285786,77.54294472498276,77.51822947588806,77.5191742285786,512
77.49687096248711,77.5971033765008,77.49330588670045,77.49687096248711,570
78.16796102810953,78.6033169683039,77.98024345349289,78.16796102810953,169
77.20091715537974,77.2797395414539,76.7209474126886,77.20091715537974,441
77.21245748485495,77.27428512232191,76.80255602121824,77.21245748485495,165
77.52490928218197,77.5373394633991,77.33117582664062,77.52490928218197,706
77.62163356967787,77.6514962540522,77.58633243166497,77.62163356967787,792
78.27656615439463,78.7897900315811,78.24479655526277,78.27656615439463,169
78.23939348951536,78.32736414213545,78.05995397906065,78.23939348951536,845
78.14711776842239,78.50500551063786,78.12413832572597,78.14711776842239,360
78.44328254192907,78.44586280104272,78.41259435131066,78.44328254192907,631
78.49293944940474,78.55439741713968,77.96607579980297,78.49293944940474,495
78.2977350802645,78.30111631938253,78.13106726575604,78.2977350802645,457
78.55580710005769,78.62676167378329,78.40688049073789,78.55580710005769,457
78.22954295344937,78.36130700238726,78.09860930843499,78.22954295344937,491
77.9239543774397,77.96973041007129,77.73362381271626,77.9239543774397,475
77.6599573665569,77.74494128703563,77.34435165001267,77.6599573665569,285
78.3364919466401,78.67182210719237,78.31117608529551,78.3364919466401,404
76.72598376864724,76.92723392853378,76.14462895888808,76.72598376864724,163
76.92378318602871,77.3918432292001,76.69404833556116,76.92378318602871,277
76.94091909312883,77.07227316479917,76.58888687809777,76.94091909312883,334
76.10048386350977,76.43572176501017,75.81147039773501,76.10048386350977,964
76.25534725307777,76.41348198106229,76.15789738132474,76.25534725307777,861
76.49322324899354,76.56393647834163,76.43175598609729,76.49322324899354,906
76.78804286467225,76.93453817051987,76.39800870776737,76.78804286467225,139
75.46212883314978,75.56428427153067,75.31399538581995,75.46212883314978,386
76.145323539077,76.16291639457185,76.08628981948384,76.145323539077,358
75.77645518673458,75.95854740722496,75.63257243683434,75.77645518673458,566
76.11973906011117,76.26179323977355,76.0496903931296,76.11973906011117,339
76.49027595045231,76.82415264236184,76.23043106558306,76.49027595045231,602
76.05192740764267,76.32884673258813,75.9435627953884,76.05192740764267,683
76.38215738381844,76.77009567236412,76.31396954770709,76.38215738381844,641
76.18941076336226,76.38967599032217,76.0415045060255,76.18941076336226,450
75.15372217369318,75.17166728895874,74.86982702997263,75.15372217369318,640
75.73759313645708,75.81812677870442,75.5695522206893,75.73759313645708,411
75.35007065494896,75.45147630750716,75.2025261373976,75.35007065494896,698
74.92282392357994,74.94998305163135,74.9117054942696,74.92282392357994,207
74.72129098956158,74.73099016187135,74.65229857606285,74.72129098956158,930
74.85740935222528,75.1084546015522,74.79474117035585,74.85740935222528,129
74.82877414681423,75.22250496689114,74.69580334939373,74.82877414681423,408
75.10280760916781,75.14268359329861,74.88864155712486,75.10280760916781,585
74.43306292590349,74.60218862350136,74.31123434106136,74.43306292590349,145
74.06186974068812,74.17101494881537,73.99430891689568,74.06186974068812,458
74.00387120452736,74.04048936144962,73.88006740849788,74.00387120452736,236
74.95281485085671,75.15883927191607,74.73048938476049,74.95281485085671,874
74.89590858164983,75.13169686207131,74.76286015009991,74.89590858164983,674
75.43851971348064,75.85794515595525,75.39428310791129,75.43851971348064,530
75.4577972978728,75.51832000306206,75.43222389050956,75.4577972978728,655
75.21596797915402,75.38259460589009,75.06509423396757,75.21596797915402,350
75.0926057670968,75.25592648116834,75.00650390917832,75.0926057670968,532
75.00839591108236,75.24406513604373,74.85904746252018,75.00839591108236,946
75.31021878056274,75.52942119013694,75.2352299788508,75.31021878056274,306
75.997524414351,76.15813289456385,75.97615389233441,75.997524414351,545
76.17736483819417,76.50826749436717,75.98710507889486,76.17736483819417,158
76.77090367756504,76.82147969072072,76.61952862447238,76.77090367756504,305
76.28850880875021,76.7768502061307,76.10324131528748,76.28850880875021,430
76.08119355434319,76.3232067409783,76.07693747831173,76.08119355434319,695
75.71904228723935,75.78031856007182,75.70825419865213,75.71904228723935,624
75.87626458267677,76.24614618385245,75.83484555415332,75.87626458267677,848
75.69678539008706,75.76012208767975,75.61892144548999,75.69678539008706,257
76.06167185860416,76.16587263792513,75.89725651961183,76.06167185860416,203
75.59617100278794,75.67698083609453,75.27278371531392,75.59617100278794,458
75.61768648944859,75.97736948528156,75.33692554288052,75.61768648944859,951
75.96111544495471,76.1316690174687,75.86277075210326,75.96111544495471,464
74.92846405743441,74.9378080814874,74.90284163841092,74.92846405743441,654
75.98927971109951,76.1291935668152,75.96243423431272,75.98927971109951,278
75.84770376865957,76.15614234749701,75.62858290121382,75.84770376865957,457
74.83518381182148,75.01228928628267,74.44854496751795,74.83518381182148,363
74.91423076110988,75.00688467493939,74.88226127719214,74.91423076110988,854
74.93095249509645,74.98768818503622,74.89955196140507,74.93095249509645,648
74.8900053053102,74.97536334396193,74.66531390387831,74.8900053053102,973
75.38560086177353,75.52269543231121,75.09688317189097,75.38560086177353,452
75.75932334748705,75.96046236495069,75.40452836155823,75.75932334748705,957
75.90826144299898,75.91579091743284,75.74909245109428,75.90826144299898,463
76.1333392599723,76.36558154045463,75.71516830050967,76.1333392599723,349
76.08116003525326,76.40277546234397,75.86539404450524,76.08116003525326,219
76.96890545987328,77.12799200123477,76.8842862110746,76.96890545987328,291
76.2293074506944,76.23514233604803,76.17897934775745,76.2293074506944,906
76.29913328780235,76.35309007368234,76.07725649165019,76.29913328780235,161
76.33164560339674,76.33396437526181,76.11741438791609,76.33164560339674,309
76.73828580642903,76.94347447436891,76.57428959535612,76.73828580642903,906
76.31635886771659,76.3212883433587,75.92960021165624,76.31635886771659,151
75.44452256651832,75.71148793003601,75.28965182751428,75.44452256651832,821
75.52293407456742,75.54774951978803,75.36086581730557,75.52293407456742,412
75.66354932067672,75.99077034279598,75.66041019802155,75.66354932067672,378
76.40834902540054,76.57292086995722,76.2078337452856,76.40834902540054,487
75.773168002238,75.9577918390853,75.49899785113811,75.773168002238,301
76.35051488559635,76.36500069952481,76.34468561529825,76.35051488559635,238
77.53422206760992,77.70109732996086,77.45737458035565,77.53422206760992,951
77.34533962384867,77.35784237748412,77.16456957463994,77.34533962384867,118
76.69986851410206,76.90809007740698,76.36319384550056,76.69986851410206,420
76.49638133091538,76.62698291857737,76.46315121885551,76.49638133091538,194
76.50338381460108,77.00021263075014,76.48732682422745,76.50338381460108,229
76.78527775210453,77.02377323260605,76.70390713765188,76.78527775210453,204
76.48958038718551,76.53038046340104,76.24973058750277,76.48958038718551,296
77.26717965425918,77.40260964908583,77.22726086964255,77.26717965425918,359
76.70991349675515,76.75040213159181,76.55772658127242,76.70991349675515,138
75.84031092066876,76.06581177008606,75.76951929267298,75.84031092066876,600
76.39366613281241,76.65482144846992,76.34958425616921,76.39366613281241,916
75.25635561720931,75.45815391259563,75.0704619049494,75.25635561720931,230
75.15429073277295,75.20250157569174,75.08522749385787,75.15429073277295,253
76.71313129737698,76.76791844476324,76.52093548520753,76.71313129737698,652
76.707109520897,76.95529735837397,76.50926724413513,76.707109520897,420
76.14672569554888,76.31599598079009,76.11696034974256,76.14672569554888,221
76.11802696365548,76.41064721390542,75.93653538317795,76.11802696365548,855
76.09262656934571,76.14135057364368,75.76474245964442,76.09262656934571,856
76.17295153952227,76.20647784461994,75.81750884800611,76.17295153952227,243
76.50408303060209,76.72668317042982,76.49895106078235,76.50408303060209,285
75.98452744641823,76.19073599417476,75.88659791398322,75.98452744641823,646
76.82830147403662,77.09202303967223,76.76916764703766,76.82830147403662,310
76.95085861622293,77.17443748396697,76.74899319521619,76.95085861622293,499
77.31425563942383,77.47107794623508,77.18314884412554,77.31425563942383,132
77.00018093954601,77.2229974267731,76.80308090282995,77.00018093954601,258
77.64337200804378,77.76170117111228,77.44041367030563,77.64337200804378,505
77.51484580363726,77.81913239982012,77.45235483240691,77.51484580363726,928
77.65362206038402,77.76014135790683,77.45552097549952,77.65362206038402,463
77.18706902179046,77.29651270984365,77.15838551119992,77.18706902179046,803
76.6886032085894,77.04656136265108,76.37301659467575,76.6886032085894,262
77.03270586181584,77.09194277261354,76.82327157875258,77.03270586181584,863
76.81090244671215,76.84295430404048,76.67259927553908,76.81090244671215,650
76.38399090295997,76.45783968128312,76.31426188477654,76.38399090295997,230
76.06239923194644,76.38056629873184,76.03880777130578,76.06239923194644,195
76.41187576780516,76.48358665978311,76.1987921599748,76.41187576780516,752
76.09735683720335,76.1790567408346,75.85691502767936,76.09735683720335,369
76.03852937140226,76.19734611272335,75.95568084022187,76.03852937140226,780
76.0460432465458,76.06073785745865,75.94146868387102,76.0460432465458,466
75.08736880354066,75.28289817097162,75.01628829623509,75.08736880354066,886
74.3518056008539,74.55758108918968,74.19722796519949,74.3518056008539,464
74.51994454547767,74.88161295628252,74.22389105409792,74.51994454547767,533
74.15142986490132,74.17933267056793,74.15032259306807,74.15142986490132,710
74.67979232054152,74.80181902955911,74.50592649973228,74.67979232054152,160
75.16319587266679,75.23161975668872,74.79223858237462,75.16319587266679,422
75.52278020584451,75.66623680044765,75.50990171755659,75.52278020584451,828
76.4326660995008,76.56471784084212,76.18950921134416,76.4326660995008,688
76.39112143562922,76.56832931330639,76.2628080549193,76.39112143562922,307
76.71556239858114,76.7200393298805,76.21455548068484,76.71556239858114,447
76.42336191028312,76.55373022467919,76.14481508653212,76.42336191028312,144
77.64954686671749,77.7421294226161,77.57838104123678,77.64954686671749,446
78.6413636929355,78.7763714952194,78.47992532012832,78.6413636929355,813
78.6473039101944,78.88680281350727,78.58165050110297,78.6473039101944,821
78.84059702514699,78.8579359394441,78.63213497860954,78.84059702514699,939
79.52024582482939,79.66884490701722,79.29279691905313,79.52024582482939,746
79.44667607242233,79.75249627375699,79.14461023845959,79.44667607242233,468
79.11836403702249,79.34186814677741,78.75663143135712,79.11836403702249,633
79.55535891252593,79.77938479379215,79.43694617806943,79.55535891252593,457
79.59457853556776,79.63311452153766,79.38110759358453,79.59457853556776,594
79.6860757603904,79.8448627845725,79.61486767159278,79.6860757603904,159
79.26894008885641,79.31165940376927,78.98617383051435,79.26894008885641,397
78.41010401467472,78.6519689082304,78.22447763590476,78.41010401467472,158
78.52817521961427,78.58872397811528,78.21795525977488,78.52817521961427,523
78.98065624036137,79.03192843710906,78.69529723379654,78.98065624036137,330
78.86775286582335,78.98449873812771,78.41155299820838,78.86775286582335,896
79.58596762560278,79.61156702064545,79.47169519042042,79.58596762560278,794
79.234009462895,79.38630057424777,78.91784648163636,79.234009462895,547
78.70665723541204,78.83795845204709,78.64554447648347,78.70665723541204,712
78.67304208181397,78.93569653926443,78.51306136351374,78.67304208181397,725
78.63174579413833,78.92350962130962,78.35273916611419,78.63174579413833,467
79.01673015980593,79.06301377204693,78.73873939626974,79.01673015980593,653
78.62924874777394,78.67835438218518,78.51237564161535,78.62924874777394,128
79.31329586618139,79.42500749683771,79.14181824620157,79.31329586618139,376
80.29675434743552,80.41489195640436,80.2805119454853,80.29675434743552,708
80.27718233395136,80.55897919394171,80.01708640974456,80.27718233395136,802
80.90203754404352,81.06685486015238,80.85418470892141,80.90203754404352,478
80.3737890087309,80.43441977440615,80.20962967827539,80.3737890087309,930
80.91139977932185,81.03845205623358,80.69485782461327,80.91139977932185,137
81.43503798360159,81.58497137379076,81.32101550035796,81.43503798360159,306
81.86675662369653,81.9335672401079,81.51830482980053,81.86675662369653,805
81.85897507926138,82.11872341658348,81.57879212402753,81.85897507926138,751
80.38185060864036,80.72630408683777,80.34517700797399,80.38185060864036,388
80.0609870368143,80.35821730184297,80.05516005873028,80.0609870368143,592
79.748029027972,79.83836906816718,79.52915007098275,79.748029027972,868
79.25890155894176,79.30358124221017,79.08458625848213,79.25890155894176,324
79.3200230612153,79.35944465880277,79.16765235241321,79.3200230612153,551
79.11054133845468,79.26215447968947,79.02058501724945,79.11054133845468,127
78.69823533357217,79.04980071347256,78.4756442835603,78.69823533357217,801
78.16883525944826,78.2829146073676,77.8759448484233,78.16883525944826,856
77.81107876670565,78.03459597523032,77.69536025972258,77.81107876670565,433
78.37182837263062,78.68135652734968,78.29339151062229,78.37182837263062,472
78.04131584531687,78.39874356283376,77.88915000301238,78.04131584531687,926
77.78384649210024,77.98555265375077,77.52752540380105,77.78384649210024,660
77.55549768458862,77.60486926309079,77.40060272560348,77.55549768458862,400
77.72499444149332,78.03708113505432,77.55230254623227,77.72499444149332,303
77.95311918575759,78.1755489983189,77.53752693412316,77.95311918575759,478
76.430790916136,76.60217197023702,76.369393867751,76.430790916136,214
76.94160852304981,77.05656716849288,76.74869322411581,76.94160852304981,119
77.65979254017168,77.91571536400723,77.42615079293064,77.65979254017168,696
77.13469927149085,77.42455775717161,77.11636499492329,77.13469927149085,495
76.64855014912342,76.67118427878144,76.54465726100072,76.64855014912342,864
76.42342345523429,76.51355709074788,76.33485275646659,76.42342345523429,151
76.04542144550598,76.49734185105447,75.97166218391432,76.04542144550598,759
76.15738488247928,76.30161724689611,76.03760233867017,76.15738488247928,285
75.18412223929984,75.23538716989361,75.14797346031419,75.18412223929984,784
74.62515843528146,74.89786762460939,74.33257279380327,74.62515843528146,452
75.39475703536891,75.45514316236951,75.29336592828821,75.39475703536891,213
74.9306470516949,75.03177116887875,74.87369773958416,74.9306470516949,613
75.55236119074637,75.56839314284387,75.26241150057528,75.55236119074637,645
75.73003028854144,75.93776114600539,75.45408324632413,75.73003028854144,381
74.82539643124731,75.22383354451716,74.71862889129771,74.82539643124731,772
75.14306102885541,75.20066717674325,74.86699136465992,75.14306102885541,269
75.08422737775899,75.36083885747531,74.92078234496456,75.08422737775899,705
74.85649384963412,74.95886752985282,74.74368344128489,74.85649384963412,859
74.97897239622012,75.2881941083064,74.86601970845999,74.97897239622012,420
75.2162891390035,75.49923790287546,75.15767910123982,75.2162891390035,465
75.57008504999082,75.58319087308861,75.37481469977917,75.57008504999082,619
76.15921147376483,76.27291933474262,75.93358412434044,76.15921147376483,932
76.36327943015401,76.42075120498393,76.15411873988042,76.36327943015401,209
75.67546238576082,76.20838528416111,75.5515989238409,75.67546238576082,643
75.43863965693522,75.81352454632187,75.42979130185645,75.43863965693522,662
76.91016382456954,76.93524201893088,76.72267432153923,76.91016382456954,779
77.2724093547604,77.39404006508448,77.2172198101996,77.2724093547604,677
78.45705300516614,78.48046121228239,78.31215523288951,78.45705300516614,642
79.15477004626574,79.20353543158909,78.9167481171418,79.15477004626574,423
79.27567108204362,79.52434282956548,79.21216253063982,79.27567108204362,111
79.42637461693417,79.44238287077722,79.28956308881789,79.42637461693417,898
79.40808459699575,79.6725654619581,79.32453612358744,79.40808459699575,122
78.5391822890725,78.8990536253158,78.39189669231945,78.5391822890725,260
78.54820591530661,78.71352270833405,78.14377094354089,78.54820591530661,363
79.15354319157771,79.42850278558866,79.1527235040876,79.15354319157771,801
78.8537231941671,78.96583466318597,78.82216893191637,78.8537231941671,479
79.05969969369801,79.39853484533621,78.91545588412562,79.05969969369801,852
79.48549521664461,79.62356262913428,79.24242302012321,79.48549521664461,179
79.03065499698837,79.11887152936046,78.81134554373114,79.03065499698837,370
78.80500356481654,78.86635810174927,78.68343433865897,78.80500356481654,524
78.29604781957796,78.35744709101048,77.93004456235494,78.29604781957796,715
77.88496501623327,78.00842483018488,77.82243327023035,77.88496501623327,535
77.24116237440674,77.38087747057915,77.0336343714541,77.24116237440674,177
76.79093814371772,76.96069923526402,76.29157852029391,76.79093814371772,623
77.50066598411665,77.51355042403209,77.26563936889946,77.50066598411665,894
77.04292746957151,77.31492111230597,76.98420603777198,77.04292746957151,210
77.10615707910185,77.18679111242872,76.70000047947687,77.10615707910185,551
76.85472270226637,76.9391255741485,76.7345458124981,76.85472270226637,513
77.44415567078484,77.48749867306212,77.38156404569759,77.44415567078484,359
78.09973681908664,78.4731830765228,77.90157128911467,78.09973681908664,921
78.53177181015612,78.84455766313624,78.52858008418322,78.53177181015612,450
78.6848390867075,79.12829582875821,78.52354364072288,78.6848390867075,807
78.56930931828705,78.71547629822659,78.14869941491305,78.56930931828705,951
77.97337196619142,78.1154568730097,77.7186741629445,77.97337196619142,283
78.94513640675252,79.15630533423929,78.87811874690786,78.94513640675252,757
78.56529989787624,78.76149408158146,78.56055517254975,78.56529989787624,274
78.89712307139267,79.0873273386283,78.88540078707236,78.89712307139267,811
79.42690585770437,79.51941544226392,79.24904690061723,79.42690585770437,799
79.1492656092517,79.22467779117738,79.05382336012062,79.1492656092517,717
79.66827187290968,79.8245576568028,79.52894490479547,79.66827187290968,485
80.05037847457912,80.1354170652337,79.77240332801824,80.05037847457912,988
80.91436039227,80.99015720708164,80.88539562131012,80.91436039227,684
80.67968715905664,80.84164301356893,80.61825865720905,80.67968715905664,371
80.03675515041678,80.30573250657302,79.74434077408303,80.03675515041678,825
79.78401027269453,80.21255424197425,79.74913114521895,79.78401027269453,285
79.8884370439617,79.97509387868728,79.7546262570185,79.8884370439617,751
79.91754340750423,80.10371806531737,79.74704315231322,79.91754340750423,266
79.72082445936695,79.77193639916432,79.60816490019403,79.72082445936695,242
78.76622572987833,78.93768403070293,78.60190539535023,78.76622572987833,592
79.00146722794288,79.40472609002751,78.93176928738905,79.00146722794288,171
79.98763946748399,80.05073882914868,79.92135017556231,79.98763946748399,443
80.2197650865455,80.35053798747397,79.97427286808959,80.2197650865455,598
80.52433284607226,80.7944923305944,80.48368447129657,80.52433284607226,246
80.8105554991498,80.98296701725911,80.66519900343776,80.8105554991498,712
81.009078834091,81.03138261339215,80.91042448986498,81.009078834091,600
81.47491181752504,82.08917915784625,81.40795175929715,81.47491181752504,437
81.67259865811788,82.10804587189722,81.41192647753195,81.67259865811788,184
81.51626007329124,81.79008294682619,81.44404472024111,81.51626007329124,916
81.11826561828686,81.19709723759208,81.0952346575193,81.11826561828686,990
80.99377879064652,81.31720913353452,80.72111753939899,80.99377879064652,906
81.15084353887185,81.25623456758485,80.99773192088985,81.15084353887185,945
80.99280205831036,81.04829790657786,80.92591347991079,80.99280205831036,242
81.14997139987608,81.35746473378909,80.93780353808573,81.14997139987608,990
81.36954646672629,81.71393932435272,81.10515173122192,81.36954646672629,410
81.78613618236139,82.07051480010226,81.61853477831309,81.78613618236139,468
82.42753366678087,82.62061007092177,82.27017394835742,82.42753366678087,806
82.4665373760203,82.69257031447353,82.429170128514,82.4665373760203,795
81.81264909344647,81.89090608487064,81.80647870374438,81.81264909344647,912
81.64009704503687,81.77101764922267,81.34286431604383,81.64009704503687,540
81.66212832874017,81.70451044743567,81.21000826935465,81.66212832874017,166
80.74424395065162,80.88621248254057,80.705002971287,80.74424395065162,833
81.43857621070286,81.44599467909015,81.22250014338978,81.43857621070286,873
81.50976516695809,81.65569674341691,81.11748108513149,81.50976516695809,937
81.70044158424824,81.90604039889173,81.4614952374967,81.70044158424824,633
82.38320481551138,82.47902864106793,82.37975730851076,82.38320481551138,440
82.0681334004402,82.19387951009213,81.92306397459892,82.0681334004402,777
82.35515436588221,82.39267376590054,82.17583164791718,82.35515436588221,201
82.30022230433124,82.57375256511844,82.25745313474297,82.30022230433124,413
82.20817887082329,82.26026498812232,82.1432311998791,82.20817887082329,209
81.8220826769211,81.88263758594621,81.75802648681989,81.8220826769211,531
82.65488428376436,82.7869820802335,82.63518540253845,82.65488428376436,441
82.46713426372658,82.49361938071524,82.38343855673803,82.46713426372658,927
82.81686638717443,82.83382593297966,82.64661564766159,82.81686638717443,278
81.87936269343847,82.38345038756228,81.68152571664326,81.87936269343847,778
82.46935695828336,82.47269843523095,82.34453794820557,82.46935695828336,233
82.99546253626188,83.36090172375613,82.91875721299265,82.99546253626188,129
83.04417959141054,83.28836970561031,82.95829857539248,83.04417959141054,974
82.93070835834158,83.19777286609268,82.86696010911012,82.93070835834158,572
83.13070836114836,83.33922499185513,82.95202074867916,83.13070836114836,484
84.27510369158851,84.38487446351496,84.12410730276636,84.27510369158851,697
83.39348534213677,83.49078386524587,83.2859512741691,83.39348534213677,108
83.78449903592383,83.91735407677525,83.74890406908638,83.78449903592383,235
83.32869038484688,83.37316794767382,83.24242701473058,83.32869038484688,389
83.31873118669701,83.6989460724606,83.23738504859273,83.31873118669701,747
83.19479112715767,83.21145005466704,83.15443170655735,83.19479112715767,751
82.98063199825879,83.04428304757548,82.73426561003323,82.98063199825879,142
82.97539943373242,83.04111273698301,82.96754574401302,82.97539943373242,204
82.40831386109352,82.42049105647486,82.22989345300412,82.40831386109352,923
82.9229040791575,82.96096610423692,82.7476298411907,82.9229040791575,130
82.0258323235582,82.17875224308533,81.94966196930291,82.0258323235582,781
82.29571457997238,82.61069057746494,82.08289792542728,82.29571457997238,772
82.1324466537051,82.18131006143304,81.75126574279922,82.1324466537051,886
81.54698420680137,81.84865142641291,81.4837426997488,81.54698420680137,864
81.64817589210071,81.9315081537603,81.50987295081427,81.64817589210071,318
80.86970034874747,81.03988773430262,80.4171383562093,80.86970034874747,212
80.88955725960729,80.99692219639842,80.63792791397088,80.88955725960729,831
80.17811880570152,80.50904575538193,80.15989459983481,80.17811880570152,794
80.40875484786044,80.79232444818177,80.20740823535675,80.40875484786044,359
79.94657618104524,79.97239217865462,79.53873577210075,79.94657618104524,111
79.7210791725306,79.91496566118826,79.60150323507128,79.7210791725306,570
79.86805386650218,79.92211233002708,79.67488753713056,79.86805386650218,439
79.48178281058107,80.10112191333548,79.47597752934895,79.48178281058107,971
79.45280081074692,79.76667207929196,79.2521592067742,79.45280081074692,345
78.6958855601245,78.78999338803038,78.59212350368952,78.6958855601245,349
79.01132336192258,79.29386159242111,78.9604472659973,79.01132336192258,669
79.89378026469797,79.91873303727344,79.76619719701617,79.89378026469797,608
81.28988469865294,81.53042290443192,81.1556463003075,81.28988469865294,403
81.33546877198616,81.35721897655289,81.19318577814524,81.33546877198616,987
81.72957084238475,82.1195898743885,81.72857458159683,81.72957084238475,991
80.839258005931,80.96278213894793,80.4741309885276,80.839258005931,612
81.5906251690838,81.83509422037739,81.24766818235061,81.5906251690838,460
81.97873942144585,82.05552814585855,81.93620485010794,81.97873942144585,814
81.73677269897024,81.76379870038538,81.19491736927604,81.73677269897024,143
82.35536309911474,82.388044545261,82.2248559598443,82.35536309911474,418
82.22812506079207,82.26430719583708,82.18613404544566,82.22812506079207,706
81.99911246928478,82.00674638667807,81.90954809398518,81.99911246928478,588
82.23677993199853,82.39040332248466,81.83292282858281,82.23677993199853,393
81.70510268208336,81.95171050877356,81.49987420143617,81.70510268208336,608
82.21591506428334,82.37872930878177,81.70252681677744,82.21591506428334,620
81.68792015831991,81.74978585687477,81.27007346355124,81.68792015831991,873
81.16289276340832,81.34321665319327,81.10541096144318,81.16289276340832,425
80.70804786920415,80.99238167881596,80.68698024464585,80.70804786920415,352
81.08779788796221,81.48194214433133,80.91275216212959,81.08779788796221,407
80.77941020720236,80.82467339778205,80.35821507236925,80.77941020720236,422
80.10541231501878,80.20468159723288,80.02883589049966,80.10541231501878,707
79.80257231505088,79.9470323526416,79.37421395020777,79.80257231505088,966
79.78655112971063,79.90228134053473,79.7524646343337,79.78655112971063,741
79.19606488787844,79.34810335222662,79.10578012411919,79.19606488787844,135
78.62022433336126,78.79360938123016,78.55457722012922,78.62022433336126,716
79.67587250041106,79.81457166453198,79.43181254381004,79.67587250041106,810
79.24558979850411,79.48168949590364,79.16112558688208,79.24558979850411,390
79.08406861411761,79.13717318640428,78.9204112623653,79.08406861411761,987
78.90045011371797,79.08151734722094,78.65429079246668,78.90045011371797,641
78.68977170983274,78.98082950501298,78.63287088890246,78.68977170983274,704
79.0004450798173,79.17448071476664,78.87309635522953,79.0004450798173,588
79.47451655505333,79.57848159948803,79.45692424332974,79.47451655505333,335
79.32153933928753,79.35922735537167,79.25832338940677,79.32153933928753,484
78.70330019599135,79.00491537195155,78.47687345749995,78.70330019599135,460
79.3405203099158,79.4889082006671,79.16478669088147,79.3405203099158,806
79.29284976431747,79.44406734045647,78.94658657715526,79.29284976431747,355
80.15801067174606,80.67546496291511,79.88655390780374,80.15801067174606,967
79.03521772296348,79.43046093584154,78.83638411370322,79.03521772296348,458
79.13291933360514,79.17314089266303,78.9390078649419,79.13291933360514,642
80.09222250054324,80.17467862017195,80.0126536174391,80.09222250054324,124
79.91559043282416,80.03881046347202,79.85663293217455,79.91559043282416,914
79.80284372115685,79.97274811855567,79.6379949102062,79.80284372115685,100
79.95059956695202,80.12394610108409,79.9044464259287,79.95059956695202,457
79.67120165750954,79.70197118955286,79.11833195428612,79.67120165750954,217
79.51516569148318,79.61958007238285,79.13554228831947,79.51516569148318,578
79.34625814438748,79.59014436097843,79.28321610830633,79.34625814438748,776
79.03254777717429,79.1678206777814,78.94212085935528,79.03254777717429,558
79.64697605227457,79.71735081153187,79.02051082211287,79.64697605227457,212
79.87751506842278,80.06665287592222,79.66174487615706,79.87751506842278,294
80.00282918447444,80.20843691629301,79.99182447489076,80.00282918447444,751
80.40711468791949,80.4208646992722,80.4026249039784,80.40711468791949,119
80.27493677131775,80.63944364005508,80.27446919175485,80.27493677131775,385
79.8878348621413,80.10542155386712,79.5400925180352,79.8878348621413,557
79.58652270983403,79.66294896501219,79.48720222789883,79.58652270983403,842
79.58741423038633,79.78555373229358,79.39334421210786,79.58741423038633,547
79.05780837619987,79.16672296256463,78.77061055136606,79.05780837619987,690
78.80767786790653,78.90629514831612,78.5164848594196,78.80767786790653,739
78.54961954697082,78.6654567752002,78.53772636149573,78.54961954697082,184
79.61189766188532,79.77646607652859,79.16867353249495,79.61189766188532,675
78.22499019191837,78.26812274941558,77.79411345065022,78.22499019191837,373
78.13518033121555,78.22231695360045,77.96730993955703,78.13518033121555,899
78.99802722762294,79.24622034737065,78.85838521115554,78.99802722762294,502
79.05894945968917,79.12291407221198,78.76580417709128,79.05894945968917,352
79.43565819639971,79.74342765449359,79.42753982914734,79.43565819639971,705
79.4855713539496,79.66782381055717,79.22708997376728,79.4855713539496,900
79.15190466334136,79.25659514930825,79.07594734440602,79.15190466334136,761
78.0309466960869,78.28957631109115,77.90972965951083,78.0309466960869,464
78.13367453960505,78.18644774378564,77.98857947622128,78.13367453960505,768
77.74587123730386,77.82480717903596,77.58717662348414,77.74587123730386,827
77.3457035342212,77.40138067328537,76.98153350643763,77.3457035342212,359
77.09620990623165,77.3186752711097,77.02905910746139,77.09620990623165,533
77.9686406095434,78.05964962839184,77.91622392660337,77.9686406095434,711
79.17105938067039,79.53553794718067,79.01559680321321,79.17105938067039,221
79.27966334943459,79.49696946101434,79.2366796920063,79.27966334943459,743
79.04727973747872,79.15191174415915,78.64204054203992,79.04727973747872,616
78.45866652875311,78.66388014530135,78.4234610014176,78.45866652875311,844
78.69293660952614,78.72888311232816,78.49457126665853,78.69293660952614,778
79.58438940955871,79.59872223750888,79.5195675929589,79.58438940955871,668
79.46071921604613,79.60004551628968,79.27902520918585,79.46071921604613,642
78.27122119566951,78.39868780392395,78.12768216163218,78.27122119566951,618
78.60624603157727,78.64015411362092,78.5884164340132,78.60624603157727,111
79.09894588730229,79.12301587037773,78.93253727811637,79.09894588730229,109
78.30602306710936,78.45011444612457,78.23543575874042,78.30602306710936,256
78.39426515894084,78.56598240406684,78.23566249358281,78.39426515894084,824
78.61987816700889,78.95898133085886,78.40501059147348,78.61987816700889,240
78.58332451600442,78.99275789303712,78.40908652524749,78.58332451600442,738
78.18793905646174,78.47902095289615,78.06287380380265,78.18793905646174,809
78.69590766824352,78.70494477392856,78.43958544593835,78.69590766824352,236
78.49421779525917,78.6947337581135,78.41729882757615,78.49421779525917,790
77.75162471390921,77.82439280076773,77.52042582317475,77.75162471390921,699
76.72688747107436,76.79609435325652,76.64736410426373,76.72688747107436,499
77.35731223107402,77.46816312627932,77.18692347539476,77.35731223107402,542
77.66564421930958,77.82745507712714,77.49829308108907,77.66564421930958,541
77.70963099287417,77.77539715819161,77.66677094646342,77.70963099287417,366
77.48949367444877,77.69645350055401,77.20787741244386,77.48949367444877,775
77.2249944673472,77.44188859206295,76.88273436428511,77.2249944673472,860
76.68712614312639,76.68819225779161,76.28432647880949,76.68712614312639,612
76.47139832084645,76.6385923057009,76.40044795692067,76.47139832084645,376
75.41135471328636,75.61035822920954,75.22501299444643,75.41135471328636,783
75.0433228865521,75.13548065620438,74.90838280351166,75.0433228865521,455
74.88785412837656,74.96653261596771,74.50306493919058,74.88785412837656,873
75.19279415197177,75.37213570764551,75.06181113223427,75.19279415197177,753
75.17283092028508,75.30670416810884,74.58057418089481,75.17283092028508,192
75.57029247722286,75.92057429197264,75.2947044419111,75.57029247722286,740
76.24486002977957,76.2617942092795,75.98462320327386,76.24486002977957,235
76.77394507669162,77.08187021553282,76.59532223036854,76.77394507669162,210
77.0092000003809,77.24813669398421,76.98495106132172,77.0092000003809,143
77.01513133997129,77.02386006734721,76.80974686491464,77.01513133997129,990
76.52473733576451,76.55270239002972,76.3744047849035,76.52473733576451,310
76.89470936145418,77.2886406984444,76.77061265666872,76.89470936145418,442
77.73458305256494,77.94228292008779,77.48674867594218,77.73458305256494,458
77.90563607239015,77.91352851225093,77.67899686979614,77.90563607239015,460
78.86426564660322,79.07614992801963,78.7845578960052,78.86426564660322,430
78.10147979257268,78.20001076321536,78.04059117840481,78.10147979257268,510
77.5243981001829,77.86119250619677,77.32239495673865,77.5243981001829,858
77.95199885405704,78.17926609868823,77.77187090446141,77.95199885405704,607
78.08414395913367,78.20155244394724,77.94008796230949,78.08414395913367,331
78.74103504741957,78.81961651922245,78.62470102416377,78.74103504741957,903
78.73329922705621,78.73813351232785,78.57302036229953,78.73329922705621,269
78.29931151579204,78.40319884043039,78.01356662236672,78.29931151579204,503
78.19251489468952,78.42451897107819,78.09869082371657,78.19251489468952,333
77.42617290922766,77.75743741078837,77.4001000972353,77.42617290922766,619
76.86187757267915,77.24684667170385,76.74686989132992,76.86187757267915,401
77.34809957163816,77.35752051119002,77.29461701046044,77.34809957163816,199
77.78449327887296,78.26911450499567,77.72953975999786,77.78449327887296,352
77.96599542127599,78.04580100758598,77.61117335882024,77.96599542127599,407
77.10545666079575,77.18554305956701,76.92677346945788,77.10545666079575,893
76.92625487303931,77.21263268579422,76.88396308402896,76.92625487303931,902
76.31375492870929,76.40555582075388,76.15834707543563,76.31375492870929,799
76.90202155560317,77.17833136737906,76.33885945670771,76.90202155560317,486
76.61016048882188,76.93250390194565,76.60074014724317,76.61016048882188,222
76.0672866334311,76.47945194621163,75.89611033215557,76.0672866334311,231
76.0821847159918,76.18798964611956,75.78191221502776,76.0821847159918,335
75.7621074875745,75.7992548402582,75.63926410447773,75.7621074875745,320
76.50397944267635,76.72653225834057,76.45713236051424,76.50397944267635,161
76.13657399390925,76.32624184977509,76.05018740004105,76.13657399390925,931
75.43695986429694,75.59327183614185,75.35751820227061,75.43695986429694,789
74.36050310641818,74.45875571195045,74.17486598054256,74.36050310641818,831
74.34510985521148,74.4050139390947,74.32516478567432,74.34510985521148,502
74.06414479828251,74.27695398373163,73.94847212088503,74.06414479828251,270
73.34969249502664,73.3854089489295,72.8963945640303,73.34969249502664,575
73.94430572565454,74.2247476435552,73.65031617441637,73.94430572565454,693
74.27792829936917,74.36357917887254,74.0653188025726,74.27792829936917,113
74.26381935990055,74.28992781838622,73.96575715546972,74.26381935990055,369
74.94598248198598,74.98895542387875,74.77315105952917,74.94598248198598,153
75.27725049868529,75.3550775178806,75.2397171636569,75.27725049868529,512
74.86582254792607,75.26505301187706,74.62113052002285,74.86582254792607,230
74.34621246593069,74.5086438920375,74.2817334469053,74.34621246593069,709
74.75520323815762,74.7973884705504,74.75385970494996,74.75520323815762,812
74.9533867163913,74.97639182965986,74.90662985712399,74.9533867163913,971
75.03826060037662,75.24001310180324,74.67713394205211,75.03826060037662,872
74.61501169894217,74.8356464867009,74.4615310445086,74.61501169894217,832
74.91898548244505,74.92538924334247,74.8443183747044,74.91898548244505,616
74.54123604087808,74.59936933950068,74.31335836919676,74.54123604087808,728
74.49024271358124,74.55594966436402,74.38014409031882,74.49024271358124,400
75.21371478677473,75.66814311788885,75.20555341080194,75.21371478677473,803
74.88329766886966,75.20109558936521,74.56309917993458,74.88329766886966,526
74.09680304033323,74.21781577847763,73.80494087766247,74.09680304033323,215
73.57052944439818,73.68284917967355,73.34778109795155,73.57052944439818,335
74.06767885774198,74.30753534213481,73.93725833402854,74.06767885774198,662
74.19504442643209,74.34496094070681,74.11368318890591,74.19504442643209,112
74.13060573708772,74.13102942129122,73.82009592405836,74.13060573708772,317
73.87605883443193,73.9189977439093,73.71505663616898,73.87605883443193,428
74.11873878820853,74.36996984311001,73.9361064769432,74.11873878820853,167
73.69418636271342,73.70309533556238,73.48188240546214,73.69418636271342,842
73.84701914703473,74.37235609823445,73.64815647069311,73.84701914703473,936
73.48139186262826,73.51398312478942,73.24269274541042,73.48139186262826,490
73.03256216999073,73.04519890375228,72.92629019367536,73.03256216999073,191
72.71381845257822,72.76220144944253,72.37599982636274,72.71381845257822,203
72.52611472933624,72.8389350820321,72.44378126369307,72.52611472933624,689
72.50169981136939,72.54666315870769,72.34426750776576,72.50169981136939,525
72.61942770892495,72.82771396289786,72.38761840041907,72.61942770892495,713
70.77524506321072,70.93773902966919,70.64391615830328,70.77524506321072,872
70.37141978433733,70.51500606150186,70.08751147518316,70.37141978433733,403
70.17563479565932,70.57845754033127,69.77967052253918,70.17563479565932,478
70.92816581496349,70.93843756672403,70.78280102292732,70.92816581496349,837
70.38816451077243,70.55158360250047,70.10127547684553,70.38816451077243,447
70.46956281982239,70.50729690932438,70.41880560467256,70.46956281982239,274
71.2170779746903,71.40488380619013,71.1077678383194,71.2170779746903,491
70.56059370971666,70.6847932228912,70.21842397846738,70.56059370971666,504
70.75758132264886,71.30620389714161,70.71862464882594,70.75758132264886,187
70.3564454056816,70.49951291950053,70.34329166097015,70.3564454056816,729
70.10412853453698,70.15457483052084,69.76533708924892,70.10412853453698,891
69.70257311756032,70.01235670824396,69.63185615495468,69.70257311756032,752
69.33664446335237,69.63387631075608,69.20583894148339,69.33664446335237,724
70.69760053730562,71.0876161226105,70.5344988924782,70.69760053730562,348
71.11982847334146,71.12049999734946,70.97745724246563,71.11982847334146,465
71.67069740423456,71.9676015574043,71.64177709661013,71.67069740423456,188
71.9166941476528,72.49482274573263,71.65286242731037,71.9166941476528,976
71.11356575345182,71.25432493020199,71.07648633577652,71.11356575345182,920
71.31104473861348,71.38461739735277,71.29742524117286,71.31104473861348,831
71.84750954586715,72.04935017635464,71.65390549092253,71.84750954586715,555
71.4208098088476,71.86455848035376,71.24935850151525,71.4208098088476,514
71.90347314242815,72.04922145972131,71.79316954073424,71.90347314242815,554
72.2556412473552,72.42525463273229,72.176790108799,72.2556412473552,662
73.18166126976203,73.22229254302879,73.16701044701156,73.18166126976203,610
72.97276976350523,73.03480706687097,72.85085856970606,72.97276976350523,274
72.42396427236736,72.53272560314498,72.20149783763355,72.42396427236736,308
72.24315021768109,72.42307394919025,71.77335700331022,72.24315021768109,728
72.9609357142629,73.083773797888,72.72855218002033,72.9609357142629,412
72.04673277384192,72.37731968631651,71.91190068139234,72.04673277384192,470
71.0125449161264,71.22049737404735,70.98714762927042,71.0125449161264,412
71.05724255559221,71.12556624894627,70.84233083390302,71.05724255559221,902
70.83594790920513,70.92921223904179,70.68964842581583,70.83594790920513,603
70.83981185579297,71.12426355750824,70.69871334937635,70.83981185579297,185
71.31246774141091,71.3564417698857,71.14364019667208,71.31246774141091,746
71.03618306835149,71.05877716354131,70.92265867332831,71.03618306835149,920
70.09968015288618,70.13846444826297,69.78308853744323,70.09968015288618,365
71.12192093148616,71.1345596522562,70.96852861012975,71.12192093148616,319
70.62330678776677,70.87253978734235,70.56536378311954,70.62330678776677,394
70.09378822676072,70.15595590626847,69.8529580115762,70.09378822676072,797
70.64564823362203,70.75452843753781,70.5135861524898,70.64564823362203,605
70.45340367310126,70.66297348447921,70.01109015767835,70.45340367310126,262
70.42170874708385,70.66780561835553,70.30054741720355,70.42170874708385,226
70.66310380911402,70.9307699344781,70.52553677044557,70.66310380911402,926
71.20489536066901,71.51145213762264,70.98503911064078,71.20489536066901,216
71.03816501407813,71.11110736871983,70.77916046888642,71.03816501407813,505
71.79814101703528,71.8547950070646,71.71449831459425,71.79814101703528,748
70.73024109266788,70.93156601898718,70.4142099752896,70.73024109266788,867
71.11013471114443,71.22352998934528,70.72165877571469,71.11013471114443,455
70.6903709321356,70.88120383497377,70.2134220087018,70.6903709321356,875
71.37650659043959,71.45186168438715,71.2863827604823,71.37650659043959,321
71.44752882985486,71.74251896579693,71.42614744399661,71.44752882985486,475
71.11107616385016,71.31062741967155,70.95600036302285,71.11107616385016,413
71.44249671036097,71.55590107694161,71.40007036290234,71.44249671036097,994
71.8890908839646,72.07818455196353,71.72917056897536,71.8890908839646,962
72.21003794539392,72.53205317003184,71.9040190526593,72.21003794539392,249
71.69518982557739,71.93304651626532,71.47141442275543,71.69518982557739,335
71.45318126376634,71.71986909697293,70.98293647549667,71.45318126376634,962
71.45114484520562,71.4761005611411,71.19144487511495,71.45114484520562,267
71.43051501888058,71.48208734233958,71.35321606391784,71.43051501888058,594
71.80538775659976,72.04413012744861,71.78180288068998,71.80538775659976,511
70.79793714034645,70.99709384237795,70.64751055875003,70.79793714034645,168
70.9651006676232,71.04106735863063,70.86475174428101,70.9651006676232,820
70.82010999040489,70.93357111546334,70.69285392045985,70.82010999040489,663
70.40085968221291,70.73852204450348,70.3030429834538,70.40085968221291,366
70.0296162933281,70.1508088901176,69.95255053819746,70.0296162933281,249
69.92234746106912,69.94757577104458,69.54547824436979,69.92234746106912,914
68.12180490883937,68.1871390931478,67.9836404459019,68.12180490883937,956
67.7711601234436,67.95824720453534,67.3928227436079,67.7711601234436,624
67.33325271112045,67.37077247537582,67.16509683665208,67.33325271112045,481
67.59964431578176,67.69823427787516,67.58692763679745,67.59964431578176,711
67.1968809745265,67.26196522880106,66.99300867712937,67.1968809745265,473
67.08932407444125,67.35112195638708,67.0490201402115,67.08932407444125,784
67.8604623882719,68.1626473006353,67.84828855382865,67.8604623882719,605
68.3576381481796,68.58219239622628,68.33890869111197,68.3576381481796,336
68.80877384815133,68.94101094311453,68.76695403277148,68.80877384815133,686
68.55883763294591,68.67260335045722,68.14834509143067,68.55883763294591,424
68.83035377259074,69.01523548623673,68.57818580928381,68.83035377259074,988
68.71340487236394,69.12946139581243,68.70331417452047,68.71340487236394,349
68.61535826702547,68.77439326950824,68.33250764381974,68.61535826702547,689
68.82020093889875,69.02963626989936,68.72384839708403,68.82020093889875,889
68.52170414468829,68.53292128994403,68.35053691096698,68.52170414468829,550
69.26820569690989,69.50080187298826,69.15577757231573,69.26820569690989,853
69.18814062711093,69.31211484123584,69.01180933500844,69.18814062711093,521
69.49732091024076,69.63874214226207,69.2933936121069,69.49732091024076,925
70.22512114986941,70.36862087028629,70.19293780453845,70.22512114986941,315
70.740948037157,70.93406303839896,70.6581924915533,70.740948037157,831
70.03648848581173,70.05791392924587,69.9113808137588,70.03648848581173,120
70.25893643331668,70.39192973558067,70.11442521562458,70.25893643331668,404
70.684296130547,70.99286056035444,70.68085011770481,70.684296130547,452
71.13022764162737,71.16669058177077,71.08835902914902,71.13022764162737,703
70.57358022457005,70.5948673078563,70.40851946140562,70.57358022457005,906
70.2450626060614,70.49873432836061,70.01630565530081,70.2450626060614,544
70.74234172393221,70.92970285935883,70.7205905054805,70.74234172393221,711
70.36146153859089,70.60545017843745,70.27462201500212,70.36146153859089,365
70.21161351025873,70.35568500993743,69.98334011560236,70.21161351025873,267
70.99955141500972,71.06607396679972,70.83343721232544,70.99955141500972,157
70.97565178981732,71.2214407711117,70.62123323965227,70.97565178981732,700
70.6122647209004,70.64223916048745,70.41974707810355,70.6122647209004,784
70.17345604246894,70.29281479793511,70.02941844013374,70.17345604246894,756
70.33981570726154,70.63130329713562,70.32976977034355,70.33981570726154,732
69.67324170302294,69.8104994113693,69.36515591268545,69.67324170302294,856
69.54957372107474,69.79765040799582,69.31483379251924,69.54957372107474,423
69.71618898856974,69.92258856684279,69.5596699632327,69.71618898856974,365
70.36576389884357,70.43104742407318,70.07614725721477,70.36576389884357,984
70.69953793902856,70.7854080817608,70.3627304135423,70.69953793902856,161
70.34250538003747,70.57469591818598,70.25644247508727,70.34250538003747,188
70.93171503881932,70.96076076798711,70.48590629391455,70.93171503881932,515
70.78195752004558,70.79844671187541,70.43634476031721,70.78195752004558,683
70.16410600902087,70.30153407022146,70.1428199071046,70.16410600902087,781
70.07808532938813,70.30325949481715,69.93420425476604,70.07808532938813,784
70.79716992996099,71.11865083992568,70.7582148355828,70.79716992996099,175
70.87978995499346,71.05561717361499,70.84375816166414,70.87978995499346,504
70.88605088715835,71.2697687718702,70.80573749444123,70.88605088715835,464
71.70465670950978,71.7066701112143,71.37303405859411,71.70465670950978,995
70.98897928598257,71.32867102645768,70.88606856925165,70.98897928598257,769
70.34617972895617,70.46347035502289,70.12408390460493,70.34617972895617,941
69.53825649347276,69.68847460207348,69.4279269521877,69.53825649347276,824
69.72458058671279,69.73285773917421,69.5263663233933,69.72458058671279,484
69.80782715027036,69.8383026497246,69.65969034948564,69.80782715027036,108
70.57919533391025,70.88817720782887,70.51072031598474,70.57919533391025,614
70.70093287247863,71.15281012405947,70.53035145905045,70.70093287247863,468
70.49885429273898,70.53810876042715,70.4577741382186,70.49885429273898,408
70.49975172917803,70.76226156804607,70.34119870044916,70.49975172917803,269
70.5586054384085,70.62743217937413,70.44135832352856,70.5586054384085,246
69.72272480174442,69.84744470715482,69.69892751746542,69.72272480174442,617
71.07789062391187,71.39463413303977,71.04879830605789,71.07789062391187,782
71.33782613296283,71.40357950325104,71.00535279904074,71.33782613296283,179
71.44283028697413,71.46736130703566,71.27252065992123,71.44283028697413,903
71.75041227911342,71.91411724024343,71.62858035676373,71.75041227911342,551
72.10511776940672,72.50956028200113,71.76177902261364,72.10511776940672,565
72.0348410266555,72.14015058248623,72.00027356130198,72.0348410266555,835
71.71922045853515,71.90794080171901,71.68821777275024,71.71922045853515,963
72.018945801696,72.25317933525625,71.98621437958204,72.018945801696,906
72.21180122196174,72.46241396734752,71.8991185274134,72.21180122196174,654
71.80685617241703,72.0143445116987,71.58930244795751,71.80685617241703,856
72.51637397810066,72.8871408096011,72.5027704805195,72.51637397810066,511
72.66304999626215,73.21434255568029,72.44017884062406,72.66304999626215,661
73.02795967739596,73.31247871695395,72.90985476342807,73.02795967739596,394
73.72392012123592,73.82129908346832,73.64393237581507,73.72392012123592,229
73.73486453181833,73.7585834164297,73.37864613276109,73.73486453181833,992
73.89334053531039,73.92843222231873,73.83397605747682,73.89334053531039,863
74.29835415456344,74.67650012428224,74.27259624979273,74.29835415456344,264
73.93592361266342,74.07733538434366,73.91287465625307,73.93592361266342,712
73.96294944408642,74.1435901658655,73.69384841480552,73.96294944408642,982
74.025723737412,74.36950572861777,73.91136411272898,74.025723737412,549
73.5476944615703,73.58315390419976,73.41711923785343,73.5476944615703,886
74.70651285590723,74.70672708261472,74.70049873249928,74.70651285590723,606
74.00286613416104,74.30683974163614,73.91399154127748,74.00286613416104,168
73.35381418231746,73.36489288741393,72.96530266451039,73.35381418231746,655
74.01092747016925,74.12571439678409,73.74737346126,74.01092747016925,761
74.36756059556753,74.36941860922886,74.19456415855429,74.36756059556753,599
73.85457818682714,73.99976290915681,73.68083353559234,73.85457818682714,234
74.15822269437798,74.4567446838708,74.03057973982213,74.15822269437798,997
74.89214791687664,75.0739257241505,74.77224714726624,74.89214791687664,929
74.87701638807815,75.02130453804419,74.54832915781977,74.87701638807815,601
76.17642783811544,76.25021086388128,76.02343359627295,76.17642783811544,444
75.31439693268143,75.32701835697983,75.2661029732544,75.31439693268143,829
75.66130865961098,75.92773445053716,75.58034838682302,75.66130865961098,759
76.24457282772148,76.32421938465994,76.13773705673077,76.24457282772148,737
76.6902447785241,77.06157924610764,76.5363864263809,76.6902447785241,860
76.58806691520128,76.59455223603868,76.55480594955084,76.58806691520128,153
76.44284617419571,76.76168271014079,76.3401589369261,76.44284617419571,431
76.66491875973934,76.67097249396106,76.48262402971459,76.66491875973934,519
77.07279600306538,77.31553844286003,77.03999530433747,77.07279600306538,834
77.37403272120656,77.54675382258382,77.27876446807046,77.37403272120656,820
77.89406166660325,77.99903466494827,77.64809588557243,77.89406166660325,755
77.38462668806989,77.41880869876483,77.28279777818251,77.38462668806989,412
77.27074119850806,77.33697405167922,77.21684992006846,77.27074119850806,931
76.80073323244619,76.8431800927693,76.71357377717216,76.80073323244619,237
76.60767684440312,76.60933174327158,76.35398502021856,76.60767684440312,454
77.11528729031026,77.26973429457857,76.92775194696529,77.11528729031026,601
77.16927925067287,77.44682986687316,77.02434799473423,77.16927925067287,324
78.47270883224776,78.70044862158669,78.37107921372458,78.47270883224776,713
78.56941201584262,78.646492211142,78.39199148343334,78.56941201584262,198
78.59925795613249,78.63266657696632,78.32569187069718,78.59925795613249,406
78.6523494158526,78.7094058060861,78.54477199393448,78.6523494158526,894
78.33344506942262,78.39784916535366,78.25048354398845,78.33344506942262,490
78.30452676323382,78.5392903626535,78.28155687161744,78.30452676323382,190
78.86842077678965,79.20358880970002,78.53644135660417,78.86842077678965,908
78.92540611085353,79.04314461579193,78.37251631129645,78.92540611085353,473
78.5286762459118,78.60781855239519,78.43605697276332,78.5286762459118,303
78.06613393567248,78.21172390916735,77.95902310791023,78.06613393567248,993
77.84103298983956,77.9120172605794,77.69589131644008,77.84103298983956,849
77.877964707045,78.30342418979491,77.87320613788113,77.877964707045,708
78.47475797478313,78.84384275174403,78.2419871943146,78.47475797478313,732
77.8045136540999,77.955520453282,77.60290459555334,77.8045136540999,216
77.64460051515553,78.02392132887032,77.57372522572577,77.64460051515553,165
77.71675552487307,77.72567525927211,77.65315154367194,77.71675552487307,230
76.79990264105835,76.94109967415814,76.49576336358292,76.79990264105835,878
76.38310349957514,76.61685728297736,76.23662079005229,76.38310349957514,927
76.04315922970704,76.05420531700327,76.00058756666182,76.04315922970704,485
75.64517404278179,75.71483572179059,75.49762049665097,75.64517404278179,191
75.74111881529261,75.77959260070011,75.51513476229368,75.74111881529261,176
75.66083901054171,75.79246077241827,75.52855244066505,75.66083901054171,849
75.38319595924119,75.5866941718188,75.0629486949178,75.38319595924119,351
75.59717727251751,75.61989665804447,75.53724903502875,75.59717727251751,838
76.45871463134064,76.66091402335584,76.29000454950686,76.45871463134064,971
77.27834288971151,77.28048155207081,77.16836431242818,77.27834288971151,419
76.31695700368034,76.38783831717521,76.23880904880866,76.31695700368034,752
76.60549309559791,76.77610518680822,76.35561819870293,76.60549309559791,153
76.51648145056599,76.74206644766936,76.39907760260695,76.51648145056599,751
76.59405912199867,76.67520642232512,76.35395450360798,76.59405912199867,757
76.39491760522739,76.49480052681521,76.28037093427878,76.39491760522739,885
76.45371192017099,76.55221660941226,76.35233028011241,76.45371192017099,244
76.529415618207,76.59497936137019,76.21311259446064,76.529415618207,778
76.23993973953253,76.33583162172262,76.1721703202442,76.23993973953253,185
75.79175596561994,75.99736952811277,75.71237993664438,75.79175596561994,240
75.5674081243102,75.66780850212352,75.35923741629757,75.5674081243102,144
75.68453775653859,76.0259102689772,75.53702556170703,75.68453775653859,739
75.98403592738072,76.03760381389438,75.72439752437012,75.98403592738072,969
76.41071041605079,76.92143661918051,76.2482461778216,76.41071041605079,216
76.16361540451733,76.43089588918899,76.08238295182062,76.16361540451733,246
76.3055376881687,76.48096447585819,76.24223348536796,76.3055376881687,758
76.78678898414535,77.0061338256712,76.66140085703513,76.78678898414535,120
77.36958643171741,77.50720803659826,77.27502295260659,77.36958643171741,635
77.34017000465165,77.4509569414201,77.05956331914628,77.34017000465165,257
77.22970414218184,77.3755781012078,76.8972043890251,77.22970414218184,575
77.32526625910005,77.50279085177613,76.96627053187113,77.32526625910005,147
76.75041252265135,76.78254549232629,76.53238839841585,76.75041252265135,518
76.6536077671336,76.93048339597632,76.56035351517895,76.6536077671336,209
77.02590096637016,77.06748342838338,76.73944384798354,77.02590096637016,670
77.34687453109201,77.36645301212644,77.30936959051195,77.34687453109201,628
77.21174072891007,77.45823160707612,76.78038983118533,77.21174072891007,403
77.32059982945366,77.39400918803965,77.23347551370313,77.32059982945366,581
76.90827465930832,76.96423703016879,76.60544576435386,76.90827465930832,666
77.26002073342083,77.34902927339967,77.24901356961472,77.26002073342083,236
77.2211100153526,77.27689463478609,76.68548153818196,77.2211100153526,176
77.08313428950453,77.22910289652752,76.95503717677073,77.08313428950453,369
76.90227237145784,76.93813797703244,76.64902143222218,76.90227237145784,791
76.87082543800791,76.9111824594821,76.8610262442798,76.87082543800791,184
76.64688661554193,76.72643467239104,76.40027641464485,76.64688661554193,911
76.97595813354322,77.0928579766676,76.6423926306598,76.97595813354322,567
76.77831635953513,77.04596628568754,76.50120350675525,76.77831635953513,750
77.57479840754881,77.98355214785411,77.53382554593168,77.57479840754881,918
78.3074036592895,78.48275565712036,78.21198071372599,78.3074036592895,781
77.86163191436225,77.98574008945138,77.5903161406438,77.86163191436225,341
77.89648404907689,78.04649168460551,77.76869915572718,77.89648404907689,163
77.57115573840879,77.62347123522187,77.33242992053579,77.57115573840879,339
77.40783195681449,77.70575387928469,77.36522283239961,77.40783195681449,194
78.40904569063689,78.57225030502613,78.28890020157925,78.40904569063689,757
78.25525998207898,78.42508791138158,77.88041318233955,78.25525998207898,497
78.4353730006177,78.47965265225471,78.4266463066701,78.4353730006177,987
78.70603364762184,78.86686118525398,78.63891713883419,78.70603364762184,148
78.20571896138021,78.52594269850806,78.07478034663106,78.20571896138021,552
77.77817122417561,78.1375745274752,77.67841581382507,77.77817122417561,244
77.17516003847155,77.57955874302115,76.94522373315996,77.17516003847155,497
76.73217467152266,76.8410392124758,76.64879876912192,76.73217467152266,870
75.30715961686407,75.47889230467959,75.19526139102229,75.30715961686407,770
75.57945081726088,75.6880478577391,75.36269815520868,75.57945081726088,828
76.60654773788892,76.73817043650726,76.38186388533039,76.60654773788892,402
76.68045810740718,76.72927721983888,76.37941126373627,76.68045810740718,527
75.97232367773687,76.1219786086924,75.91654295626907,75.97232367773687,116
75.6509354862869,75.73498829251866,75.59368123951336,75.6509354862869,180
75.4214970637744,75.66349006950783,74.84096701127565,75.4214970637744,283
74.9127046751677,74.9356624394946,74.82100497991911,74.9127046751677,566
75.34279599436528,75.64335633662628,75.33116365202444,75.34279599436528,382
75.74792601655294,75.78795292739856,75.71336042541766,75.74792601655294,170
75.17020011964411,75.41991645746405,74.92658775055622,75.17020011964411,189
75.53274064186786,75.57410391422614,75.41996433127694,75.53274064186786,808
76.29614697365649,76.43203088584507,76.28031796840233,76.29614697365649,741
77.24742607627127,77.30554214584618,77.23176333958538,77.24742607627127,691
78.68003208781425,78.89634823348722,78.66114342271452,78.68003208781425,464
78.22903576309265,78.5469251503136,78.1847932571092,78.22903576309265,302
79.64114597629026,80.14674689409436,79.29329484710675,79.64114597629026,330
79.46404278203586,79.63088160081061,79.29663818076168,79.46404278203586,698
79.16781005434561,79.228427269768,78.99852117938242,79.16781005434561,838
79.33134624178453,79.42341180546083,79.3037398022908,79.33134624178453,105
79.04031557473802,79.37038647556892,78.78313459060496,79.04031557473802,456
79.23983764506129,79.43625612642133,78.88394792660726,79.23983764506129,548
78.57979905119264,78.60587049172406,78.23970016346736,78.57979905119264,836
78.46042275016092,78.47740039846624,78.45437378462599,78.46042275016092,245
79.10321386734175,79.17873754862578,79.04863123030854,79.10321386734175,154
79.07468322162617,79.1634183670038,78.77317721638788,79.07468322162617,166
79.14548111499612,79.21320000161928,78.98496284211248,79.14548111499612,796
79.38311041735477,79.42184148068107,79.35985788187193,79.38311041735477,246
79.9684412320136,79.97958918667888,79.9296093128746,79.9684412320136,685
79.14082887591888,79.27378149386375,78.95731829225049,79.14082887591888,750
79.4330909018376,79.88095543515044,79.35051357316134,79.4330909018376,835
79.29902133221672,79.60788802961098,79.13137654093873,79.29902133221672,331
79.38234027987265,79.82323669004872,79.35688070312746,79.38234027987265,567
79.91231536475384,80.12814772813473,79.80952818456123,79.91231536475384,794
79.31522203904791,79.36057419837793,79.22800817543863,79.31522203904791,195
78.80889981832637,78.94342239654434,78.76482067690118,78.80889981832637,590
77.84118483846946,78.44023821662938,77.83142536279334,77.84118483846946,953
77.56660536758757,77.57223023237594,77.38564094376369,77.56660536758757,347
78.23182153977697,78.39030054766012,78.13576988227214,78.23182153977697,231
78.17152794554023,78.37043156874593,77.92785182499208,78.17152794554023,624
77.50146549771284,77.64093142941233,77.42958828224874,77.50146549771284,169
77.25862612542532,77.31879318281634,77.16312015482558,77.25862612542532,448
76.51469527368,76.63792489945853,76.35795888387273,76.51469527368,541
75.95210222281442,76.03063715351963,75.9505944967229,75.95210222281442,355
76.14651167794628,76.35287698809196,76.01554903707331,76.14651167794628,485
75.55957501479327,75.73742544728745,75.35671160544712,75.55957501479327,604
76.11589216739492,76.20276755180059,76.08721491474896,76.11589216739492,799
76.08033202197976,76.1066550966343,75.94047938050298,76.08033202197976,700
76.12312937395203,76.22144667547012,75.87905464333679,76.12312937395203,515
75.98394289014807,76.02674576808823,75.81172131453387,75.98394289014807,418
76.37036680941993,76.51123452964946,76.26147139106476,76.37036680941993,415
76.76194675330844,76.93758955293943,76.51300784790367,76.76194675330844,765
76.92947392926452,77.27781725323774,76.81528584936599,76.92947392926452,761
77.21186848221834,77.38273041230121,76.9575604321627,77.21186848221834,429
77.10582364725812,77.15209883875613,77.07952816275879,77.10582364725812,231
77.37692515071265,77.38146065581012,77.37108901857711,77.37692515071265,243
77.20798626297575,77.34200437773936,77.10957566057371,77.20798626297575,346
77.20910207405696,77.39150680825462,77.17685738088774,77.20910207405696,162
77.0717801993738,77.46776987303193,76.87653478217449,77.0717801993738,781
76.8431709297142,76.88040332083055,76.70902977663437,76.8431709297142,913
76.49861503085332,76.51548323729295,76.38176898947857,76.49861503085332,602
76.73246008278277,76.90235133380364,76.49572432587873,76.73246008278277,335
77.3877630391895,77.76093099023018,76.81045342684644,77.3877630391895,496
77.97331402502428,77.97900781311196,77.76306358296944,77.97331402502428,900
77.34503135705157,77.54083852214507,77.24162564441339,77.34503135705157,222
77.989632882755,78.11826368219522,77.75677052787556,77.989632882755,369
77.83055363194605,78.07586574792644,77.64100760939922,77.83055363194605,107
78.13092013951884,78.16808126153879,78.03069443745898,78.13092013951884,829
77.67781247349522,77.6899495601356,77.63895831256804,77.67781247349522,441
77.74880243043222,77.93053288681531,77.41264657522036,77.74880243043222,785
77.90566402188067,78.32489627709086,77.65736740469256,77.90566402188067,737
77.16336162592084,77.25910090212243,77.07565232615542,77.16336162592084,996
77.46749520909293,77.69822707937824,77.26624827403883,77.46749520909293,414
78.14046271301208,78.1591869768262,78.00348182905307,78.14046271301208,927
78.05313874017126,78.23471086771217,77.92297494082267,78.05313874017126,660
78.73322280558527,78.73670565538492,78.72026951419333,78.73322280558527,435
78.63837605885907,78.73549484286787,78.55703465578583,78.63837605885907,847
79.06316832438237,79.23747044324901,79.00538929566929,79.06316832438237,960
77.95388334140682,78.25142103068752,77.78960167678677,77.95388334140682,928
79.16327223106356,79.27561443664725,79.16229978007684,79.16327223106356,355
79.91100135368504,80.12054166746056,79.66895094970235,79.91100135368504,215
79.7686886015582,79.84172072805323,79.725674748795,79.7686886015582,890
78.78264408823628,78.94762089578204,78.58658830117707,78.78264408823628,488
78.92665827238902,79.10126878432446,78.92458582398082,78.92665827238902,184
78.20469549885215,78.30297758219005,78.18350104320024,78.20469549885215,731
78.42712226763089,78.6964183867421,78.41071625417561,78.42712226763089,995
78.63290512721304,78.94485351666982,78.37677401503659,78.63290512721304,149
78.16220354271202,78.39161666265584,78.00114314656722,78.16220354271202,263
78.72268705451921,78.77263426809198,78.43649885679487,78.72268705451921,247
79.1254744059223,79.21166316601935,78.81860100308265,79.1254744059223,654
79.61338607456659,79.75279236843956,79.06510266240076,79.61338607456659,235
79.61781492640104,79.67478286547212,79.18761005183053,79.61781492640104,857
78.91005289294418,79.13824547941726,78.85259179023281,78.91005289294418,317
79.39898902904974,79.48932152370658,79.36107548171944,79.39898902904974,605
79.26380332948185,79.32770581946565,79.25180008168712,79.26380332948185,892
78.56891325788551,78.67188549387255,78.49187217131748,78.56891325788551,471
79.24493294087267,79.31692817558886,79.2448803006193,79.24493294087267,333
80.29463670112392,80.37705956127004,80.26795766335647,80.29463670112392,874
80.27401263663432,80.55330577672547,80.01222897476309,80.27401263663432,214
81.35357321393597,81.76900514579614,81.24045399798581,81.35357321393597,953
81.39923057824164,81.55868103794965,81.20746980736749,81.39923057824164,288
81.20900262615847,81.51681361047255,81.06086784329132,81.20900262615847,516
80.89377339906572,81.13943894117462,80.78895199842906,80.89377339906572,296
81.7123146030621,81.83971972503667,81.60325985794586,81.7123146030621,649
81.32224266236821,81.56577693788951,81.16381497709578,81.32224266236821,623
81.68987731735571,81.82893116277346,81.6583627971111,81.68987731735571,735
81.41029539982611,81.48312941245459,81.3659607054011,81.41029539982611,655
81.18014201853893,81.37997939913126,81.13035939505234,81.18014201853893,920
81.69526686552372,81.9458668169574,81.20964325413324,81.69526686552372,113
81.50524844237904,81.54274473987729,81.39990857579213,81.50524844237904,959
81.30285075266889,81.54366814270313,81.16021610424377,81.30285075266889,663
81.86925310125629,82.08154769584101,81.86477085267553,81.86925310125629,344
82.66795174786711,82.6910759059514,82.41091446189596,82.66795174786711,791
82.99029664950922,83.18347097636024,82.79737039847082,82.99029664950922,401
82.66291176169725,82.74821961970255,82.60319172978856,82.66291176169725,563
82.40760751204846,82.70563623122516,82.16329241391615,82.40760751204846,741
82.44756514391848,82.4772762268986,82.00636265158428,82.44756514391848,532
82.6080301748813,82.63406038727842,82.39739565598376,82.6080301748813,711
82.11409721981143,82.51771656637852,81.93819891755429,82.11409721981143,561
82.47561618960135,82.71313641307682,82.32175336943044,82.47561618960135,977
82.51837285442116,82.75661989345731,82.4912074875064,82.51837285442116,383
81.6605186951021,81.87469021468459,81.48008250242846,81.6605186951021,722
81.19605545387174,81.3669189217065,80.948194617617,81.19605545387174,899
80.94399111704591,81.20234068719243,80.83955060811162,80.94399111704591,703
80.90756227262538,80.96367726581711,80.8265041635985,80.90756227262538,687
81.85220167037738,81.96878756949724,81.62327178153357,81.85220167037738,816
81.9712873234472,82.19020198169132,81.96441093738802,81.9712873234472,633
81.55090137849788,81.77746982084047,81.10683101967258,81.55090137849788,781
81.66121678065147,81.88227956095012,81.60754744716407,81.66121678065147,467
81.48517290692453,81.49407332338838,81.37181797067709,81.48517290692453,256
81.6475520266913,81.79079092941397,81.37586617766985,81.6475520266913,833
81.93783587020911,81.97610832103143,81.8150190071846,81.93783587020911,562
82.54245119382108,82.73089719733464,82.43851525371788,82.54245119382108,971
82.53030794598607,82.73517830395807,82.51346239350335,82.53030794598607,679
83.34978820978598,83.4357234352009,83.31225158277906,83.34978820978598,260
83.80379954105408,83.86687412027955,83.64050078991124,83.80379954105408,273
83.45007976864798,83.71183542954518,83.42569037395366,83.45007976864798,598
84.55500760152222,84.7519976221234,84.53129842320388,84.55500760152222,649
84.71850485815727,84.87516660950229,84.48241785418023,84.71850485815727,435
84.30094260617116,84.45799367808547,84.17243263723505,84.30094260617116,125
85.12739913178638,85.3572600472644,84.78738614240278,85.12739913178638,865
86.1662879243856,86.3725711056724,86.12944030826607,86.1662879243856,603
86.14977529252582,86.21414233053036,85.79665675376071,86.14977529252582,398
85.89795016233802,86.05422170146142,85.7618400547742,85.89795016233802,536
85.81176268361119,85.9500339598273,85.67690283440378,85.81176268361119,894
86.16912854737004,86.2872008857311,85.9896432123803,86.16912854737004,858
86.8080568748853,86.95796788237432,86.45424446425473,86.8080568748853,110
87.09330054031709,87.14812283539324,86.81795692139663,87.09330054031709,337
87.14416214455298,87.48837156967892,86.97544413997386,87.14416214455298,718
87.8931680297052,88.08965127780138,87.79821538134222,87.8931680297052,509
87.73674979317943,87.82283273491689,87.48581858419409,87.73674979317943,433
88.25220946236288,88.5258472671126,87.89297998669953,88.25220946236288,412
88.10817806318724,88.28840678929308,87.85524085616917,88.10817806318724,100
88.32368954219268,88.6484618246571,88.12294738824777,88.32368954219268,622
88.26690825979746,88.59763530300343,88.23815090851302,88.26690825979746,769
88.23898216847105,88.34593232938924,87.80476336258255,88.23898216847105,187
88.05028890973995,88.08798628169171,88.04647987769806,88.05028890973995,341
88.72271592533029,88.8049719101964,88.4855672225243,88.72271592533029,231
88.35625290627603,88.49055502733624,88.06852550302888,88.35625290627603,697
87.98613678000167,88.35443572186897,87.96071538700666,87.98613678000167,721
89.04663356292423,89.04958310652759,88.93027942192516,89.04663356292423,427
89.53555734525139,89.79267046399362,89.20756815550061,89.53555734525139,210
88.34300049590487,88.34983487221174,88.22904212347827,88.34300049590487,819
88.06037112629967,88.48352528821226,87.75657250874995,88.06037112629967,388
87.15437645751864,87.25624547678478,87.03488544335639,87.15437645751864,516
86.67903111081101,86.71798591193662,86.52479594974419,86.67903111081101,173
85.10977377769399,85.29110345485584,85.05938465402144,85.10977377769399,933
85.04127898884701,85.09733724724019,85.01362445554415,85.04127898884701,860
84.47030807926636,84.52880491685482,84.31220236545556,84.47030807926636,207
84.50026070766458,84.5727411944022,84.435641623401,84.50026070766458,615
83.68770007822332,83.73407567323557,83.59959302572634,83.68770007822332,826
83.72915600480934,83.9211581092469,83.59120275984772,83.72915600480934,790
83.52169786574918,83.69090686752706,83.22715331747403,83.52169786574918,766
84.27267434834347,84.6209726796663,84.16316830284482,84.27267434834347,900
84.97835277921628,85.17257044689272,84.84962498883483,84.97835277921628,836
85.37102558072142,85.65176525767048,85.29270587699897,85.37102558072142,204
85.20771869039082,85.40024014520615,85.17052302097416,85.20771869039082,481
86.20040888802097,86.27117239326341,86.15069355455076,86.20040888802097,695
85.42389124910106,85.67026498672767,85.35644346660087,85.42389124910106,176
84.72211193431923,84.83797166333515,84.59375124395073,84.72211193431923,302
84.68022038437469,84.86597389138984,84.67417011031237,84.68022038437469,950
85.80723943883525,85.89485516845596,85.64871043999912,85.80723943883525,600
85.7060699854002,85.850192095136,85.5539558939949,85.7060699854002,340
85.61444736379556,86.07146426272944,85.6077665901539,85.61444736379556,899
84.89349218573966,85.15761144368898,84.60532490998547,84.89349218573966,806
85.36645697837486,85.6249387644686,84.93939802835892,85.36645697837486,471
85.84304510553953,85.88777896037911,85.78346567044744,85.84304510553953,304
86.23758270623948,86.61002537152925,86.07168794646394,86.23758270623948,511
85.9229723698158,86.0627456059042,85.8367599439365,85.9229723698158,313
85.56961898562929,85.7542990801343,85.4144953238565,85.56961898562929,540
84.92305786042681,84.95625020672139,84.89642070592781,84.92305786042681,630
84.96499411130728,85.03914430806881,84.88931380571486,84.96499411130728,770
84.42479044666803,84.46057679245565,84.07440628461336,84.42479044666803,311
83.83608219404339,83.8499754043659,83.64601906247965,83.83608219404339,152
83.62423683558805,83.89618468659545,83.35477745555049,83.62423683558805,610
83.37965874799595,83.46456846793988,83.37484919417213,83.37965874799595,187
83.11066948358497,83.20220380582369,82.94619729576199,83.11066948358497,771
83.3438917820051,83.576923206784,83.32556176648487,83.3438917820051,108
83.38341568308024,83.46116943316616,83.0894974095935,83.38341568308024,790
83.23933766782469,83.49171315649639,83.22482525477344,83.23933766782469,182
83.33084413198043,83.57223819690688,83.05134626390827,83.33084413198043,762
82.83508061142811,82.86224896104973,82.43535630637733,82.83508061142811,124
82.88771992338295,82.91559016496274,82.55405769947004,82.88771992338295,324
82.96302116980526,83.0896871541113,82.86732027497509,82.96302116980526,596
82.21149774012652,82.33486880674724,82.10264637011817,82.21149774012652,529
82.7093446173117,82.87868908506587,82.41141504885339,82.7093446173117,527
82.26862776469821,82.46555892432573,81.93828077595302,82.26862776469821,293
82.31378266430143,82.47054734545075,82.24206242125507,82.31378266430143,217
82.89598853456906,83.05458085565814,82.84877456864605,82.89598853456906,934
83.35882691342599,83.47263282087793,83.21037186678458,83.35882691342599,994
83.3759936077104,83.40229815372604,83.23746556269022,83.3759936077104,859
83.19474410626937,83.22982004313357,82.95446935756641,83.19474410626937,177
83.66850006055715,83.91056483054547,83.42643033035773,83.66850006055715,251
84.00584754946146,84.08059172355955,83.77596393420706,84.00584754946146,155
83.6966650394394,83.77066088221555,83.54815862067878,83.6966650394394,917
83.29921821593855,83.4600208155294,83.18881471907419,83.29921821593855,456
82.26304062509055,82.39490043246064,82.13614099494497,82.26304062509055,358
82.34005654593234,82.38728745950378,82.20026746428536,82.34005654593234,634
82.29870767342314,82.45949534876857,81.957717988872,82.29870767342314,773
82.86680336074441,83.02637372584007,82.55046312599943,82.86680336074441,876
83.0463309074846,83.3159377577936,83.03496942814151,83.0463309074846,693
83.71344550457094,83.73329142924716,83.6139798184979,83.71344550457094,670
83.36476339061285,83.39126500998128,83.32431434184276,83.36476339061285,677
83.93383855609666,84.2959984717606,83.84775001533485,83.93383855609666,505
83.66938036654433,83.75758513064905,83.3468128613428,83.66938036654433,214
84.05817839744047,84.1093183050501,83.74911768924684,84.05817839744047,902
83.32879920117513,83.41454479983395,82.87801201791628,83.32879920117513,573
83.44636685085823,83.48722829257827,83.19980999643089,83.44636685085823,853
82.45402288013527,82.58940052103141,82.30022850175557,82.45402288013527,433
82.32045413716439,82.3423173886116,82.1885092030175,82.32045413716439,720
82.54063113410335,82.54336171651836,82.49302989595726,82.54063113410335,915
82.2801468584878,82.33047763228511,82.27981139506107,82.2801468584878,408
81.75492804410982,81.94032796985665,81.49205882136651,81.75492804410982,430
82.17798727875778,82.31313087924089,82.09743072546877,82.17798727875778,643
82.12625588383432,82.22362025833797,82.02107312357676,82.12625588383432,824
81.88147056031899,82.01524985866483,81.84793957329549,81.88147056031899,603
81.90241852089612,81.9688580641245,81.7438855075281,81.90241852089612,187
83.22075309186891,83.50599994348487,83.16028854238266,83.22075309186891,673
83.79750451675969,83.91204958062565,83.78869997021056,83.79750451675969,102
84.3787913508536,84.60500929988737,84.23017451641635,84.3787913508536,873
84.59656451034978,84.71665390346752,84.57385016192946,84.59656451034978,482
84.67980714663835,84.75436059149364,84.46390060588236,84.67980714663835,723
83.48176600247315,83.6630675586597,83.47373820127576,83.48176600247315,623
83.14227582924158,83.28734383740453,83.1244935576486,83.14227582924158,664
82.90198862264035,83.17098055587518,82.42108494571909,82.90198862264035,247
81.96454259061657,82.08721771631122,81.91847468279647,81.96454259061657,605
81.38583469550886,81.57676805871473,81.15065865458794,81.38583469550886,745
80.39541646004754,80.64648109795372,80.29568859494421,80.39541646004754,183
80.37625454219885,80.52294696043265,80.24882259348865,80.37625454219885,497
80.78563752762327,80.9636300389347,80.7003695640902,80.78563752762327,283
81.33902478693543,81.39425120423167,81.22922036951104,81.33902478693543,268
81.54641701797505,81.76414256210977,81.42820363070803,81.54641701797505,660
81.06471884737576,81.0889256230763,81.0187756794934,81.06471884737576,207
80.09868626811578,80.13981665048647,79.79182887305505,80.09868626811578,292
79.22025191841503,79.29236792159229,79.07523693101373,79.22025191841503,951
78.58576062978779,78.86514932103435,78.29148748913715,78.58576062978779,313
78.14133078076995,78.30482777692401,78.0962908949333,78.14133078076995,459
78.06145653177416,78.15930448685663,77.89279126112896,78.06145653177416,194
77.55437442271067,77.94758410530424,77.4840647275498,77.55437442271067,642
77.72386236954479,77.81253756596527,77.50398452399892,77.72386236954479,255
77.60772561814505,77.95225115028596,77.45081404466721,77.60772561814505,623
77.61299847401557,78.21510297727828,77.29244467840051,77.61299847401557,371
78.18312375035117,78.3210002589463,77.90520203959741,78.18312375035117,836
77.59300788325099,77.62487959820228,77.40583444290169,77.59300788325099,262
77.80236017239717,77.97231917300176,77.63502949802798,77.80236017239717,655
77.79537355815914,77.95559927494153,77.79052838594704,77.79537355815914,935
77.62863041767429,77.97057159779575,77.57446736106436,77.62863041767429,837
78.07125857810726,78.22630472387482,77.95324990385178,78.07125857810726,864
78.51076565538577,78.58500404563807,78.44020405531914,78.51076565538577,844
78.03752025739155,78.22621422227319,78.01052539968137,78.03752025739155,870
77.94643996546259,77.97536549222049,77.65485775182873,77.94643996546259,898
78.08704580675462,78.26167966523093,77.89454580616797,78.08704580675462,279
77.95054243274332,78.02795303799006,77.84236001054136,77.95054243274332,322
78.24305309888722,78.30112969721738,78.09205379526193,78.24305309888722,215
78.38364910784236,78.94804915781003,78.13308691876563,78.38364910784236,104
79.29992972802036,79.5156601172123,79.29852689125086,79.29992972802036,872
78.53479016005546,78.76481589573419,78.37905589052748,78.53479016005546,165
78.47357216518176,78.76562934639352,78.37541820038116,78.47357216518176,626
78.01932090942567,78.16075864528436,77.91842829271626,78.01932090942567,548
78.3213746371452,78.33631096503605,78.26376474274419,78.3213746371452,248
77.51278869212243,77.71301620369945,77.2977228111785,77.51278869212243,200
77.68594504723487,78.00602450701273,77.5231588251154,77.68594504723487,366
77.3709208315607,77.65298329287883,77.21759944932785,77.3709208315607,829
77.00383989850019,77.110548965977,76.96677127782681,77.00383989850019,653
76.28059079672984,76.63737451805133,76.2501232874218,76.28059079672984,165
76.04805282362933,76.04890324297332,76.04752826016632,76.04805282362933,449
76.5903030887748,77.10818103225262,76.58119093745972,76.5903030887748,928
76.57770874701006,76.60664597311506,76.53588252606373,76.57770874701006,927
76.8915489559473,77.00678750601298,76.7881279882058,76.8915489559473,219
77.72386986693044,78.00385055516435,77.63523786976086,77.72386986693044,344
77.85574765934173,78.1112743293033,77.54139506469629,77.85574765934173,488
77.57634787331057,77.67849428653774,77.55003543612872,77.57634787331057,386
77.80997398090196,77.83820204479072,77.5088101010338,77.80997398090196,147
77.53782590774482,77.64065244774343,77.41071046705368,77.53782590774482,899
77.28561456609623,77.44885140047145,77.13208125472617,77.28561456609623,924
76.52566816628674,76.55609491005956,76.4035123867584,76.52566816628674,866
76.98879691182893,77.21065841832852,76.96544512076198,76.98879691182893,517
76.79579562400421,77.15197195202028,76.37350756457977,76.79579562400421,450
76.88684474691215,76.89693009974003,76.69228678409374,76.88684474691215,254
76.36886378260883,76.62131936074316,76.22692903455855,76.36886378260883,437
76.58683759746657,76.77199852578578,76.35682054511906,76.58683759746657,360
76.20586697839903,76.22224943754415,75.90855815033161,76.20586697839903,628
76.13501261754811,76.48441055718321,75.89019075895276,76.13501261754811,302
76.57392563316768,76.687737911337,76.39631679283998,76.57392563316768,984
76.96930528928394,77.35287182164355,76.67344440040024,76.96930528928394,539
76.95829025302547,77.39471051186565,76.65937467881962,76.95829025302547,265
76.07422473667211,76.31046292479125,76.03998249430296,76.07422473667211,478
77.57063002170243,77.73395497035487,77.49794962505655,77.57063002170243,537
78.443559506839,78.57052004353247,78.27246713400069,78.443559506839,147
78.80489691928314,78.8970886476546,78.32610870601432,78.80489691928314,328
78.42829502848765,78.75755170520445,78.06510348924121,78.42829502848765,824
78.37149894763667,78.59151834015223,78.34899153479775,78.37149894763667,827
78.09978873274841,78.19548867910758,77.91656985234498,78.09978873274841,916
78.73171670229661,78.83950931682776,78.71966925475829,78.73171670229661,780
78.86296814772253,79.03511574541714,78.76454313752659,78.86296814772253,121
78.4708862185426,78.74172840359162,78.00660256681937,78.4708862185426,374
78.23550866898022,78.29305008009011,78.15853219442008,78.23550866898022,212
78.79610274026517,78.87285333644778,78.62655049799643,78.79610274026517,968
79.59615166367541,80.01847430735901,79.53840519433267,79.59615166367541,997
80.36031744541853,80.46487079389188,80.03294922687319,80.36031744541853,814
80.73883347794552,80.92389158788262,80.72654849917019,80.73883347794552,644
80.6125210435442,80.88349962984857,80.4487725783719,80.6125210435442,188
78.99176413087964,79.1218589307715,78.81068028064496,78.99176413087964,745
79.14034414278376,79.3903083621945,78.83620528812041,79.14034414278376,110
79.1394297633617,79.23980858636124,79.01568923898027,79.1394297633617,126
79.20942081152238,79.31834548939004,78.98681792273526,79.20942081152238,555
79.23636948503898,79.29076947950061,78.81234085820641,79.23636948503898,130
78.5732384040644,78.69765137105338,78.27842872571581,78.5732384040644,702
78.85194268248999,79.01637396902143,78.6984682502447,78.85194268248999,546
79.16805083950591,79.22149297053492,79.00141656542172,79.16805083950591,527
79.50922023053573,79.60746511345916,79.39311929509213,79.50922023053573,780
79.98250873232243,80.1174097389534,79.79899305524056,79.98250873232243,658
80.28453455478324,80.3395710422605,80.06738609058985,80.28453455478324,690
80.07951984901378,80.14513392308672,79.97404920032173,80.07951984901378,613
80.04410142505573,80.05383820203603,80.00357710588455,80.04410142505573,498
80.08966385868241,80.18235592981566,79.81764145658106,80.08966385868241,631
80.14351358323572,80.2214831131112,79.92244591563369,80.14351358323572,486
80.64262241122158,80.71527224767215,80.31953902236785,80.64262241122158,717
80.96445678773283,81.13387902922071,80.80668813801273,80.96445678773283,906
82.0031285075178,82.04760733773374,81.74320043265591,82.0031285075178,429
83.10636299746014,83.23735989518188,82.96014443094113,83.10636299746014,701
83.14618778876711,83.43979211852057,83.13480495608508,83.14618778876711,237
81.22786001453743,81.42449571073723,80.88680222761461,81.22786001453743,779
81.84627624760105,81.84875426283986,81.61566956449846,81.84627624760105,752
81.57608807810753,81.61826254980963,81.19353843693726,81.57608807810753,824
81.17534611719203,81.38450670033194,80.8467840010347,81.17534611719203,581
80.97612347969735,81.07160472601691,80.76596006753,80.97612347969735,399
80.75280195629004,81.02768180598487,80.36878962037673,80.75280195629004,131
81.05893686134274,81.07289300178579,81.00081464439776,81.05893686134274,556
80.27921897177963,80.34081128219569,80.26984640940707,80.27921897177963,641
79.74035859888383,79.7929284121159,79.55870268692723,79.74035859888383,484
79.91193787598255,80.20668539159777,79.85404831304307,79.91193787598255,920
80.2234098911892,80.72064320473348,80.14876625531387,80.2234098911892,431
80.54418071365721,80.76819204123717,80.44708998938007,80.54418071365721,143
80.15066257419056,80.3088933042634,79.83730298269357,80.15066257419056,646
79.66152974955745,79.75288390509753,79.6149413951334,79.66152974955745,523
79.40821233266348,80.0753926425573,79.38982896824959,79.40821233266348,144
79.52814870880584,79.7849264654599,79.4405794729833,79.52814870880584,479
80.27088739344212,80.4761742155693,80.07052443432964,80.27088739344212,596
79.24716880055675,79.34870719623343,79.06706262989806,79.24716880055675,983
79.13680442207756,79.17092295503558,79.01312903797621,79.13680442207756,991
78.47046520156496,78.55194880849535,78.29413247188316,78.47046520156496,237
77.64434386288822,77.77222947132672,77.5789206316301,77.64434386288822,658
78.12782218556063,78.3063902964245,78.04132627091136,78.12782218556063,507
78.40013447281031,78.56330517482601,78.22940486348747,78.40013447281031,284
78.62485123078393,78.67543667162656,78.43748722206908,78.62485123078393,588
79.08536415064943,79.16854868246094,79.07916499671825,79.08536415064943,117
78.84550470226635,79.0636554454308,78.77192450640091,78.84550470226635,796
78.62918594409959,78.77939130546339,78.5574919180809,78.62918594409959,171
79.72205125246087,79.90114329719584,79.66051092835409,79.72205125246087,734
79.59876572533109,79.76620762267683,79.3656937053624,79.59876572533109,270
79.96633178185813,80.11109166514701,79.76710515072095,79.96633178185813,176
79.96952255233978,80.07240590467109,79.7439454458103,79.96952255233978,499
79.04539328730057,79.2274917136893,78.90025642433045,79.04539328730057,620
78.02307878539993,78.255327675896,77.94100632145026,78.02307878539993,300
77.73358667542998,77.94905863740243,77.50670856835573,77.73358667542998,854
78.26163730126497,78.31381146151415,78.01842399747969,78.26163730126497,680
78.65578312958297,78.9926172108511,78.50195013017722,78.65578312958297,338
79.11282171169499,79.41711013010809,78.7751402748461,79.11282171169499,416
78.61929862222684,78.97197943141055,78.48769114398836,78.61929862222684,622
79.42723486728799,79.49952773312069,79.32187709300327,79.42723486728799,419
78.9447882171948,79.02068406839714,78.7282128582844,78.9447882171948,649
79.05120041652978,79.0901681803269,79.02074064187049,79.05120041652978,621
79.04602427157592,79.18544005413605,78.77515626217755,79.04602427157592,627
78.95908736141863,78.97355316167909,78.51674129133939,78.95908736141863,576
79.62838343056643,79.7759086836206,79.42275108271319,79.62838343056643,424
79.27582817048345,79.41604087667929,79.25691797943894,79.27582817048345,565
78.60102554262748,78.6984027326876,78.46116356792422,78.60102554262748,854
78.6110232857307,78.79133638479139,78.60800904187425,78.6110232857307,858
78.41110991858743,78.56474876558852,78.04391024579242,78.41110991858743,141
80.09980137812875,80.37435962807803,79.96887629528634,80.09980137812875,333
80.43805511634874,80.538841252341,80.2477367972181,80.43805511634874,655
80.23338482873942,80.49570523468421,80.09802662037325,80.23338482873942,536
79.70532904414587,79.87451577216646,79.34659475761798,79.70532904414587,775
78.76518483886147,78.91151149189892,78.54075489029054,78.76518483886147,761
78.25257529599276,78.29135968528907,78.16439833570443,78.25257529599276,379
78.31004618187232,78.38420546863223,78.14757759178205,78.31004618187232,303
79.0237105076697,79.46934139433964,78.64528781048854,79.0237105076697,842
79.58455507886366,79.61706067179891,79.43891833624575,79.58455507886366,902
79.69910249468685,79.76614616393033,79.51117763144642,79.69910249468685,405
79.53751866183562,79.72627241879549,79.08956922429816,79.53751866183562,950
79.6719248400417,79.85684041321427,79.51887748928581,79.6719248400417,945
79.41260584129941,79.45926335761088,79.12779111276599,79.41260584129941,609
80.27178783918134,80.30401333651854,79.87778676789213,80.27178783918134,395
80.1771927485438,80.58199845581966,79.9119291051719,80.1771927485438,121
80.13402381942043,80.1539758744833,79.93261400989796,80.13402381942043,786
79.0261126069101,79.1144506277958,78.88292325903323,79.0261126069101,341
78.92839518364872,79.05756498130752,78.73047427509725,78.92839518364872,942
79.34663725263118,79.69199789317254,79.2855895981807,79.34663725263118,677
78.8127759641119,78.97709911455934,78.77674288936609,78.8127759641119,493
78.4374157968655,78.90702947628566,78.39699841557791,78.4374157968655,526
78.83377130573233,78.83491587391332,78.76425155153737,78.83377130573233,552
78.0954426939733,78.13641482082757,78.05017581069517,78.0954426939733,606
78.62434319774425,79.07233623619054,78.60151798287244,78.62434319774425,705
78.3582712526577,78.72460149840043,78.25755962757516,78.3582712526577,312
78.1639871424121,78.34420779980897,78.09362322443623,78.1639871424121,340
77.6020479398493,77.62926723158563,77.53927933346839,77.6020479398493,508
77.79107107006324,77.83057693755707,77.4114939025264,77.79107107006324,721
79.02100706257792,79.13091598073993,78.94475687264318,79.02100706257792,658
79.41175568230824,79.42795326418867,79.37492257874725,79.41175568230824,971
78.97961305133798,79.23152559711193,78.93184818615057,78.97961305133798,767
79.54742334408371,79.6188619198827,79.35453621522076,79.54742334408371,691
79.38908357111659,79.8533806395321,79.17076654048114,79.38908357111659,144
80.07632606183037,80.08147993300582,80.05561075747536,80.07632606183037,968
80.47966426291255,80.59973560176526,79.97809905570153,80.47966426291255,806
79.00809348017668,79.211351068728,78.9537870968322,79.00809348017668,336
78.50605366369916,78.85711587782582,78.2915082576793,78.50605366369916,822
78.97824627511686,79.04445670886693,78.8330177878474,78.97824627511686,879
79.05407491118937,79.33222009701765,79.01870738813231,79.05407491118937,694
78.54219693733545,78.60542019346153,78.43641582245873,78.54219693733545,212
78.22540217958854,78.41862748421435,78.0535217400418,78.22540217958854,878
77.27228386954386,77.62146459598098,77.07798666989024,77.27228386954386,606
77.22809722578066,77.33225251472746,77.01904548781152,77.22809722578066,742
78.33344208878854,78.3343297933105,78.27484903001593,78.33344208878854,928
78.7359087841547,78.87334427917443,78.67423846000148,78.7359087841547,549
79.83111728474891,79.88596029177495,79.66075738134118,79.83111728474891,667
80.2723158296439,80.2861597112322,80.24117877825238,80.2723158296439,989
80.78605550132025,81.05134246678185,80.59906593382665,80.78605550132025,849
81.77309484519276,81.82720219262501,81.66873647021093,81.77309484519276,637
81.96172647486387,82.08637755955556,81.69873733193529,81.96172647486387,953
81.86811281411043,81.89266709924779,81.80019171347206,81.86811281411043,856
82.38444157242144,82.56490672464751,82.33388724048986,82.38444157242144,308
83.11136169098238,83.18809269575574,82.88877062334025,83.11136169098238,389
82.87137936962627,83.04700663324336,82.84337075528389,82.87137936962627,597
82.51059482845625,82.77442922002267,82.31959213043383,82.51059482845625,282
82.58002284467169,82.61145854465772,82.46908463497371,82.58002284467169,818
82.99577227813752,83.10061796775844,82.88611167795837,82.99577227813752,815
83.39481780246831,83.46208216439264,83.3284311644223,83.39481780246831,499
82.68273400237452,82.82636153412706,82.47855282566954,82.68273400237452,307
83.63853703590618,83.76161550105716,83.56730295404579,83.63853703590618,522
83.31795457120776,83.52856851472674,82.97198947522175,83.31795457120776,489
83.18542207276347,83.21506266648905,83.1424646390701,83.18542207276347,465
82.73409489276956,82.87464030585502,82.64339961184075,82.73409489276956,683
84.0832593107381,84.0867876724851,83.76193416699553,84.0832593107381,535
84.20429464588209,84.48007689448242,84.02727417413801,84.20429464588209,411
83.7788071055413,83.83756444319624,83.53268941750584,83.7788071055413,438
84.21076888052252,84.32935904240755,84.05342545958072,84.21076888052252,246
84.59533677017754,84.74578367748303,84.26076424277504,84.59533677017754,815
84.50147325838759,84.7067571338145,84.45953342754495,84.50147325838759,556
84.92177661477928,85.38539706687203,84.81547054216563,84.92177661477928,960
84.50913063436384,84.66742416286641,84.40802676118389,84.50913063436384,510
84.26267149688921,84.49905029176361,83.95191210760122,84.26267149688921,744
83.25756316960619,83.29267161837322,83.12705258881566,83.25756316960619,381
82.5955876274964,82.77068863746528,82.55161183454473,82.5955876274964,513
83.49940303033175,83.5176809647418,83.43124930044694,83.49940303033175,689
84.32011734419291,84.53075862340144,84.30504389618486,84.32011734419291,196
84.3530116685174,84.37472850087347,83.85214830809403,84.3530116685174,262
85.18447739211231,85.3040958466678,85.17831516907285,85.18447739211231,942
85.10444014880817,85.18584651419738,84.93349801828676,85.10444014880817,536
84.98273499752422,85.1041860010752,84.7518355521456,84.98273499752422,295
85.01099032175699,85.24393247880498,84.76046132029438,85.01099032175699,727
84.9485295240952,84.9965756492493,84.77667862329959,84.9485295240952,260
84.84093136231512,84.84652091657078,84.7082139704753,84.84093136231512,354
85.4126304158899,85.57849920093516,85.27669215003817,85.4126304158899,169
85.48769824286799,85.65891840835543,85.23435969555136,85.48769824286799,511
85.8439391250849,86.03488109182348,85.72289920502453,85.8439391250849,813
86.35962938772357,86.41294384470937,86.23348041437086,86.35962938772357,135
86.55372228555093,86.65209817651383,86.46863715770316,86.55372228555093,404
86.06858662259681,86.2292550176549,85.96873003442761,86.06858662259681,829
85.3921536781148,85.75824737311456,85.2829006291123,85.3921536781148,569
85.46654399551845,85.9009426374173,85.41291425872981,85.46654399551845,408
85.38091584310598,85.4516568515571,85.24367913180504,85.38091584310598,296
85.42461155756604,85.4429553475157,85.24010229187643,85.42461155756604,997
85.41658453794174,85.4541531019545,84.92576648772892,85.41658453794174,580
86.70837136802503,86.92987121604865,86.56699293340101,86.70837136802503,435
86.04325824020435,86.30438735257236,86.01014013923685,86.04325824020435,938
85.04828510529379,85.40373786503172,84.92626945649099,85.04828510529379,803
85.2144735220536,85.30967568206673,84.92024296965859,85.2144735220536,888
85.0262622447595,85.28762651299172,84.61894658499243,85.0262622447595,390
85.18429617962447,85.53595061119952,85.17394750998267,85.18429617962447,529
85.47623769076647,85.56428729680854,85.14648049762047,85.47623769076647,697
86.11829003835592,86.28295994602846,86.09057855506973,86.11829003835592,982
85.36467712816395,85.41294140575152,85.29241005082564,85.36467712816395,531
85.08631817923536,85.1441136308886,85.0814446107362,85.08631817923536,633
85.30069880867575,85.4057213972529,84.864857786294,85.30069880867575,745
85.68593060651936,85.89431312735486,85.53554976118873,85.68593060651936,609
86.78265538166356,87.0122968400579,86.59594033132348,86.78265538166356,604
87.2605073672205,87.62825826740293,87.25488658644008,87.2605073672205,987
87.23211306927736,87.55325109084153,87.16562568704637,87.23211306927736,772
86.78689519280603,86.96195990632424,86.57562741949026,86.78689519280603,906
86.50475026644652,86.51931062531898,86.35292294197801,86.50475026644652,654
86.20839885496797,86.55056056379082,86.0448370955391,86.20839885496797,508
86.53601566922485,86.78259938656035,86.23382651575683,86.53601566922485,501
86.66451439201776,86.73186299802734,86.6492876812498,86.66451439201776,140
86.00268960659668,86.16555756951026,85.9862584346986,86.00268960659668,483
85.78473887205146,86.38417853039529,85.78453449161093,85.78473887205146,985
86.22351264877717,86.24454464514741,86.07058372524462,86.22351264877717,390
86.3993438262642,86.5258734765522,86.27432130269,86.3993438262642,891
86.68366613427058,86.71815010468886,86.45797680219675,86.68366613427058,282
86.87512698929922,86.92443740839869,86.78690986629907,86.87512698929922,863
87.68834235660364,87.79324970440366,87.49699314128819,87.68834235660364,971
87.80636388851583,87.89468890207867,87.41622450963182,87.80636388851583,139
87.61335248958048,87.86423270152598,87.43046920915803,87.61335248958048,698
87.1554749690137,87.28858174241543,87.12401515458166,87.1554749690137,324
87.28027969811855,87.4319286533495,87.15389335444766,87.28027969811855,384
86.059927690731,86.41090186103945,85.91799764969564,86.059927690731,237
85.96778318981464,86.14841670821359,85.84995110202851,85.96778318981464,434
85.86486325985396,86.2672595329951,85.85032174730671,85.86486325985396,237
85.18262783304532,85.52889274882058,85.02570225045365,85.18262783304532,573
84.71849491371732,84.8182906623285,84.71841107292818,84.71849491371732,587
85.12332367879144,85.1806964473553,85.11093627448791,85.12332367879144,675
85.23867955332892,85.5037322739544,85.19370748055236,85.23867955332892,728
85.28957372018259,85.30109827281451,85.18970235375164,85.28957372018259,709
85.4427474871486,85.49205820866379,85.2638993128846,85.4427474871486,245
85.48906128112306,85.60497753072002,85.34058086755422,85.48906128112306,997
86.11049256255221,86.28467232664579,85.701436579019,86.11049256255221,508
86.17220715340403,86.20009018527331,86.05009429372618,86.17220715340403,609
85.44310059649466,85.68298984808573,85.34341773213316,85.44310059649466,184
86.25816557893187,86.27468368230694,86.07723531710982,86.25816557893187,662
86.4433357125963,86.46930297776618,86.25274666045397,86.4433357125963,706
86.14870884719876,86.30956243148864,85.98571147033674,86.14870884719876,889
85.52200798805126,85.55501611535881,85.36006065074685,85.52200798805126,108
85.71996509853028,85.75167502916221,85.56798229975176,85.71996509853028,958
85.66137909604309,85.89646989851092,85.59154741928563,85.66137909604309,188
86.44845248905929,86.76957916967184,86.23650224608602,86.44845248905929,188
86.27549884872587,86.29070863026529,86.11952177785946,86.27549884872587,318
85.85680845388464,86.00886093382533,85.61007412278279,85.85680845388464,941
86.3047065630026,86.47865897463785,86.25011509710126,86.3047065630026,449
86.76734750936102,86.91812992239944,86.72777952251562,86.76734750936102,990
86.85167319316612,86.95324916217984,86.83131190572087,86.85167319316612,999
87.18985171700358,87.33061836861746,87.11069095017125,87.18985171700358,504
87.17100815663245,87.34810227322048,87.08715616715826,87.17100815663245,991
87.28794070713708,87.59396689288575,87.25698446633513,87.28794070713708,897
87.87043614841905,88.2174982891376,87.67000847280107,87.87043614841905,260
88.1830953154298,88.43826951541018,87.98149090309646,88.1830953154298,142
88.09845809626349,88.10515305832887,88.0267481963358,88.09845809626349,573
88.77463936922656,88.90967224942422,88.69514534128277,88.77463936922656,857
87.59221168283081,88.18741817763271,87.39113239006993,87.59221168283081,357
88.61824833854178,88.88279690491774,88.43340539995884,88.61824833854178,954
87.7652687910964,87.79149123033208,87.69837410741009,87.7652687910964,258
87.45172237871026,87.76527684822821,87.40638993811103,87.45172237871026,231
87.43126361111273,87.45145300517065,87.16575794591881,87.43126361111273,658
87.35802327574865,87.57652835868433,86.94369610482623,87.35802327574865,951
87.86122879576193,87.98111699882318,87.37581531665094,87.86122879576193,700
87.33231048645682,87.55212509896761,87.17623077077594,87.33231048645682,144
87.46269389519836,87.73594322107778,87.21747661896454,87.46269389519836,420
87.17358784608848,87.25638889311617,87.15522516934097,87.17358784608848,293
87.32115833575719,87.5060967818619,87.00040441719457,87.32115833575719,617
87.28877220585825,87.63228824686712,87.22152558857817,87.28877220585825,362
87.33524003219974,87.46311260089706,87.31528759844626,87.33524003219974,534
87.06027761596756,87.62967953375909,86.56042370804384,87.06027761596756,807
86.80524564091952,86.89876754760297,86.62952444623419,86.80524564091952,629
86.94888189793323,87.09381674026969,86.94477776401824,86.94888189793323,986
87.42073965081126,87.4493049785303,87.38100640027046,87.42073965081126,396
87.12159998371233,87.39727142799684,86.87863324092486,87.12159998371233,600
86.68721621142588,86.76044014930095,86.54146190569062,86.68721621142588,718
86.99394629426179,87.01883381384317,86.88325689081162,86.99394629426179,168
86.97769434773295,86.99703248831031,86.70105220178628,86.97769434773295,124
87.39294341472592,87.40084276696636,87.36619746998122,87.39294341472592,667
86.94004480804034,87.07052450013283,86.69245410174253,86.94004480804034,612
86.05032534532863,86.07778355891071,85.97323141950626,86.05032534532863,282
85.78382330441546,85.81984382468573,85.71672595578227,85.78382330441546,998
85.40064699978295,85.40215993171788,84.9966167099474,85.40064699978295,153
85.3612527997428,85.54995616337334,85.19687024445922,85.3612527997428,180
85.04283019260761,85.39495579953251,84.6319898258894,85.04283019260761,259
85.41333866827584,85.58142562080978,85.29350628476665,85.41333866827584,485
85.26926353706459,85.34766226202213,85.01636829515517,85.26926353706459,548
85.34450078645153,85.50950316613277,85.22233260858027,85.34450078645153,837
85.423318065672,85.46073837311646,85.36775396537011,85.423318065672,363
85.5207956118781,85.6284655033803,85.4176782428074,85.5207956118781,720
85.50873105665062,85.55669042339902,85.48859245345182,85.50873105665062,408
85.76403140185577,85.98475678394473,85.68772891165555,85.76403140185577,143
85.36620383494287,85.87137017210378,85.20252578399747,85.36620383494287,300
86.0659127982698,86.16426877618994,85.83865876037605,86.0659127982698,383
85.94764410658554,86.03968151636512,85.77046978370744,85.94764410658554,246
85.2918695376362,85.38395399123308,85.18540590934373,85.2918695376362,539
85.38590621613208,85.56520010368213,85.3400499397206,85.38590621613208,503
84.96031597490834,85.19956817256971,84.75286089878037,84.96031597490834,810
85.29298324216278,85.47563936577083,85.27551495095777,85.29298324216278,845
86.39778603018397,86.5114564598925,86.30086660968225,86.39778603018397,283
86.00449998440504,86.16314512796707,85.97617978188902,86.00449998440504,646
86.17068615101704,86.31981024445147,85.94759930031128,86.17068615101704,308
85.29293335666472,85.41685810760258,85.28947945146359,85.29293335666472,971
85.51988597138539,85.67037321154889,85.49372954934708,85.51988597138539,674
85.07702907148554,85.23057490003926,84.92504442721727,85.07702907148554,181
84.7646117622683,85.05373877159992,84.55089414833961,84.7646117622683,362
84.21396851734839,84.2786867316046,83.80588634431872,84.21396851734839,866
84.58004413037575,84.68042300834787,84.54479136734166,84.58004413037575,138
85.08369630911238,85.5035462129634,85.0129263087947,85.08369630911238,385
85.09538891644164,85.23663358725526,85.05951195517822,85.09538891644164,122
84.66317556377378,84.67692791394273,84.65757138362842,84.66317556377378,695
85.4579370818257,85.66877371475317,85.28218260610915,85.4579370818257,573
85.08273201794837,85.27298749572368,84.99097090264287,85.08273201794837,402
84.00171586798466,84.06727893003253,83.94598769955294,84.00171586798466,305
84.2309103729632,84.33425646046757,84.21510308404042,84.2309103729632,531
83.67852303614244,83.72515022265145,83.43456010030857,83.67852303614244,194
84.17282743289202,84.4623989861223,84.14244798788248,84.17282743289202,574
83.98225858455531,84.0380797558273,83.96950992108847,83.98225858455531,674
84.28411520482742,84.29973834332411,83.95670676196336,84.28411520482742,475
84.98486537810349,85.07022267228818,84.9252422465778,84.98486537810349,236
84.38043594579314,84.52154565875233,84.34043369780424,84.38043594579314,250
84.09746738034694,84.12857238786367,83.91374385926899,84.09746738034694,728
84.05963184401841,84.26031860617006,83.89213489895633,84.05963184401841,802
84.82840750353559,85.02217232634258,84.55325942616035,84.82840750353559,301
84.49921614456537,84.89893725787647,84.14644209815391,84.49921614456537,349
84.20196429659086,84.36822857841598,84.19618503906112,84.20196429659086,698
84.44103458436877,84.5998237450952,84.33314937207689,84.44103458436877,173
84.15242022151348,84.41717232911593,83.8269963366354,84.15242022151348,421
84.22868316296228,84.36579483560573,84.06955698840865,84.22868316296228,648
83.45291445247823,83.56384089260636,83.43652061154546,83.45291445247823,736
84.56007942375652,84.58538463366224,84.27471065983337,84.56007942375652,265
83.88622480860182,84.04120771958462,83.62202637089196,83.88622480860182,100
83.72534845660672,83.7826041012231,83.65809706581508,83.72534845660672,437
83.70910793868568,84.0699977330831,83.65936196802585,83.70910793868568,390
84.66545200586407,84.68514106869942,84.55009350827888,84.66545200586407,170
84.0030291153977,84.27163073214493,83.99728310942012,84.0030291153977,207
84.99488118313707,85.16970399950064,84.71670706495621,84.99488118313707,589
85.37346959368809,85.52055825092891,85.18581769294843,85.37346959368809,697
85.58201725589971,85.98431552099208,85.31036469880767,85.58201725589971,280
85.08970041239074,85.27553832470028,84.99111555178594,85.08970041239074,124
85.37527103340977,85.40077262919161,85.13840056998502,85.37527103340977,909
85.01352772219987,85.10231302108684,84.97504410803639,85.01352772219987,250
85.64685834879907,85.94344095703465,85.28047758354404,85.64685834879907,364
85.1613273342452,85.16244476103884,84.87577329726277,85.1613273342452,302
85.10474808701716,85.1114584063808,84.73726475763036,85.10474808701716,662
84.82711154301057,85.08771192737353,84.57137124885637,84.82711154301057,574
84.33335006179708,84.62800609637581,84.17804677696111,84.33335006179708,319
84.70400997025104,84.80133386627666,84.47020523240717,84.70400997025104,668
84.97173934395585,85.14608037016812,84.6409764684915,84.97173934395585,181
85.57624444340634,85.61430102539082,85.57407637546129,85.57624444340634,263
84.68630688930226,84.91647381923913,84.54528677941894,84.68630688930226,368
85.21839224047278,85.23566923734307,85.0275854327282,85.21839224047278,282
86.47111669315123,86.48198694803128,86.37622145900247,86.47111669315123,279
86.24529614856276,86.42870175431092,86.19091540849963,86.24529614856276,895
87.19287045461725,87.50491885012799,87.1217350055923,87.19287045461725,697
87.06128981858734,87.43222224535926,87.03959270621951,87.06128981858734,571
86.37508494980669,86.60134475985664,86.21296359458753,86.37508494980669,210
86.2222687286033,86.50077124203099,86.1361957560364,86.2222687286033,769
86.74637071244094,86.77752109400718,86.67110982773814,86.74637071244094,144
86.32728247127517,86.34729173349591,85.95595520894447,86.32728247127517,649
86.02711314177192,86.08191163640453,85.72730682067552,86.02711314177192,631
86.32388285791852,86.40568642748151,86.18666640002965,86.32388285791852,708
86.3254129162878,86.4016667456814,86.25390118714175,86.3254129162878,530
86.61772439253117,86.78135949762547,86.23440605878736,86.61772439253117,457
86.73663916291034,86.81711739671597,86.73437584623318,86.73663916291034,158
86.97645182268612,87.00055549756195,86.95639943051367,86.97645182268612,323
86.76030122978135,86.79174657315957,86.73058081527182,86.76030122978135,909
86.87616670079655,87.06352956418108,86.27340804425295,86.87616670079655,288
86.41248019794858,86.5051691855718,86.28625652318989,86.41248019794858,158
87.05669700920028,87.07123490180736,86.89256416380894,87.05669700920028,107
86.73955965079162,86.74673991031165,86.63491316034974,86.73955965079162,583
87.30398339456632,87.37303749648878,87.1682555960328,87.30398339456632,924
87.18717991407489,87.28084965178678,87.0260460334387,87.18717991407489,505
87.28817941945356,87.45248718291519,87.25531523206739,87.28817941945356,713
87.0406971440082,87.25586885637578,86.86564850049287,87.0406971440082,951
86.5326994284242,86.61499073037749,86.14050690373985,86.5326994284242,571
85.66031923462154,85.78254045371074,85.63015945649472,85.66031923462154,120
85.1326571553253,85.35923371799616,85.07643210951161,85.1326571553253,483
84.97070272871734,85.28530443724725,84.76039149195526,84.97070272871734,511
85.07664231813179,85.08925785321763,84.79731168494492,85.07664231813179,404
85.58183197477342,85.92112360566271,85.40518046689502,85.58183197477342,827
85.358953244875,85.61871395568537,85.26836182696738,85.358953244875,409
84.91797286274141,85.0692916864427,84.78288820837315,84.91797286274141,330
84.19661546974005,84.2375725212612,84.17020906765711,84.19661546974005,335
84.4366472786921,84.6937446686339,84.24578087609476,84.4366472786921,762
85.12824453635677,85.36920740454427,85.0201055707777,85.12824453635677,679
85.76140967033491,85.78020014346137,85.62711172719357,85.76140967033491,145
86.11637604440853,86.19629295505008,86.04949889322913,86.11637604440853,321
86.43564770304232,86.6697506890681,86.42337794997607,86.43564770304232,851
87.284459592897,87.49081197379692,87.16914497910777,87.284459592897,255
87.4505003236054,87.5526361002386,87.231452838423,87.4505003236054,194
87.77356516161748,88.09542257895497,87.67415224029185,87.77356516161748,708
87.61317323069149,87.62072158993321,87.59838676065631,87.61317323069149,917
86.9321515452641,87.00934289251583,86.63713370097025,86.9321515452641,182
86.59022709501431,86.70823842971993,86.50542450876388,86.59022709501431,344
86.58564757574699,86.88162055684876,86.56808154962845,86.58564757574699,674
86.61604026199764,86.67173201988712,86.37710827997266,86.61604026199764,109
87.57918318942534,88.02143177948184,87.51666471846524,87.57918318942534,188
87.61982177322088,87.69721859305241,87.37064130319904,87.61982177322088,776
88.2092434952337,88.52309173149064,88.16731149269415,88.2092434952337,425
87.99170487444553,88.14216263879783,87.8783910136275,87.99170487444553,385
87.83586693156292,87.8789760585649,87.72543122055144,87.83586693156292,314
87.1713631129512,87.32566761912642,87.10378204767875,87.1713631129512,947
86.8001991065129,86.80188183970718,86.25808578219706,86.8001991065129,171
87.06368980219479,87.12323693197104,86.32536490195523,87.06368980219479,307
87.06746989239186,87.21269539666193,87.03899723407368,87.06746989239186,238
87.53893920234047,87.91723022539432,87.52110090027875,87.53893920234047,857
87.629566176513,87.68968356144082,87.32128418211359,87.629566176513,478
87.45333931069412,87.55655134600019,87.1604254575018,87.45333931069412,740
88.5274877425876,88.56543805403953,88.509097951053,88.5274877425876,501
88.48053595823107,88.98447748736015,88.41330169176875,88.48053595823107,711
89.06203644308373,89.08901786635136,88.92161361524838,89.06203644308373,622
88.86143183981139,88.98031457952698,88.81394430834773,88.86143183981139,439
89.21623157950317,89.44524516279968,88.97904313886954,89.21623157950317,275
89.68023940907902,90.04541962790154,89.17934608726301,89.68023940907902,928
89.78448539436681,89.85720224913605,89.76444092449117,89.78448539436681,456
88.60724393301851,88.73817233158341,88.50044899889669,88.60724393301851,477
88.61637016344656,88.69570939943961,88.3638558186241,88.61637016344656,415
89.23160018732655,89.23459427093275,89.06598854250542,89.23160018732655,981
89.49534060384042,89.72943294569814,89.18022525400443,89.49534060384042,761
89.71826004145504,89.74484573442054,89.59486627356372,89.71826004145504,174
88.85713157447628,88.95343063858971,88.57510397947279,88.85713157447628,198
88.49690403913876,88.60393689257228,88.47008630202208,88.49690403913876,364
88.70258285471448,89.04067338863165,88.51578799031076,88.70258285471448,854
88.90777449310792,89.0751957584573,88.84018782998747,88.90777449310792,182
89.51510788317438,89.57180320397818,89.17712391627302,89.51510788317438,904
89.44267450560133,89.61233794954225,89.05909724048263,89.44267450560133,681
89.64558654893824,89.66104444896811,89.59815154893431,89.64558654893824,327
89.65377366990388,89.69146903368278,89.54549659578583,89.65377366990388,783
89.1603023016531,89.44607553174303,88.9481605283898,89.1603023016531,230
88.03240663610573,88.30387493524898,87.92352136160864,88.03240663610573,109
88.24791148217078,88.2818901225043,88.16046283865107,88.24791148217078,999
88.33488508637718,88.44235817136415,88.23007120582197,88.33488508637718,667
88.0257975653271,88.16034166289913,87.68832633029156,88.0257975653271,644
87.21621103706916,87.34187073547271,86.93819195441927,87.21621103706916,343
87.53108079427352,87.57058651513177,87.05460732252122,87.53108079427352,325
87.39812075717575,87.66501722732444,87.33362896561475,87.39812075717575,327
87.67655811835982,87.89999765150792,87.62742142208155,87.67655811835982,344
88.6085823835657,89.03416599851715,88.35591693174212,88.6085823835657,543
87.53786694340585,87.6868415004611,87.38797534883348,87.53786694340585,714
87.18806653905466,87.42397003038276,87.07144488557202,87.18806653905466,808
87.0833787323987,87.10984053653641,87.06794032568669,87.0833787323987,986
87.81079181947203,88.25246147234,87.71878631925131,87.81079181947203,912
86.99259030986879,87.37478349698723,86.92530833601002,86.99259030986879,924
87.96052082270909,87.98872396640702,87.76758196125101,87.96052082270909,560
88.02844877349223,88.12370177694353,87.8638745588643,88.02844877349223,820
87.9804484426253,87.9871784343324,87.82367160217325,87.9804484426253,481
87.88141856101585,87.95780289501646,87.88082449855142,87.88141856101585,291
87.66328704492584,87.80689366136029,87.35206000883105,87.66328704492584,738
88.18734542456042,88.30728979374669,87.93785970155601,88.18734542456042,621
87.6530850475192,87.68276957695103,87.62598018801336,87.6530850475192,941
87.82579213834113,88.05176975592168,87.80025712945834,87.82579213834113,677
87.63370130548765,87.64263858577569,87.5956549986363,87.63370130548765,969
87.2526345812306,87.3303836399649,87.24362587436397,87.2526345812306,952
88.54562216907254,88.63963120610352,88.0418321276949,88.54562216907254,257
88.75514753644927,88.819248818969,88.7297998496511,88.75514753644927,355
89.06178030877984,89.4259122074197,88.98596437888239,89.06178030877984,949
89.63066869911418,89.67648671979082,89.61044234204188,89.63066869911418,646
88.9199937264549,89.38346447957788,88.71600271795283,88.9199937264549,605
89.79613968101592,90.01336161828104,89.78621400314043,89.79613968101592,920
88.54166109176838,88.79876119106525,88.40471542004113,88.54166109176838,266
88.15727788674911,88.16820911093166,88.07806869386867,88.15727788674911,979
87.92776205015966,88.04835361193594,87.86967893479112,87.92776205015966,121
88.21862373264491,88.48275206455088,88.19644857286852,88.21862373264491,166
88.32798286571565,88.3559192587727,88.00819844287724,88.32798286571565,809
88.24457549536646,88.5352549165294,88.19595983635887,88.24457549536646,711
88.2385768230526,88.31641905209194,88.04137261821839,88.2385768230526,947
87.7495653112913,87.76575759623866,87.68566322586473,87.7495653112913,806
87.00094911404922,87.20302328408728,86.57809966410267,87.00094911404922,711
87.36420492521725,87.43237908348651,87.33672518386668,87.36420492521725,686
87.71105798148534,88.02551313743025,87.44864551272877,87.71105798148534,987
88.50330516906386,88.5230826122349,88.23502401543709,88.50330516906386,116
88.10829662065626,88.41074360278938,88.07835007375465,88.10829662065626,758
88.45470422580672,88.46209246310022,88.25761786463286,88.45470422580672,861
88.31285086162436,88.86114874751983,88.09462313498506,88.31285086162436,354
88.90808835422109,88.9857313525393,88.65212811976593,88.90808835422109,287
89.41906974256017,89.45876103046898,89.04541897629107,89.41906974256017,427
89.5246744421724,89.89049332495664,89.42368825125004,89.5246744421724,479
89.35490936383941,89.69075098185017,89.05379632682049,89.35490936383941,445
89.83537545314354,90.03039688180131,89.63570902582904,89.83537545314354,339
90.15882771477182,90.30530426389083,89.99460326285012,90.15882771477182,572
89.81660751372873,89.99810678987592,89.7849980893584,89.81660751372873,406
89.15270817698901,89.15983588917534,89.00744096214113,89.15270817698901,275
89.00844172664812,89.1372823263121,88.82261840568778,89.00844172664812,412
89.76614863432222,89.78615835987777,89.47142801228965,89.76614863432222,643
90.33939221368874,90.37993621957608,90.20172542692053,90.33939221368874,434
89.78322847885345,90.02322759487217,89.60536885499475,89.78322847885345,478
89.19934977090348,89.30158933061576,88.98331641568045,89.19934977090348,733
89.83669169574323,89.92524236000504,89.6024114477007,89.83669169574323,935
89.26887374336431,89.27725735141203,89.20564142803623,89.26887374336431,639
89.52352140518532,89.53990990166369,89.40127615115624,89.52352140518532,999
89.21548579751716,89.60296264575304,89.09039308950803,89.21548579751716,800
90.024008259778,90.1702157648551,89.90736590482041,90.024008259778,432
89.63879586020906,89.80928411317332,89.46943209065759,89.63879586020906,239
90.21047662531197,90.24367030687095,89.79921642327346,90.21047662531197,882
90.30290595234216,90.34693499041241,89.9400358370642,90.30290595234216,384
90.4290033794593,90.51522337736444,90.30799635129695,90.4290033794593,442
89.44384908878361,89.59935904188843,89.35776840423728,89.44384908878361,368
88.34239241218074,88.36447239300055,88.27643516692868,88.34239241218074,905
88.23210944204709,88.2765849918332,87.92211011684336,88.23210944204709,285
88.3555624737554,88.38768473418644,88.33300099617111,88.3555624737554,209
87.79296355988653,87.79659693616762,87.77305524350739,87.79296355988653,866
87.24861685464836,87.83625446807952,87.13341451740068,87.24861685464836,134
87.52935316956143,87.66267702506038,87.46748333516112,87.52935316956143,943
87.81078040979,87.94592271582174,87.3345219308469,87.81078040979,321
87.74190987959604,87.88072922895839,87.52245529357104,87.74190987959604,721
88.13201074018907,88.25104454000412,87.94764548188762,88.13201074018907,872
87.544909592329,87.60319086459879,87.19867021200113,87.544909592329,613
87.36694213378551,87.58422432445664,87.17826599672637,87.36694213378551,845
88.19088093667735,88.28919252055786,88.15431120568216,88.19088093667735,897
88.22504200164725,88.32589345054409,88.0053655357678,88.22504200164725,198
88.28819825894075,88.35123667092545,88.1841552537618,88.28819825894075,730
89.44117155192463,89.58413488962064,89.3059219164777,89.44117155192463,109
88.74150046900024,89.11312547174697,88.73474252988422,88.74150046900024,684
89.1397156523213,89.28108633262417,88.90163525463623,89.1397156523213,308
89.97170879222534,90.00570462946753,89.71521864429162,89.97170879222534,735
89.80927982897607,90.04373632835666,89.58836450322254,89.80927982897607,137
90.23909522240349,90.58883782988724,90.18318738861493,90.23909522240349,193
89.74808547379804,89.80966466680573,89.72884425381795,89.74808547379804,332
89.40471927601436,89.5435232934265,89.39345449671569,89.40471927601436,986
89.59720248403818,89.85362416232348,89.48203565199728,89.59720248403818,262
89.99648582059348,90.10594339723455,89.81035590768192,89.99648582059348,938
90.5569540767966,90.70359724432092,90.28306695447232,90.5569540767966,751
91.34176837026635,91.46907677788148,91.2417467486606,91.34176837026635,341
91.30804509098876,91.55176672585566,91.23038937924913,91.30804509098876,781
91.90485096857505,91.97488917464585,91.84810153236347,91.90485096857505,197
91.73369854685048,92.0933986458874,91.4798894045797,91.73369854685048,482
92.18474420264461,92.19878137312915,92.03066075328476,92.18474420264461,678
92.2884886015707,92.49124734976465,92.18184062773962,92.2884886015707,388
92.51132755511166,92.65602857692406,92.4669276361858,92.51132755511166,715
92.72308149212269,92.78332532093333,92.63624380097957,92.72308149212269,240
91.92072898722378,91.98851451349361,91.74993995586709,91.92072898722378,302
91.3586680577934,91.38697991117256,91.11923657365499,91.3586680577934,587
91.40993877770215,91.55057004098607,91.27103740760802,91.40993877770215,503
90.56629923788157,90.63984635453676,90.55771484020937,90.56629923788157,516
90.98190478948145,91.06104429080305,90.75090794944491,90.98190478948145,901
91.41768277262553,91.42064597461163,91.38377882107821,91.41768277262553,405
91.58126804906442,91.76836692824011,91.54238042361729,91.58126804906442,236
91.02070104268546,91.05841941290672,90.94124136037682,91.02070104268546,874
91.71077051211972,91.72655584727464,91.4784639318774,91.71077051211972,717
92.7293758319789,92.80425592157869,92.23725210753436,92.7293758319789,229
92.80291424570188,92.83536395369359,92.7261683366449,92.80291424570188,872
93.0581819349275,93.21487956059669,92.5876944458016,93.0581819349275,724
93.15905126232552,93.33557071955423,93.11133872773964,93.15905126232552,933
93.42423585682492,93.57938893388146,93.27179954018514,93.42423585682492,215
93.36445647851173,93.58109681514864,93.09423523766897,93.36445647851173,237
93.34717435858983,93.4109979765294,93.10256284181155,93.34717435858983,514
93.8000331588385,94.0031017160927,93.4603731924964,93.8000331588385,260
94.97284523978672,95.04338539878745,94.96011684124409,94.97284523978672,719
94.27280962258585,94.43855771332296,94.20465196734504,94.27280962258585,347
94.22090338038437,94.33911252452974,94.16517243430606,94.22090338038437,978
93.63067313776833,93.84090585903837,93.55707880987114,93.63067313776833,233
94.42668558705637,94.74565075803653,94.23196577418278,94.42668558705637,625
94.13281660239642,94.39536141625095,93.9064417976172,94.13281660239642,689
93.41121620550352,93.6385904418304,93.35674806947719,93.41121620550352,370
93.7303097049278,93.87974702295283,93.49337699757228,93.7303097049278,324
94.60246526229936,94.80245466765804,94.46235589913286,94.60246526229936,220
94.93426419657975,95.19774098016771,94.75985044168625,94.93426419657975,834
95.0366631352207,95.47801968014373,94.7554775545261,95.0366631352207,820
95.24123359660871,95.57853960854678,95.09898974207213,95.24123359660871,562
95.94865392802149,96.16560521485324,95.92335603663697,95.94865392802149,339
95.51155429301441,95.66618066577506,95.17011005602365,95.51155429301441,120
95.45563074097126,95.55823932564442,95.16522202193143,95.45563074097126,547
95.22928566671649,95.38467003766853,95.18314348788815,95.22928566671649,896
94.64535301307063,94.7601041231515,94.56323994864587,94.64535301307063,428
94.48116538336222,94.8786722155669,94.40869259218276,94.48116538336222,547
95.03502593135345,95.0586358246914,94.84447661215965,95.03502593135345,704
95.3183270055498,95.5617195209185,94.97153211585638,95.3183270055498,354
95.6404822556039,95.69111195561248,95.43919975499212,95.6404822556039,261
95.71372006143056,95.95443344067633,95.54005919834508,95.71372006143056,402
95.97538195279486,96.29357022450569,95.8372733266131,95.97538195279486,863
95.57508678162081,95.70715303418083,95.5141135859761,95.57508678162081,876
95.42033183865719,95.51882853560612,95.0583228179243,95.42033183865719,287
95.51633395714153,95.61046858613797,95.20451469292522,95.51633395714153,723
95.65509188658247,95.77816934853497,95.63915362638669,95.65509188658247,129
95.8151858140434,96.19723665029962,95.7173777810553,95.8151858140434,884
95.74601817303521,95.86565309363333,95.55389954298104,95.74601817303521,535
95.55730647247005,95.81714272299588,95.48659329959501,95.55730647247005,414
97.1361921139922,97.31938563026523,96.7907330782589,97.1361921139922,986
97.5895857504584,97.89863157345813,97.34168986170911,97.5895857504584,487
97.79615948843471,97.95682269698227,97.6990671438498,97.79615948843471,779
97.67955523933152,98.00880350915277,97.47245686693894,97.67955523933152,579
97.45394582585958,97.69785241304923,97.3840100049023,97.45394582585958,707
97.3885455289961,97.56942455358703,97.12856854600169,97.3885455289961,234
97.53495995078944,97.75561849935437,97.50079234566614,97.53495995078944,137
96.5947421787579,96.64443466298415,96.56471858528593,96.5947421787579,387
95.81004738107056,96.01767523807285,95.74311794934377,95.81004738107056,168
95.49160618660108,95.63302840285972,95.40151328662651,95.49160618660108,845
95.59517590499036,95.66597229152455,95.27262783118012,95.59517590499036,166
95.47553933141442,95.96136179884775,95.40809103911378,95.47553933141442,667
96.21459994446417,96.54308379364983,95.82970902509157,96.21459994446417,887
95.47340155096629,95.48212957745943,95.46718564731883,95.47340155096629,291
95.0977288161646,95.35632201864532,94.73789765135811,95.0977288161646,219
95.85777468666015,96.06122376051752,95.8476737085629,95.85777468666015,500
95.92333434899773,96.12166362464988,95.92211054808018,95.92333434899773,499
96.3657556403983,96.48596622741313,96.2850866468626,96.3657556403983,622
97.39137911203304,97.66873524349008,97.21892196867272,97.39137911203304,757
97.04447690308213,97.18102547204298,96.83495921863194,97.04447690308213,113
96.99481973418611,97.05413650161627,96.67281121431093,96.99481973418611,645
96.85860628372068,96.94391986607741,96.84696507309405,96.85860628372068,815
95.88130978147903,96.02036328152948,95.47912160456703,95.88130978147903,697
95.72611137960105,95.95156760428746,95.70229126590151,95.72611137960105,568
96.16664247329139,96.31009525446026,96.00037284523113,96.16664247329139,992
96.43693724419751,96.45977129774961,96.42099701890965,96.43693724419751,253
96.74647882889151,96.86850877800754,96.6697456408287,96.74647882889151,269
96.55872433857176,96.56924671324303,96.32343270714533,96.55872433857176,778
96.23067572056894,96.37036227698154,96.05685488292754,96.23067572056894,485
96.86530355651826,97.1961106565704,96.74843304486319,96.86530355651826,796
96.61664498333943,96.83851929723129,96.349743168917,96.61664498333943,405
96.76368600273604,96.99152242758879,96.74503108597266,96.76368600273604,724
96.8453533430748,96.90682740701425,96.73206061323837,96.8453533430748,755
97.57621185120337,97.82500023619659,97.25589334829837,97.57621185120337,417
98.06191803003955,98.12751997363623,97.77895413854435,98.06191803003955,453
97.414288719706,97.48219470935872,97.16109675494593,97.414288719706,310
96.82051213631847,97.0566373453775,96.80882618562991,96.82051213631847,994
97.10996704535303,97.3187842325178,97.01837644531236,97.10996704535303,802
97.07779822166344,97.26604950099723,96.88596062924427,97.07779822166344,897
96.85021232968656,96.96804103878344,96.77183572376236,96.85021232968656,793
97.3580262716838,97.45700864634377,97.2085192773147,97.3580262716838,554
97.45175596272826,97.6445462129392,97.38041674327384,97.45175596272826,766
97.47798465617298,97.68796736524689,97.2776108946486,97.47798465617298,953
97.8678989765505,97.92174600312775,97.82223640360665,97.8678989765505,291
97.68034447907873,97.68892594431226,97.35983304094239,97.68034447907873,692
98.46460397181501,98.46514111698765,98.39498799507531,98.46460397181501,434
98.0705801601985,98.17426728657401,97.97279667553022,98.0705801601985,943
98.39904469336955,98.51501572966221,98.38045433143147,98.39904469336955,997
99.11596111269947,99.33163394545844,98.86634592218151,99.11596111269947,660
98.42731336806342,98.52384637327168,98.36607634081388,98.42731336806342,915
98.2556457801372,98.38927561844055,98.16965093409188,98.2556457801372,666
98.82674947657998,99.02049840081342,98.70441557496027,98.82674947657998,947
99.40537175044548,99.4502827587636,99.32333930587924,99.40537175044548,166
99.31962395025137,99.53131404813557,98.77284586474684,99.31962395025137,726
98.95228840341294,98.99985117984262,98.91784685478189,98.95228840341294,211
99.43025631457832,99.5124277544056,99.09457750614969,99.43025631457832,770
100.02203086586911,100.22385154821472,99.77937742746741,100.02203086586911,206
99.43969919161292,99.51349922946322,99.31827373084298,99.43969919161292,125
98.83774236712972,98.89298444336978,98.79140460293867,98.83774236712972,721
98.95037070812153,99.23268004922001,98.85738652990317,98.95037070812153,165
99.26505102483597,99.36670448912864,99.18638172163068,99.26505102483597,513
99.11551648222094,99.44805768542165,98.79171323302141,99.11551648222094,816
99.45516339221211,99.7069723930249,99.41483680474408,99.45516339221211,712
99.10009508879342,99.277527606466,98.80608837143124,99.10009508879342,599
98.04274828925655,98.24073846013657,97.352077472619,98.04274828925655,817
97.83079775309025,98.13585841150517,97.75388584096258,97.83079775309025,100
97.8624138263468,98.16897645281148,97.66523111809478,97.8624138263468,835
97.72449384639857,97.92211304311391,97.70455130291941,97.72449384639857,681
97.14519221456884,97.33869681355067,96.98337668996616,97.14519221456884,761
96.23736772662943,96.29789993536454,96.06118592979011,96.23736772662943,558
95.98032332444548,96.1477997413154,95.82726849778822,95.98032332444548,468
96.42915121027035,96.49959467404985,96.29417613828703,96.42915121027035,826
97.05724992997719,97.39020773026374,96.90200273228062,97.05724992997719,921
97.65110662204641,97.91966568513075,97.53637786341909,97.65110662204641,241
97.24315185447213,97.29981044635568,97.0015540899099,97.24315185447213,113
96.66629869265695,96.92456483846995,96.45195174738355,96.66629869265695,567
96.91461600014689,97.16091591559122,96.83879161925302,96.91461600014689,810
97.23216600594586,97.4486909901463,97.02166553285875,97.23216600594586,630
97.4322508085461,97.53122694018197,97.22482253656328,97.4322508085461,509
96.42521917142722,96.68209305308905,96.22463740327117,96.42521917142722,926
95.99177687898548,96.31720048941743,95.79391459260543,95.99177687898548,249
95.97693248384249,96.19839481771065,95.62167855697872,95.97693248384249,873
96.2205415811577,96.26290006519486,96.1799646977557,96.2205415811577,930
96.60419526245894,96.61098283948594,96.50678997393722,96.60419526245894,432
96.67632202359997,96.7642240273638,96.26056102099163,96.67632202359997,173
96.84171392686909,96.88063964245258,96.42314254205199,96.84171392686909,537
96.88414665604964,97.04260184688393,96.61880761945432,96.88414665604964,482
97.22695634315888,97.30936679711586,97.09755554868676,97.22695634315888,450
97.38338916890433,97.77553273531207,97.19038352739135,97.38338916890433,365
97.41625799892797,97.95068934745358,97.40263727401255,97.41625799892797,904
97.28207359935928,97.59460730040541,97.12398956540667,97.28207359935928,756
97.32271931188052,97.41836409991305,97.09818699848056,97.32271931188052,744
97.56501500130015,97.63256480784054,97.52892015505255,97.56501500130015,504
97.69875269574918,97.85838987452857,97.51667592578698,97.69875269574918,985
97.88916590492181,98.03562238700785,97.5902469045672,97.88916590492181,522
98.5605268355974,98.67118036733476,98.49404189339332,98.5605268355974,759
98.69310879697069,99.12334160525585,98.34215487104646,98.69310879697069,178
98.36860953673411,98.72986599601063,98.17984018561839,98.36860953673411,408
98.8104129297312,98.95966860771829,98.70949440859599,98.8104129297312,826
98.12731376089674,98.3194363961793,98.02460263835299,98.12731376089674,132
97.5866070705271,97.7652182558693,97.44644925002585,97.5866070705271,989
97.75453070288712,97.80225410858924,97.72942102462129,97.75453070288712,527
98.01272903678041,98.44333092450924,97.87528340921877,98.01272903678041,805
97.39020342502842,97.44762355250867,97.28408007060538,97.39020342502842,789
97.19879468453505,97.36717729270185,96.94866238297782,97.19879468453505,899
96.89575276842521,97.05736345424322,96.66570713277676,96.89575276842521,434
96.65241460698441,96.70249620569801,96.50058381219498,96.65241460698441,554
97.12421349512088,97.22387808970937,97.12400071802588,97.12421349512088,812
97.4774662268945,97.4843175907153,97.36235548911291,97.4774662268945,511
97.46790513696766,97.4843712469711,97.22440057048564,97.46790513696766,569
97.1949241734102,97.57008599197972,96.96567691199039,97.1949241734102,614
96.52009933830013,96.8241549360767,96.37237033334854,96.52009933830013,664
97.2301918076911,97.42686715228083,97.20018092624687,97.2301918076911,869
97.52624875783356,97.71672843485965,97.40554683060228,97.52624875783356,220
97.17291420579699,97.23862485615504,97.1128663538125,97.17291420579699,249
97.53271395460943,97.55438092408329,97.48605178423298,97.53271395460943,252
97.49760214432212,97.78939810768848,97.48080409965766,97.49760214432212,828
97.35404739189094,97.40793208230193,97.2586918536032,97.35404739189094,746
97.57165315603575,97.68494625285766,97.44269259219645,97.57165315603575,355
97.20090403107939,97.25581126859605,96.92351093596503,97.20090403107939,673
97.02902577132433,97.07531808782409,96.97261082937567,97.02902577132433,898
97.0897563034241,97.1517022040415,96.8442754999545,97.0897563034241,162
96.8400307069815,97.22657753549528,96.5768067162375,96.8400307069815,392
97.17457331211526,97.22455700908316,97.15971073402547,97.17457331211526,167
98.10910656395438,98.34155878606862,98.07493776319502,98.10910656395438,324
97.73195749765081,98.52042369981214,97.61862237966349,97.73195749765081,946
96.89939484949879,97.1402566360067,96.58123831929012,96.89939484949879,748
95.89852476576065,95.98314075782552,95.89115760398708,95.89852476576065,553
95.82329069501317,95.93750001058804,95.52106168062431,95.82329069501317,657
95.49170839995008,95.90123878072946,95.4905829589012,95.49170839995008,706
95.59563865048362,95.86639520264191,95.50358747262007,95.59563865048362,389
95.66193748649667,95.78692538455985,95.54649318471127,95.66193748649667,975
94.86032906318962,95.14177128309046,94.74711032813008,94.86032906318962,346
93.95288714844892,94.0166004820611,93.87101764239915,93.95288714844892,415
94.10085376862197,94.10771643477193,94.01531427709526,94.10085376862197,391
94.16856818598195,94.38250652232988,94.04897077266358,94.16856818598195,579
93.95565918679868,94.17109255203039,93.88032352940778,93.95565918679868,313
93.12708739423253,93.25976400400201,92.85980320883172,93.12708739423253,867
93.36278302561503,93.36653857029262,93.20150929027255,93.36278302561503,659
93.998732798327,94.05329147558419,93.82874422109725,93.998732798327,704
94.13772401843646,94.32939056137349,93.74603094535578,94.13772401843646,617
93.71398707315393,93.97049841175499,93.65546562485281,93.71398707315393,292
93.73626315593951,93.89838215056923,93.71388713612568,93.73626315593951,714
93.05320611547266,93.16698708609054,92.88328974197819,93.05320611547266,533
93.58218647239205,93.80136116338741,93.4988622351779,93.58218647239205,173
93.62310863965682,93.6900201665644,93.49031258371512,93.62310863965682,173
92.7390301837802,92.78093586008362,92.59716017611987,92.7390301837802,724
92.58869300355836,92.70669819737653,92.48413630895898,92.58869300355836,763
92.82034375867548,92.98500275754654,92.70433114920135,92.82034375867548,362
92.65381994818772,92.9060102852839,92.19337721227667,92.65381994818772,185
92.51587208746763,92.62244239563967,92.48439619859622,92.51587208746763,157
91.903670983944,92.13027229710028,91.72706406649853,91.903670983944,760
92.18694147748482,92.32578368607386,92.14877441792338,92.18694147748482,825
91.86270687747525,92.15241306588199,91.79380732017458,91.86270687747525,516
90.78448418897273,91.04558667648932,90.45201887238699,90.78448418897273,911
90.59885550363752,90.8113955587431,90.55348221823739,90.59885550363752,380
91.0894303614227,91.17252045803045,91.05831629006265,91.0894303614227,706
90.89596563812273,91.16323201596582,90.8783756190677,90.89596563812273,307
91.76495813068449,92.1527181125608,91.7405179400613,91.76495813068449,983
91.97944210495875,92.20653094382618,91.73526460099595,91.97944210495875,242
92.14882118609893,92.27731607541345,91.93509557996963,92.14882118609893,512
92.08462205314012,92.33893086756548,91.80901258858935,92.08462205314012,694
92.05047894925798,92.11853288484882,91.93966983509003,92.05047894925798,151
91.91876713169823,92.30810682417135,91.89565296333691,91.91876713169823,116
91.76763243565696,91.77746726166238,91.75728178779842,91.76763243565696,829
92.03306601669054,92.10157221463646,91.69196732792156,92.03306601669054,839
91.56515040179525,91.75435840544556,91.558429842343,91.56515040179525,903
91.02720348743313,91.45989845817316,90.90047607303659,91.02720348743313,518
90.46560596199544,90.57386485982312,90.09723804708058,90.46560596199544,523
91.48843323583401,91.53405417272431,91.38135198408501,91.48843323583401,300
91.7536046866693,92.01701642226278,91.43953486036034,91.7536046866693,517
91.90585078750938,91.9421976364801,91.8217943725634,91.90585078750938,541
91.37709345236266,91.3866712088977,91.19689507284848,91.37709345236266,601
91.68876460270008,91.7451022668579,91.61258283597175,91.68876460270008,181
91.63047892947341,91.68544540508486,91.59663101678814,91.63047892947341,739
91.73756340003929,91.8116638022049,91.47926251891248,91.73756340003929,179
91.24925324210751,91.35984187994714,91.23843767224741,91.24925324210751,288
91.3293876708163,91.45803735705881,91.26169011039545,91.3293876708163,579
91.11747090171306,91.27068699294244,91.00592940538337,91.11747090171306,255
90.73466532319797,90.85649254096948,90.51405239295225,90.73466532319797,927
91.1017184911016,91.38196929394155,90.93476600416358,91.1017184911016,259
90.33286458683659,90.65095063854045,90.08421357612718,90.33286458683659,853
90.61525271899367,90.67468614843865,90.47412157914603,90.61525271899367,925
90.95749578577018,91.1452149464052,90.93125016114428,90.95749578577018,693
90.51767394799455,90.6918830066236,90.3228552370975,90.51767394799455,143
90.10750971742831,90.58390797205564,89.87918408274292,90.10750971742831,261
89.99599687679512,90.04500989420377,89.88009501366771,89.99599687679512,832
90.13701498202623,90.35743337314474,89.73203926016033,90.13701498202623,760
90.06058748611912,90.0893349736833,89.82970269607114,90.06058748611912,735
90.27736871621505,90.36093341997693,90.10485541596557,90.27736871621505,609
91.15885854248376,91.27724092373268,91.0490372415088,91.15885854248376,612
90.9050001579089,90.90883077598917,90.83659471785928,90.9050001579089,794
90.04741017255719,90.42661055154078,89.77464319651658,90.04741017255719,307
90.46037196407252,90.65378913863243,90.37990293438762,90.46037196407252,196
91.30202925203629,91.30318627500162,91.11465064634396,91.30202925203629,120
91.49841343356185,91.51643551940806,91.47474563030697,91.49841343356185,454
90.95453909588501,91.23567445742582,90.7647673344644,90.95453909588501,604
90.89259291426741,91.19988485497663,90.7988897711903,90.89259291426741,503
90.33333117216159,90.34458023967623,90.19256594145365,90.33333117216159,322
90.65475891914306,90.93549238035317,90.45690411009622,90.65475891914306,499
89.97911371779385,90.312839603094,89.93487125103597,89.97911371779385,561
89.82904932437975,89.91807742690602,89.67903434906185,89.82904932437975,659
89.32688041123279,89.42456962950052,89.25055872715372,89.32688041123279,131
89.39029275380027,89.56597284926812,89.24561282620874,89.39029275380027,588
89.20712191523138,89.34786930657637,88.81269956618344,89.20712191523138,387
89.29550296685652,89.298270111501,89.27220721185033,89.29550296685652,536
89.30667824433971,89.45071082507567,89.26864028465984,89.30667824433971,479
88.81334873047766,88.82748813481062,88.62260647939574,88.81334873047766,536
89.12678726224216,89.20288096946562,89.04964942926986,89.12678726224216,229
89.1024044363206,89.13593446739793,89.00553409602604,89.1024044363206,540
88.60813993238764,88.78378104547497,88.51175773911145,88.60813993238764,592
89.72860321049055,89.89645277956866,89.72827286706406,89.72860321049055,889
89.96681829384912,90.22446038806233,89.77808129988834,89.96681829384912,344
89.89018801714947,90.0578173965289,89.87721207055542,89.89018801714947,151
90.59779028050038,90.64550178680874,90.56285636935407,90.59779028050038,820
91.51869808519368,91.6053844127217,91.21150662550527,91.51869808519368,963
91.44602337403673,91.52357555859997,91.43231536677128,91.44602337403673,329
91.61972211725411,91.79527757854127,91.2173221236329,91.61972211725411,564
91.12572070825264,91.12662656646296,91.02249173438099,91.12572070825264,285
91.05212433286864,91.19160182861103,91.03942122132327,91.05212433286864,261
90.95259305598871,91.09772657656532,90.7991868970918,90.95259305598871,298
91.04500657279954,91.05245014453229,90.84517458410915,91.04500657279954,500
91.21138681211804,91.34685925786239,91.13664998342402,91.21138681211804,571
91.49130103653206,91.53317190256959,91.19760235565964,91.49130103653206,555
91.61012236468204,91.71999904147204,91.48197359153892,91.61012236468204,890
91.00475105136746,91.15265316562628,90.69534046702293,91.00475105136746,644
90.53551749849692,90.67151083748332,90.4775495070855,90.53551749849692,512
90.26231368876508,90.36297944353419,90.02391428745781,90.26231368876508,630
90.12119339280346,90.14054327386954,89.95739367810876,90.12119339280346,220
90.64658053803952,90.73226488403952,90.46191314969901,90.64658053803952,168
90.06511104461306,90.1173919451225,89.68973118953772,90.06511104461306,392
89.88640352052771,89.96930676402124,89.68626549725941,89.88640352052771,826
90.36290826963473,90.58821184837187,90.21542432163164,90.36290826963473,734
90.21296953238642,90.40774276312507,90.12499573990466,90.21296953238642,509
90.44317735730783,90.48057165987129,90.33361574660275,90.44317735730783,379
90.37340633584388,90.65435938017728,89.98674783308148,90.37340633584388,665
90.50179796450624,90.57117284288425,90.39568439856868,90.50179796450624,632
90.38756169260147,90.72348879214279,90.31001130969624,90.38756169260147,708
90.72109442896564,90.87035773347746,90.39785893433067,90.72109442896564,957
89.94856622526243,90.10186697866354,89.83323096295456,89.94856622526243,749
89.76691022106816,89.92374425581305,89.56973037447831,89.76691022106816,653
89.9151965594153,89.9209710554502,89.73397398481083,89.9151965594153,857
90.1820441834184,90.35801826436041,90.07600824678325,90.1820441834184,518
90.92852049479531,91.0885886212025,90.72057682325952,90.92852049479531,127
90.73300816136252,91.03904257240663,90.57275585215535,90.73300816136252,495
91.47274904229296,91.75988446305291,91.22770040073627,91.47274904229296,669
91.14323712896312,91.16774816035327,91.02328225512682,91.14323712896312,738
91.80756033473544,91.9106871415515,91.73471207015459,91.80756033473544,527
92.21629389808463,92.49001858262433,92.15219588507689,92.21629389808463,874
91.75956460826852,91.89846524054548,91.45011980961289,91.75956460826852,243
91.91308422689443,91.9588540685136,91.7783198113425,91.91308422689443,192
91.88746630912833,92.15785777020803,91.73281306617561,91.88746630912833,134
92.20025860596583,92.36752630589875,92.02517490507681,92.20025860596583,703
92.08862281174918,92.2544675288766,92.07002643930818,92.08862281174918,874
91.9349996989183,92.03911185808708,91.67339590402547,91.9349996989183,569
92.61954699029972,92.62745029874604,92.59074680807394,92.61954699029972,625
92.57018654307188,92.76887326289851,92.45752231215468,92.57018654307188,414
92.98339770516776,93.12828565718841,92.73906340841101,92.98339770516776,583
92.87072196264566,92.9286121772158,92.71264474341464,92.87072196264566,929
93.70405359225943,93.9887209512357,93.53472812001922,93.70405359225943,813
93.36488627759168,93.39103504939533,93.17097853514449,93.36488627759168,475
93.05781451196809,93.16602470878043,93.01457781912934,93.05781451196809,933
93.82007310252604,94.01711713708787,93.81120936591155,93.82007310252604,889
93.59759990707842,93.87727132197047,93.23464754965285,93.59759990707842,755
94.39813706016062,94.66138651959288,94.11871851488182,94.39813706016062,966
94.84405734995802,95.18313004879401,94.58680046268466,94.84405734995802,587
94.7667324966776,94.84876281022032,94.55370711737709,94.7667324966776,595
93.86008576066902,94.06769547695396,93.60844913901869,93.86008576066902,475
93.8504266085331,93.91604846620514,93.58134387365644,93.8504266085331,590
93.90124163529981,93.91076108432351,93.76947607987174,93.90124163529981,398
94.484850501952,94.53894320369811,94.42258988044993,94.484850501952,452
95.27907409007206,95.28347040060078,95.24492083624118,95.27907409007206,453
94.93658050050018,94.99281352907911,94.5653933177934,94.93658050050018,983
95.33717138249428,95.3553207339621,95.08633405563054,95.33717138249428,580
95.71987246050095,95.7728938794034,95.60091282124874,95.71987246050095,503
96.25657881170618,96.34868349593845,96.14588087899462,96.25657881170618,493
96.50592376777395,96.57356111117045,95.83500908994067,96.50592376777395,502
95.53467492229306,95.6498799563884,95.31924875824669,95.53467492229306,856
95.45696370602919,95.84041561293,95.3317667473285,95.45696370602919,590
94.87910991857073,95.17189007580559,94.71592546140423,94.87910991857073,623
94.7778070321117,94.88886587011442,94.73775426027132,94.7778070321117,493
95.26780915017865,95.5328709496322,95.1751989588323,95.26780915017865,682
95.42038456811613,95.58007683591171,95.2288822704515,95.42038456811613,795
95.99443000131485,96.03068423321767,95.94111631405411,95.99443000131485,203
96.16530696167162,96.46642122987555,95.98693514759533,96.16530696167162,110
95.51614399183717,95.5685767758622,95.37090196088477,95.51614399183717,819
94.2557204885508,94.32272806695448,94.18066288694523,94.2557204885508,324
94.3301248693906,94.55673990400904,94.2675555502694,94.3301248693906,416
94.22316163621502,94.52039409113635,94.15110133246301,94.22316163621502,993
93.73468876652409,93.83323263583749,93.55170744553597,93.73468876652409,521
92.8843751416984,92.94927600617257,92.73935577067533,92.8843751416984,372
92.51700353496204,92.75048293097556,92.44498197151117,92.51700353496204,153
92.41975779252965,92.56893349381689,92.26578861181491,92.41975779252965,272
92.75269670438284,92.98494115901367,92.49558567094446,92.75269670438284,346
92.84701224516684,93.02255154787015,92.76858137358506,92.84701224516684,764
93.6510458687532,93.68520564953997,93.5493292729706,93.6510458687532,717
93.1332438407305,93.1711995006441,92.73070877793269,93.1332438407305,258
93.57377328675922,93.67504598097163,93.33311952883041,93.57377328675922,205
93.59742265832358,93.76864418885486,93.55070327119178,93.59742265832358,804
93.94475722038287,93.96277391589089,93.90364968739944,93.94475722038287,394
93.72649978875009,93.76024430421927,93.67779133867596,93.72649978875009,375
94.26233997569538,94.30837613694122,94.18578875338187,94.26233997569538,684
94.40995235486801,94.42576712646053,94.11478161032073,94.40995235486801,142
94.07022986240914,94.13915172652796,93.89532015757932,94.07022986240914,983
94.06421784795255,94.5025719143627,93.82746245065573,94.06421784795255,293
93.944439918484,94.45669947383821,93.73719429311338,93.944439918484,740
94.18902909380289,94.31687232196023,94.07343873733407,94.18902909380289,410
93.59914071911564,94.06278931518614,93.5012401983075,93.59914071911564,719
93.5844648680578,93.70356392820219,93.4035136864447,93.5844648680578,202
93.78211849438246,93.81936898636272,93.55795954688404,93.78211849438246,744
93.79863014797897,94.01083851981568,93.79204447462757,93.79863014797897,349
94.47210077017347,94.52907795011653,94.24804734004408,94.47210077017347,495
94.859112157209,94.87083294511415,94.63852926325595,94.859112157209,881
94.85537175883863,95.08115307801407,94.78175877128925,94.85537175883863,714
94.96371630758746,95.21747242527023,94.77436621976028,94.96371630758746,395
95.11154908332846,95.38886109508465,95.07277925644395,95.11154908332846,337
95.31319888541186,95.47652012283979,94.98339879896996,95.31319888541186,719
94.40036988757956,94.42148847943729,94.35801302217045,94.40036988757956,748
94.24960673969488,94.2692942644798,94.09424963321158,94.24960673969488,909
93.50738720559816,93.55258384626862,93.29004149522343,93.50738720559816,388
94.1465276793279,94.23336911490028,93.94290138249096,94.1465276793279,636
94.11610291932644,94.31532387718985,94.09041109617847,94.11610291932644,729
94.01943244448663,94.36397438663077,93.88422296885273,94.01943244448663,841
94.46783111050324,94.58361371525783,93.93623845841259,94.46783111050324,945
94.67899350922818,94.8494602449188,94.63005910235879,94.67899350922818,355
94.11467625203858,94.14415149707814,94.01232141433933,94.11467625203858,620
94.0792235707749,94.0942940190268,93.80047166359152,94.0792235707749,218
93.9116400841617,94.01456813215793,93.89910361557202,93.9116400841617,218
93.03937363985868,93.11700724654547,92.8210109331278,93.03937363985868,190
92.69423552324008,93.10431485346238,92.24098986595614,92.69423552324008,271
92.60246536223185,92.69476798928284,92.55403488076735,92.60246536223185,822
92.54498989648593,92.62194000323929,92.40316057849363,92.54498989648593,925
91.80387418464727,92.27481646419609,91.64997367334358,91.80387418464727,215
92.37970697617101,92.49674835555173,92.18708050375797,92.37970697617101,899
92.32865544672529,92.35768518595937,92.12928062289471,92.32865544672529,633
92.34743198505558,92.53640808528039,92.22294650915002,92.34743198505558,448
92.5477528042255,92.56417018415098,92.48901656623357,92.5477528042255,666
92.15371467727365,92.30975810690119,92.11709439889708,92.15371467727365,575
92.38189266384,92.59125284453827,92.06826894586385,92.38189266384,544
92.19835534083091,92.22781911263719,92.12696370038564,92.19835534083091,207
91.75006257050732,91.93714202250378,91.4584310122358,91.75006257050732,688
92.03678631718502,92.20489985674335,91.91913683692167,92.03678631718502,672
92.78262324658593,92.81855645436025,92.59919551428183,92.78262324658593,221
93.14503793332884,93.33560168877352,92.89882635265772,93.14503793332884,703
93.60652671589905,93.8360592414886,93.56373698600088,93.60652671589905,934
93.3462114126179,93.41997629506764,93.23214331013111,93.3462114126179,321
92.54740154803368,92.70206988696262,92.22978168156159,92.54740154803368,558
93.2924703090836,93.37714580713074,93.17575218233236,93.2924703090836,741
94.31972775378598,94.57152829917962,94.09259045542419,94.31972775378598,597
95.09113114067083,95.09945263974491,94.95183454708747,95.09113114067083,469
94.92323817118096,95.16886122993714,94.83169136266702,94.92323817118096,859
94.34592100181654,94.57110706794334,94.23740581963136,94.34592100181654,220
93.81307965290675,93.89876533985786,93.79303460699283,93.81307965290675,300
92.97121336909973,93.22783045637502,92.88278137132937,92.97121336909973,260
92.9175240598947,93.00376000396462,92.87678829168433,92.9175240598947,861
93.72036303893593,93.8140585690823,93.62857524794302,93.72036303893593,317
93.64953172299981,93.73882107966077,93.54838875068782,93.64953172299981,674
93.80069317317395,93.82169347375478,93.69544416432603,93.80069317317395,499
94.48849165532606,94.63914449767348,94.4849800878094,94.48849165532606,828
94.28644399940985,94.50729661286199,94.19208189510259,94.28644399940985,484
95.30420972776965,95.3322949012586,95.25503277532299,95.30420972776965,952
96.30025693151838,96.38734006206457,96.28067656433349,96.30025693151838,163
96.23470126217813,96.57969834900439,95.94562559476587,96.23470126217813,311
95.94593413016852,96.43078710430798,95.81860228085453,95.94593413016852,731
96.29455315336368,96.58206230965256,96.28157205024512,96.29455315336368,168
96.12079068210426,96.21689936722561,95.85059247502649,96.12079068210426,223
95.54251307357059,95.65778427709336,95.41852834120768,95.54251307357059,476
96.18313240033208,96.65158177441354,95.70620340465771,96.18313240033208,756
96.79135609397062,97.10992650684501,96.56550442100638,96.79135609397062,395
96.8691118958524,96.90322510120643,96.79234911332232,96.8691118958524,457
96.23767951898832,96.5097385175783,96.07093606328257,96.23767951898832,740
95.62291639337963,95.80011040987445,95.59954239258896,95.62291639337963,624
95.6765310375892,95.7773030244237,95.51354736896221,95.6765310375892,885
95.42659552033669,95.44363470633085,95.3779468956782,95.42659552033669,167
95.25604905426589,95.4195863168768,95.11233964723591,95.25604905426589,978
95.76703063179589,95.81378890531583,95.55600506852193,95.76703063179589,369
96.13362029050717,96.22826333230869,96.11729288296326,96.13362029050717,232
96.82269163075597,97.04313069451021,96.62209709936333,96.82269163075597,161
96.32738001906733,96.45761527784569,96.1592207143008,96.32738001906733,260
96.15578423472398,96.20423308122191,95.96413091151796,96.15578423472398,125
96.53527508245404,96.9128475298985,96.22245904467171,96.53527508245404,858
96.75931425296048,96.89981485677315,96.75870575547391,96.75931425296048,800
97.5255044442543,97.9164369529468,97.1440515593863,97.5255044442543,385
97.73577279720632,97.98466000675606,97.37023997142315,97.73577279720632,545
98.6598273492591,98.67810360134469,98.39362976494529,98.6598273492591,929
98.92983625012067,99.10593251030349,98.77933111748851,98.92983625012067,948
99.460919973915,99.4672034686083,99.3324556939926,99.460919973915,831
99.29916250052277,99.33218241082142,99.17677278707346,99.29916250052277,937
99.30630610646476,99.38450599476948,99.13880832507637,99.30630610646476,348
99.76177830838449,99.84740875900208,99.73338587290266,99.76177830838449,190
100.56826739368103,100.5856062243981,100.21937260860393,100.56826739368103,135
100.9328858683364,100.94122015276427,100.69396793893202,100.9328858683364,106
100.89129998236909,101.12758823468455,100.68654782034163,100.89129998236909,605
101.57996749713327,101.59317189432247,101.44402613780684,101.57996749713327,420
100.48397816899333,100.7976849567352,100.18612931877355,100.48397816899333,301
99.7728609182399,99.85668767695768,99.66108081349155,99.7728609182399,944
100.1136780300741,100.36112902664902,100.09911680430157,100.1136780300741,652
100.12073220820066,100.15101542179795,100.10251340621792,100.12073220820066,643
100.42348903376275,100.5664115961876,100.35618552047241,100.42348903376275,753
100.45569279497872,100.7233611600431,100.38561962609556,100.45569279497872,355
100.74116564228065,100.76899933462717,100.72714585049216,100.74116564228065,260
100.33396423178405,100.47602063921427,100.285673746776,100.33396423178405,129
100.61920727482389,100.74415010819455,100.46999568704679,100.61920727482389,556
101.11641453892769,101.14710001500477,100.81098233225207,101.11641453892769,361
101.7266898408933,102.03332475996577,101.46851266159508,101.7266898408933,109
102.73346698821766,103.08178091826788,102.50240891960581,102.73346698821766,814
102.85551620996885,102.98969064886924,102.70319051713957,102.85551620996885,458
102.99247175339245,103.37863847353726,102.9765827335379,102.99247175339245,375
102.23088552130552,102.426221060367,101.97465425274578,102.23088552130552,956
101.96517982073631,102.325147727814,101.8595507267955,101.96517982073631,223
101.868638783733,101.96586607710277,101.67955745589397,101.868638783733,729
102.39379855987119,102.47941030940142,102.18003944883966,102.39379855987119,367
102.08829799782637,102.11076558757284,101.94613103012612,102.08829799782637,377
102.4864680077008,102.96484268559225,102.18747078817972,102.4864680077008,175
102.48565714921911,102.7030402727769,102.17888812821185,102.48565714921911,625
102.39707309166172,102.58330466169305,102.36080835741434,102.39707309166172,717
102.52152007622836,102.76093107719363,102.34808185107609,102.52152007622836,275
102.32594189010193,102.86727947829704,102.15564751435126,102.32594189010193,793
102.1114232660556,102.32393766720227,101.73306115871395,102.1114232660556,135
101.25903031316054,101.37690423461446,100.92398982834298,101.25903031316054,666
101.13505320949659,101.15002357193971,101.1337678470608,101.13505320949659,369
100.89506913642222,100.94977344991723,100.79679875758951,100.89506913642222,101
100.63707864174768,100.93349329684416,100.50575948562802,100.63707864174768,355
100.8455151730427,100.87692300708206,100.77843696243956,100.8455151730427,613
101.17483114943795,101.18907742892975,101.12958523991485,101.17483114943795,672
101.29092840175912,101.47175617037941,100.97213788325803,101.29092840175912,462
101.78863599698386,101.89634128769755,101.78214775120799,101.78863599698386,206
102.07641695989903,102.37945223858775,101.88799669661512,102.07641695989903,233
101.92888886499621,101.95392384905519,101.53063946899009,101.92888886499621,508
101.69746072213903,102.11169498264564,101.47270859607518,101.69746072213903,550
101.85387184052244,102.20200772781992,101.54947098092126,101.85387184052244,634
102.14075539547339,102.24518143271854,101.93887363066669,102.14075539547339,684
102.83967754898914,103.14913325923852,102.76155130489889,102.83967754898914,450
103.43526407145919,103.67714856223755,103.41607993624442,103.43526407145919,127
103.1645275682056,103.33016870933746,103.14460992396401,103.1645275682056,636
103.11352442814197,103.17658635349609,103.0629782094705,103.11352442814197,966
103.44903333060086,103.50239856481693,103.28489942671214,103.44903333060086,164
103.98303221963035,104.11889028355587,103.94183696390434,103.98303221963035,293
104.45251695398274,104.89807686545005,104.01090513848092,104.45251695398274,306
104.42057803756707,104.7161166121735,104.16011669541012,104.42057803756707,398
103.79356671135281,103.85071965456008,103.61936607564833,103.79356671135281,139
103.29409852323002,103.51735655729024,103.24056104276457,103.29409852323002,563
103.43041528038972,103.48540143660374,103.41121944774244,103.43041528038972,122
103.60152807010189,103.64241710420653,103.57306938149996,103.60152807010189,788
103.0521883833847,103.1167236763847,102.85163287205721,103.0521883833847,875
103.07447318882934,103.10417939195764,102.98529359186801,103.07447318882934,227
103.39008536731524,103.62109133539684,103.22087104133232,103.39008536731524,362
102.81447203856166,102.96645460719695,102.6476923015483,102.81447203856166,888
103.36697063946387,103.56634405841524,102.97586235600603,103.36697063946387,134
103.17820506518396,103.29931899624465,102.87380441533685,103.17820506518396,586
103.80701162147228,103.9367719847026,103.69737850968204,103.80701162147228,200
103.54028539858433,103.78107719158638,103.29394145805057,103.54028539858433,836
103.02697265714224,103.34412757075151,102.94669093194533,103.02697265714224,840
102.79790416222137,103.00906380991468,102.74150856190847,102.79790416222137,710
102.75033010068272,102.81514453744308,102.64769904543901,102.75033010068272,181
102.55609014729697,102.86429676111706,102.23799729283903,102.55609014729697,416
102.44808943651041,102.729100553631,102.41289462558709,102.44808943651041,429
102.61507201134852,102.88921120912951,102.20550669541737,102.61507201134852,295
102.52948232645032,102.66387755712103,102.44818145725156,102.52948232645032,513
102.49642612947432,102.68066393703923,102.43833349434206,102.49642612947432,976
101.64181292987301,101.70824848865917,101.16193748853173,101.64181292987301,608
101.83766193787825,102.1379173145806,101.67168355787423,101.83766193787825,580
101.79306028903243,101.89603322151318,101.70211351164093,101.79306028903243,167
102.59820677927387,102.99393703678356,102.58136346148457,102.59820677927387,492
102.12842419564689,102.28564830516653,102.00137759127598,102.12842419564689,372
101.22427653139712,101.58378550033432,101.19410432604006,101.22427653139712,398
101.53331077836215,101.62607023229212,101.50652920455316,101.53331077836215,970
101.70657428751865,101.78758020840749,101.54313356678611,101.70657428751865,955
101.20235777725307,101.39621361692194,100.86531887109149,101.20235777725307,970
100.43748329975102,100.60628115017487,100.41619943520207,100.43748329975102,240
101.20618166509317,101.38598997166059,101.17817610064799,101.20618166509317,284
101.91323686039657,102.3926416440368,101.807812942085,101.91323686039657,765
100.66950848104351,100.76591644048744,100.55427053962227,100.66950848104351,288
100.44039696641526,100.58521580691648,100.17228610750713,100.44039696641526,673
101.27249299380722,101.36665906910798,101.07942809985775,101.27249299380722,118
101.03446171491828,101.14273758944533,100.82333496355031,101.03446171491828,180
100.78915559790495,100.86513383964247,100.65583333546344,100.78915559790495,597
100.64777593409026,100.67094808585867,100.55935973692951,100.64777593409026,641
100.08732744720618,100.12223057951533,100.02484473443995,100.08732744720618,738
99.23493957509216,99.30540054976198,99.1110843412348,99.23493957509216,317
99.76121323045953,99.77380224976793,99.62257106495296,99.76121323045953,624
98.8397447773357,98.91480381127838,98.66552006440894,98.8397447773357,788
98.96338050339007,99.03932672839684,98.68324918847642,98.96338050339007,437
99.4066702497689,99.62200318006934,99.2706501131003,99.4066702497689,220
98.68105710031831,98.7161398286836,98.43149294568826,98.68105710031831,568
98.21892289902078,98.28833615346083,97.92905494772862,98.21892289902078,471
98.82551249321658,99.11697344701369,98.35553653372999,98.82551249321658,581
99.0919583533301,99.17665001969618,99.02326742492448,99.0919583533301,278
98.78331549989066,98.88940019268571,98.666079773111,98.78331549989066,210
99.38444000157125,99.464107726109,99.16107807270058,99.38444000157125,108
99.9877078632984,100.40471379855053,99.83941362264989,99.9877078632984,321
100.12223420980625,100.58007966264306,99.91140425853351,100.12223420980625,896
99.67215409586942,99.82902752302353,99.3853449237388,99.67215409586942,960
99.46542974413352,99.6079907051245,99.40489476193775,99.46542974413352,721
99.60862311611122,99.7169397025111,99.42563406360556,99.60862311611122,747
99.51432570153747,99.5495682426652,99.4630922581652,99.51432570153747,207
99.9838042906549,100.09394015517991,99.74327463762768,99.9838042906549,436
99.21891725060023,99.39255234651141,98.78838543252785,99.21891725060023,303
98.4717854860671,98.6169630028335,98.34187775816879,98.4717854860671,626
98.56222104180833,98.62206016624435,98.4067390186568,98.56222104180833,552
98.31644883490488,98.35311220330954,98.05944306943535,98.31644883490488,773
98.002924527556,98.2216782076011,97.67488140983085,98.002924527556,294
97.1188961679688,97.26233016289146,96.93660934025122,97.1188961679688,360
97.1286690903679,97.2415411753047,96.96406681898304,97.1286690903679,965
97.10229153636752,97.4018632713234,96.94014387076322,97.10229153636752,108
97.42903102734338,97.53685315948371,97.37402833289238,97.42903102734338,315
97.46348409390387,97.6232638735225,97.44793596333761,97.46348409390387,872
97.39718205478363,97.60287785662165,97.14170097705764,97.39718205478363,212
97.98568237317879,98.01632100129041,97.91351893675206,97.98568237317879,728
97.32944872145451,97.6059252705925,97.14654807798415,97.32944872145451,439
97.5976433308783,97.7309545771249,97.45175255291473,97.5976433308783,146
96.76206974848063,96.93690372285992,96.53946681608713,96.76206974848063,929
96.34288880848023,96.9108133914418,96.14091363372206,96.34288880848023,912
95.73656024216857,95.80776673559399,95.65538545702805,95.73656024216857,588
96.12753150989452,96.29986128235916,96.06219581023258,96.12753150989452,421
96.09482639309682,96.23352992594191,96.0441602410755,96.09482639309682,890
96.08807477080033,96.3724898362855,95.96266533734953,96.08807477080033,197
95.5347082769356,95.6518717364291,95.32871933219148,95.5347082769356,544
95.38486152896915,95.44615279309907,95.24694205974518,95.38486152896915,192
95.0031288773146,95.05507835399426,94.9379230140031,95.0031288773146,910
95.1948563847417,95.37166365958268,95.06369119579314,95.1948563847417,351
94.6993108170759,94.8381074651413,94.61654446937911,94.6993108170759,262
95.36420799967844,95.55868874760057,95.32382895646559,95.36420799967844,257
94.52641777486639,94.95314689580277,94.46455307512234,94.52641777486639,678
94.12315785863811,94.14599167533574,94.05287624545495,94.12315785863811,237
94.96175811362116,95.20641952317845,94.72262532606425,94.96175811362116,483
94.74418873964014,94.84698799530581,94.74247416116272,94.74418873964014,411
94.08674940743794,94.1423762750959,93.88507552067101,94.08674940743794,389
94.19628518870677,94.67876051949153,94.09296811711093,94.19628518870677,164
93.95858906759949,94.13550685696138,93.73266236027247,93.95858906759949,873
93.54065393979033,93.56389739244061,93.21772797291301,93.54065393979033,297
92.99271853439097,93.10028420836397,92.87738861839516,92.99271853439097,782
94.37690533720395,94.47675703432029,94.35615168726954,94.37690533720395,627
94.25112938711189,94.3555060698529,94.23166782362323,94.25112938711189,802
93.28834570694545,93.5161570401734,93.19431249103309,93.28834570694545,636
94.03520058644821,94.07425950240746,93.934446157133,94.03520058644821,349
94.3407360390035,94.40061480766995,94.1603126063412,94.3407360390035,638
93.95750282349361,94.07595169901842,93.7647687650041,93.95750282349361,781
93.49094327915054,93.59870535092996,93.1679887520381,93.49094327915054,216
93.82767967722965,94.06461883680585,93.79733502664885,93.82767967722965,991
93.70422051348493,93.76816855633842,93.13180493486037,93.70422051348493,666
92.74123160426238,92.96805713675806,92.60260851889646,92.74123160426238,585
93.63485158656472,93.72727477932469,93.58481380256866,93.63485158656472,462
93.41785635545675,93.42872348734983,93.34748650140706,93.41785635545675,125
94.16564222369796,94.43289615100822,94.0070254053893,94.16564222369796,883
94.80485970268082,95.1300552946821,94.59209963250507,94.80485970268082,976
94.3043549304394,94.47787082594066,94.08324409155983,94.3043549304394,719
94.82094986262098,95.10698441134474,94.68573496122613,94.82094986262098,701
94.49522858768914,94.57365421278668,94.37796464590616,94.49522858768914,592
93.56187829428717,93.98061778431318,93.41288613209728,93.56187829428717,456
93.3495792112761,93.6566459546038,93.07120212703059,93.3495792112761,511
93.54839796216423,93.72111163410621,93.43206258512116,93.54839796216423,575
93.31702963816606,93.47346698696649,93.2912496554828,93.31702963816606,513
93.16350546770352,93.1947704964946,92.97996079613121,93.16350546770352,993
93.73528849016782,94.01093445950185,93.57751218310071,93.73528849016782,221
93.78853548031286,93.99919290710334,93.38184519472318,93.78853548031286,560
93.36688632467039,93.5481425487056,93.02339743911088,93.36688632467039,956
93.71790148650405,93.78026689707896,93.51481740350864,93.71790148650405,528
93.81673926998117,93.8822607751996,93.55891026794552,93.81673926998117,342
92.55593686925015,92.62512560284615,92.39615533469178,92.55593686925015,502
92.77011332613587,92.79612749439258,92.65530885734594,92.77011332613587,880
92.96602767999393,93.1438912614598,92.78306557272398,92.96602767999393,351
92.97608824478436,93.14211177768341,92.87687353095255,92.97608824478436,174
93.42193853531916,93.5402067995537,93.34926771629756,93.42193853531916,211
93.0857417431559,93.59093399950979,93.02807228960438,93.0857417431559,762
93.25399163756636,93.27958931030182,93.1225205692341,93.25399163756636,881
92.47051195198269,92.49228272812923,92.19065767693603,92.47051195198269,709
92.6740571436821,92.70766226403401,92.49435174506581,92.6740571436821,459
93.65058699145206,93.80145191916134,93.6285972837854,93.65058699145206,866
93.15315881521829,93.41811599729813,92.94824518242113,93.15315881521829,267
92.7732577492244,92.8658854452194,92.44784340617531,92.7732577492244,349
92.41825002777863,92.48951029132503,92.17255827206841,92.41825002777863,931
92.48324914067942,92.59818773942094,92.38833818820783,92.48324914067942,857
91.95173100425257,92.08591387978952,91.80462369309099,91.95173100425257,312
92.16235469359806,92.44553682169659,92.10647318434691,92.16235469359806,542
92.58577466633264,92.78598763484679,92.20923573131698,92.58577466633264,887
92.85294827305952,92.9123136947687,92.64048136819197,92.85294827305952,945
91.96874056024049,92.01139824291768,91.88542218693966,91.96874056024049,891
92.4663243928198,92.63680616837944,91.98102993497155,92.4663243928198,145
92.93500809994664,93.01351766299412,92.69142556693495,92.93500809994664,117
93.3500887861198,93.39780562370592,93.03462792642564,93.3500887861198,978
93.5365099104477,93.74508299235963,93.46856482600964,93.5365099104477,857
93.64660456755027,93.9319117984316,93.58010637139239,93.64660456755027,449
94.16279926661346,94.41328150351058,93.95610217316225,94.16279926661346,319
95.12455601041519,95.33463283188514,94.93419159980486,95.12455601041519,787
94.64803577873276,94.80408792382852,94.63339943822456,94.64803577873276,497
95.18709847663015,95.48758339615887,95.04855200153742,95.18709847663015,845
95.14398992762642,95.15653963274025,95.13785265705023,95.14398992762642,760
95.07915340161212,95.19917669266101,95.02332971666198,95.07915340161212,197
94.31088805642109,94.31517171541157,94.29334243316137,94.31088805642109,104
94.1684933516634,94.27531767998597,94.12356841209882,94.1684933516634,995
93.6698608726792,93.89515242410502,93.46984556117015,93.6698608726792,258
93.43793365792622,93.46604493856758,93.18468775211238,93.43793365792622,186
92.88884046603715,92.95743705951041,92.59025598077413,92.88884046603715,842
92.66438627238065,92.8952332333606,92.57921335685288,92.66438627238065,219
92.46133109386895,92.48597948163918,92.17321623428742,92.46133109386895,542
92.50970855308834,92.92175136761328,92.17115962972812,92.50970855308834,271
91.70233362194269,91.79189662271703,91.45745157840066,91.70233362194269,675
90.97957454807002,91.3791641889726,90.89899978098954,90.97957454807002,705
91.16053168343528,91.35547871981777,90.8646886325463,91.16053168343528,781
90.76181262490023,90.86530960547631,90.6516902996228,90.76181262490023,334
91.29907752001519,91.42758395377643,91.07450790100532,91.29907752001519,577
91.41171238102271,91.63562560441893,91.40913402431103,91.41171238102271,220
91.71509345612591,91.8107399776976,91.64031864020116,91.71509345612591,596
92.42043961633637,92.47861385446518,92.31142246505412,92.42043961633637,711
92.26558421043308,92.39569260964139,92.10657379247118,92.26558421043308,521
91.97834085772494,92.16578589245827,91.65974518474857,91.97834085772494,234
92.41419215052436,92.54534240265218,92.41273515607607,92.41419215052436,414
92.6689489324892,93.00563190143774,92.58859008389722,92.6689489324892,168
92.57528377757855,92.77448319897083,92.45791393061943,92.57528377757855,297
93.27101276105653,93.54013834472215,93.08315552901432,93.27101276105653,916
93.16489060613657,93.35520102175238,92.84569555810671,93.16489060613657,817
93.18127742491446,93.29960615296716,93.13928364366282,93.18127742491446,110
93.19188875033159,93.1933362130215,92.97467744579284,93.19188875033159,968
92.72459180288234,92.78904003364948,92.70434948050234,92.72459180288234,229
92.76338449762554,93.02590615105608,92.64110849343079,92.76338449762554,834
93.46176458632479,93.47716331915245,93.30640228052394,93.46176458632479,209
93.68424874401288,93.93723192300733,93.46485205528627,93.68424874401288,126
93.69978045721234,93.90040785787346,93.55144165743452,93.69978045721234,499
93.6188968166295,93.66525536915469,93.39575549227749,93.6188968166295,419
93.78433033083267,94.0067839894397,93.64298841047547,93.78433033083267,293
94.15921364507727,94.37111736201611,93.91097131388888,94.15921364507727,445
94.46383306052215,94.52892392630315,94.11455487647916,94.46383306052215,115
94.29790062961116,94.3770616177572,94.07544199845188,94.29790062961116,172
94.46029142666622,94.48637439202965,94.3049441850168,94.46029142666622,727
94.70026129724036,94.74962596333567,94.63960815512496,94.70026129724036,300
94.19666380347687,94.43679254994109,93.96209109887512,94.19666380347687,744
94.28077907406872,94.69704735179727,94.17123570228878,94.28077907406872,263
93.20012713091754,93.36370041590746,92.86402713888208,93.20012713091754,106
93.44139398582813,93.49003830047857,93.10535400736386,93.44139398582813,160
93.77156551310946,93.95196518875149,93.70183900895701,93.77156551310946,451
94.1453385760027,94.23278576443438,93.98822884217542,94.1453385760027,584
93.94781514991791,94.09037072688344,93.77837409944463,93.94781514991791,731
94.10233856742994,94.10364816075726,94.03519577615226,94.10233856742994,550
94.81431549020053,94.98515541992309,94.6139648034437,94.81431549020053,513
95.52120031434616,95.56749075734369,95.35876102584479,95.52120031434616,130
95.50661396473288,95.66697100159857,95.37019103287038,95.50661396473288,659
95.57627378009767,95.77753538121628,95.51328808640878,95.57627378009767,190
96.13172935246489,96.16401877909887,95.99100669564952,96.13172935246489,617
95.3813283448338,95.39535117364942,95.25922139131924,95.3813283448338,545
95.2197904734953,95.46506846227967,94.88092538344146,95.2197904734953,384
95.88757570126367,95.92910118086685,95.72050331194015,95.88757570126367,492
96.37517597210605,96.72439147576489,96.34635739544714,96.37517597210605,695
96.559807860931,96.8293448209205,96.3098523976471,96.559807860931,981
95.8068916582657,95.83287543914795,95.78621961853318,95.8068916582657,238
95.78193654174511,95.8178161495812,95.56852189853095,95.78193654174511,886
95.48697884362015,95.61099748313752,95.4281530153543,95.48697884362015,429
95.65249829502876,95.81517028231855,95.33517878276454,95.65249829502876,232
95.24782495263132,95.58471422051349,95.08786227256617,95.24782495263132,714
94.73496325514401,94.73755604343836,94.66370724519568,94.73496325514401,425
93.70253061630218,93.91994411888916,93.48504850557484,93.70253061630218,706
94.31343295879053,94.31663795687325,94.24387192586256,94.31343295879053,629
94.113547703069,94.17618000764503,93.88677822969281,94.113547703069,120
94.19212059492027,94.74876762336973,94.1842646658413,94.19212059492027,578
94.19100153668317,94.40099025658817,94.16836804479743,94.19100153668317,557
93.65728457020292,93.66721684134457,93.23447390513253,93.65728457020292,617
93.02775211447882,93.05013545151866,92.9308169214911,93.02775211447882,635
92.5250945514802,92.71530592397649,92.27960274524922,92.5250945514802,324
92.1635103320655,92.36328276413114,92.06757334395597,92.1635103320655,671
92.3468134555724,92.92912343943654,92.23243247712331,92.3468134555724,895
91.9489546238121,92.07755325475877,91.68581644571941,91.9489546238121,831
92.8221999396094,92.82779324840513,92.61558292951831,92.8221999396094,429
93.33577545755598,93.59800422191337,93.10964049798508,93.33577545755598,890
93.73995523238884,93.91599806031367,93.39307532702145,93.73995523238884,946
93.68012578115226,94.1293633838639,93.66183780051021,93.68012578115226,657
94.4372661490125,94.54862533837806,94.40848979648828,94.4372661490125,467
94.32826333345194,94.54834902190332,94.17297264682064,94.32826333345194,904
94.31263262637482,94.67345644476771,94.29797222050418,94.31263262637482,241
94.39761989624945,94.56367232639346,94.17767988865539,94.39761989624945,915
94.74853141652112,95.1200457055545,94.69020696638849,94.74853141652112,689
95.0669854560226,95.1983586686845,95.03987719329211,95.0669854560226,298
94.8294228168003,94.87894512408859,94.68958024730148,94.8294228168003,726
94.56292595708733,94.83776064756164,94.37387254119267,94.56292595708733,135
94.88287743566337,94.89851142289054,94.25105983295433,94.88287743566337,565
95.24049572760899,95.38600520236712,94.99367236762062,95.24049572760899,671
95.04382016519754,95.07361449815042,95.01449875415308,95.04382016519754,537
94.25022613035831,94.40759165650532,94.17014666141115,94.25022613035831,856
94.1465680823542,94.19126949441349,93.75622662307711,94.1465680823542,690
94.45833098176712,94.46222627482739,94.33030842861265,94.45833098176712,980
95.361039404977,95.74693585750222,95.20670211332043,95.361039404977,290
94.76206042380667,94.79061541444081,94.60310580636052,94.76206042380667,196
94.54877479739139,94.81764289182037,94.48220756876086,94.54877479739139,603
94.3540730166287,94.48587820703293,94.3296233059895,94.3540730166287,466
95.03197568634445,95.34418420146181,94.75971649962051,95.03197568634445,915
95.01450493611513,95.21704337702532,94.75493671613367,95.01450493611513,987
94.56084165642899,94.64267467027177,94.30090594596292,94.56084165642899,249
94.8401892978899,94.9487844392443,94.47808408037648,94.8401892978899,142
94.63787003786943,94.69676095732983,94.33932551213111,94.63787003786943,396
94.02567640119045,94.19888329023513,93.85521660137053,94.02567640119045,418
93.57928974755238,93.6350388983784,93.18397088355323,93.57928974755238,317
94.44631072476369,94.59273247970137,94.42070187616119,94.44631072476369,818
94.63841533558842,94.74976223805338,94.62902731234088,94.63841533558842,587
94.69229536331468,94.77336619718051,94.628911965917,94.69229536331468,245
94.56734849540867,94.79506464215554,94.4190737169132,94.56734849540867,427
94.71342291646806,94.96629037682054,94.62308212578887,94.71342291646806,358
94.85354088946931,94.90318599095139,94.63025298316927,94.85354088946931,665
94.99962530357298,95.00500527407085,94.94081708614019,94.99962530357298,218
95.05704784871186,95.09078639767374,94.88628313364472,95.05704784871186,854
95.49144701786463,95.55697486520891,95.34664667326396,95.49144701786463,241
95.502999190865,95.5144743016264,95.44300789711383,95.502999190865,389
95.01402977308868,95.1356482978821,94.90347362959511,95.01402977308868,738
94.70781832763825,94.72730558503399,94.30858438345001,94.70781832763825,324
93.7183089808934,94.11976976082846,93.45294355312,93.7183089808934,993
94.7317175389146,95.08129445784697,94.50052775160887,94.7317175389146,328
95.16309483489094,95.54868467093935,94.82893228260589,95.16309483489094,852
94.74805958732632,94.7480739607381,94.389449050283,94.74805958732632,356
94.60713716262778,94.7971854929712,94.3788273491429,94.60713716262778,344
94.28869892552456,94.35783970664997,94.25076461672668,94.28869892552456,275
95.05997253121161,95.0715755500904,94.73413389387225,95.05997253121161,454
94.35003394907615,94.44070687993032,94.0800377256718,94.35003394907615,621
94.40727197848554,94.90045744477781,94.22772256896062,94.40727197848554,694
94.35300805720311,94.40365654167594,94.14737559490922,94.35300805720311,238
94.76642737255767,94.8733989536589,94.71855558608414,94.76642737255767,218
94.71442275869532,95.04473070138135,94.56620642559727,94.71442275869532,738
93.8353183203676,94.23006500891478,93.62634257183682,93.8353183203676,710
93.70975940304639,93.74241508009206,93.57292403028653,93.70975940304639,677
93.22367829407473,93.37252411798706,92.94388600721136,93.22367829407473,358
93.26346806735302,93.43466752541433,93.26072739011246,93.26346806735302,754
93.98055658561319,94.07312269029926,93.86511634843374,93.98055658561319,670
93.11084396349705,93.24533451857428,93.03311966745684,93.11084396349705,855
92.7107325957971,92.83156025314742,92.60112687337951,92.7107325957971,972
92.43438611890535,92.63247139131323,92.2980559607915,92.43438611890535,291
92.24357057119875,92.47646350970119,92.10274886260545,92.24357057119875,959
92.61363340325137,92.6452712792158,92.48280572806111,92.61363340325137,229
92.52686119447068,92.63056376119121,92.38219767869288,92.52686119447068,257
92.73476255733091,92.81694675610727,92.65320408192879,92.73476255733091,777
92.42187603546502,92.54946242747607,92.26589160249931,92.42187603546502,360
92.53683820817399,92.84814559501432,92.43283775203895,92.53683820817399,489
92.92573702361285,93.04279512987613,92.79770009466154,92.92573702361285,744
92.55958724874431,92.6244822802436,92.22402953612661,92.55958724874431,623
92.95026630864757,93.11656204322787,92.8847114706625,92.95026630864757,231
92.97645269301135,93.06225406261463,92.85506024821186,92.97645269301135,507
93.49918281325247,93.73656142877165,93.27709190705258,93.49918281325247,252
93.39847286321398,93.66750979428325,93.17288563121522,93.39847286321398,381
93.58909519079504,93.65693614383702,93.51763365558794,93.58909519079504,666
93.56879207495577,93.62718524744734,93.23478767729172,93.56879207495577,867
93.52068594393548,93.60981464483349,93.11477550569538,93.52068594393548,737
93.65015115804832,93.77440237688903,93.46801774049104,93.65015115804832,145
93.91855489266077,94.0941819072753,93.86632742557664,93.91855489266077,785
93.29377243669876,93.65788849035175,93.22306823772253,93.29377243669876,398
94.0105892411077,94.19589327797698,93.85762767307797,94.0105892411077,120
93.08075772083279,93.27128758957129,92.90084351805577,93.08075772083279,866
92.73835166596335,92.97904367734343,92.6156444305067,92.73835166596335,264
92.6912171305809,92.79804431903409,92.46274072557301,92.6912171305809,367
92.89739511512387,93.10285779973407,92.86441082753886,92.89739511512387,200
93.68548137899457,93.71327592530558,93.54425851285848,93.68548137899457,760
92.756335634882,93.08654631389439,92.72073352969683,92.756335634882,752
92.50248857068715,92.58550307262696,92.28092051068177,92.50248857068715,472
91.43907182678751,91.47291455842063,91.38106411800968,91.43907182678751,132
91.45488281374263,91.46298729044801,91.00401127912173,91.45488281374263,335
91.59072460599265,91.83152483200978,91.55338109383901,91.59072460599265,297
92.38612247707827,92.47752128478956,92.34999732319726,92.38612247707827,606
92.44643985752501,92.49686448927942,92.38420255818414,92.44643985752501,846
92.9684524222462,92.97284708143884,92.74705660265266,92.9684524222462,431
93.26037096301573,93.62836941289845,92.86987831235707,93.26037096301573,544
93.04274686451315,93.09595959566555,92.99505020364661,93.04274686451315,585
92.33826649111712,92.83542547357436,92.15373492951682,92.33826649111712,219
92.47576764026303,92.59287195264218,92.23416156263933,92.47576764026303,257
91.72971663169035,91.90075444236892,91.71525683177778,91.72971663169035,136
92.37732016802518,92.4667734796754,92.23695576196904,92.37732016802518,949
92.29628911700676,92.41525317909758,92.23609979603494,92.29628911700676,243
92.89387782276248,92.90203746640724,92.75637333826333,92.89387782276248,656
92.65377060569628,92.86876851912236,92.62467628578754,92.65377060569628,810
92.78819599889678,92.78866467952669,92.60221670997086,92.78819599889678,849
92.89287042756412,93.47893448466262,92.75624457855211,92.89287042756412,740
92.87034836855865,93.23950863263303,92.75979436591332,92.87034836855865,792
92.65401861186035,92.66454303786381,92.53051933672755,92.65401861186035,127
92.85024662109561,92.88227545407868,92.5069497889758,92.85024662109561,911
92.387164989354,92.58307805228091,92.30128272263754,92.387164989354,678
91.78244732487448,91.94280514646469,91.43528953878678,91.78244732487448,853
92.4038607715379,92.47629763595883,91.99044683406068,92.4038607715379,974
92.76744476598394,92.87242327911123,92.5964211346106,92.76744476598394,343
92.80039057028506,92.98122048925538,92.57859439922241,92.80039057028506,778
93.63296176155696,93.9468988977525,93.26934051997856,93.63296176155696,365
93.49907900219453,93.56560315915074,93.45583872048894,93.49907900219453,150
94.16043061218902,94.180778053357,94.14042776091163,94.16043061218902,208
94.24821765465192,94.58437357963406,93.98374460344091,94.24821765465192,497
93.73584227961373,93.88536432866815,93.63492225528398,93.73584227961373,434
94.65986237549916,94.88859663580698,94.33906936592535,94.65986237549916,233
95.15521779881121,95.2388196245379,95.08496727288676,95.15521779881121,778
95.09470728330642,95.28662246178345,95.08903764181466,95.09470728330642,179
95.4582929130734,95.6642445459352,95.19586827123825,95.4582929130734,437
95.25644119607443,95.34974270154446,95.11718308638329,95.25644119607443,710
95.6710157136042,95.7527988205882,95.64144108404825,95.6710157136042,531
94.47547643096223,94.61534020561356,94.43222526382752,94.47547643096223,764
93.96557576411493,94.20514651318011,93.81196275662867,93.96557576411493,580
94.45520563625841,94.58216473267926,94.3429975069857,94.45520563625841,987
94.33037786714895,94.6530038709319,94.28911814129722,94.33037786714895,388
94.43414901459333,94.57076153089498,94.32265480211859,94.43414901459333,694
93.76075618353562,93.83966090456799,93.51128358899761,93.76075618353562,201
94.68468968138667,94.79679553836077,94.66944161530212,94.68468968138667,430
95.2799545032455,95.47083531336054,95.20198207123289,95.2799545032455,475
95.17961189405784,95.41862600676086,94.9994260503646,95.17961189405784,330
94.97726396562618,94.9879668204889,94.90036565572785,94.97726396562618,550
95.49206614633603,95.50488665932608,95.02778549372599,95.49206614633603,863
96.4833013714205,96.51275533692308,96.33178363661482,96.4833013714205,969
96.96018149932617,97.01807815316374,96.74028412291098,96.96018149932617,420
98.04608283302447,98.38823798856335,97.99009962450432,98.04608283302447,523
97.58490716849352,97.67011217085211,97.12894920390073,97.58490716849352,124
97.17521375324412,97.56934943153742,97.13703520454223,97.17521375324412,668
96.58074319421745,96.83453619930377,96.39885853493608,96.58074319421745,515
96.80162351904218,97.14227770424564,96.7781642445962,96.80162351904218,401
96.88942529394437,97.10431784721557,96.7896669192635,96.88942529394437,199
96.81344973220838,96.93208393040798,96.71090362092814,96.81344973220838,487
97.21807904627003,97.30443214406871,96.90715482151487,97.21807904627003,218
97.83424334887737,98.16692069114927,97.83390508462024,97.83424334887737,762
97.07141214423395,97.37061277814504,96.93533646883691,97.07141214423395,691
96.7729261302834,96.83166463542452,96.50804850516187,96.7729261302834,430
97.18299792734493,97.39401825339827,97.08995247208055,97.18299792734493,761
96.94912858541564,97.03204135806537,96.89970530523475,96.94912858541564,458
96.55002554723656,96.70927037179132,95.97974401817957,96.55002554723656,225
97.05929426106175,97.19803385458509,97.01462002211777,97.05929426106175,388
96.41454422619977,96.4588649042363,96.03342951042701,96.41454422619977,652
96.26375432230421,96.60991736091316,95.83318414193576,96.26375432230421,801
96.42807633520661,96.56133977851553,96.28197656915385,96.42807633520661,539
96.14116637825155,96.4730205110954,95.64415998305225,96.14116637825155,674
96.53274420625814,96.70251156545405,96.476549309338,96.53274420625814,816
96.24830571865947,96.32756003137668,96.18014180024777,96.24830571865947,440
96.95261546538242,97.1022394718328,96.8664606301429,96.95261546538242,303
96.88974231663454,96.89247344940203,96.73008303496552,96.88974231663454,278
97.22537738498721,97.4825874057599,96.71654646090148,97.22537738498721,445
97.59838936147862,97.71178541413204,97.39093648362349,97.59838936147862,932
97.28461936010659,97.6175525571117,97.16198293442622,97.28461936010659,204
96.25787608577865,96.31712647215664,96.04785251261437,96.25787608577865,412
96.43825396311057,96.59504859170909,96.28605660504843,96.43825396311057,185
96.474398136673,96.53219838039324,96.4500423111809,96.474398136673,540
96.75231115046057,96.77756232500336,96.58134476096284,96.75231115046057,579
96.63904741426916,96.76161901320404,96.42497722405479,96.63904741426916,427
96.4238335648688,96.69935869608152,96.37723583137252,96.4238335648688,350
97.42807007035965,97.7381454445459,97.39142225119986,97.42807007035965,581
96.69189303960427,96.99930663701804,96.56795180356845,96.69189303960427,949
97.05886827878639,97.1926772272805,96.96603437190755,97.05886827878639,103
96.77156734969469,97.26962369136996,96.51333124286043,96.77156734969469,932
96.60367804082448,96.73697402621717,96.3492615699637,96.60367804082448,283
96.4451266245375,96.59825728158657,96.02331480393332,96.4451266245375,792
96.04340948745187,96.09984139464936,95.89010788728393,96.04340948745187,399
96.32902159256999,96.70030790255723,96.24987563782778,96.32902159256999,627
97.02434339054497,97.10512100949309,96.86030394146971,97.02434339054497,705
97.2593502211683,97.51398250000028,97.17860810647741,97.2593502211683,890
97.31104121927436,97.53752232741621,97.11055588296017,97.31104121927436,255
96.81782096972474,96.94217410724251,96.79377648301778,96.81782096972474,533
97.07623360263696,97.09535620731934,96.98526919230414,97.07623360263696,456
98.15440841850162,98.15516318981265,98.0325637224489,98.15440841850162,627
97.96406110660408,98.0129093171762,97.78100364150542,97.96406110660408,140
97.77606931692814,97.78347219242737,97.27392062281861,97.77606931692814,748
97.49552475143764,97.58094686118417,97.27228402308893,97.49552475143764,357
97.25081763419043,97.31942734032924,97.24542636071895,97.25081763419043,465
95.87816785735423,95.97139728345321,95.626266305363,95.87816785735423,654
96.08068555028208,96.23371248370401,95.73810502021992,96.08068555028208,165
95.65790946210478,95.7431830258995,95.37943530564273,95.65790946210478,963
94.85277790270888,95.09112196318922,94.60780695043637,94.85277790270888,307
95.22937287757516,95.37055171679607,95.07543647382651,95.22937287757516,344
94.6883639850542,94.87483903338364,94.45074017372289,94.6883639850542,342
94.51902945811231,94.5534136278938,94.35637196690894,94.51902945811231,688
95.25225065370661,95.43948074292159,95.20670485219978,95.25225065370661,830
94.54764275469435,94.70957164663508,94.1410686258578,94.54764275469435,480
93.78134363739547,93.84532123096635,93.71342391567903,93.78134363739547,322
93.91599673217664,94.1045494772071,93.82913132803779,93.91599673217664,964
94.49074041418181,95.04792279698063,94.38954481117374,94.49074041418181,120
93.70356955531584,93.89993394420355,93.50909037497027,93.70356955531584,246
93.90741442373442,94.14150157523392,93.88846220856202,93.90741442373442,467
94.19791419371526,94.35136870818727,94.11928691701083,94.19791419371526,412
93.1683339518691,93.6240374150603,93.15066053544837,93.1683339518691,688
93.56758462082271,93.61046240721807,93.43556947420258,93.56758462082271,415
94.0058875607438,94.01539048769605,93.84152266901825,94.0058875607438,502
93.84999477411579,94.04207815819763,93.56943151680147,93.84999477411579,966
94.47616795526478,94.78918863637963,94.17256394845543,94.47616795526478,547
95.04439574242721,95.14446238389134,94.99971229280128,95.04439574242721,646
95.09595470528582,95.25087497486288,94.41043968493476,95.09595470528582,225
94.87023201012336,95.06899706789481,94.79092539426746,94.87023201012336,934
94.38381806383188,94.44525885301145,94.30865264293043,94.38381806383188,595
94.36503630914879,94.37387754412488,93.99172277258272,94.36503630914879,843
94.64991576900088,94.81633781244511,94.48343652733423,94.64991576900088,698
94.48782733848056,94.597221033106,94.31256953156837,94.48782733848056,915
93.38907683584954,93.44197290560327,93.24062329769109,93.38907683584954,799
94.02343378313782,94.13219410223009,93.7808786107971,94.02343378313782,144
94.11854539406026,94.15053382372002,94.08876988444689,94.11854539406026,430
93.92873314572185,94.0388693150532,93.84328616875862,93.92873314572185,935
94.3573123399335,94.38335144649446,94.13283435148938,94.3573123399335,959
95.11963163817488,95.12291982389875,95.02056208913814,95.11963163817488,171
93.71867585343094,93.89826203210696,93.37048020183563,93.71867585343094,827
93.93580767839197,94.06194365081154,93.81248295055839,93.93580767839197,197
93.22248307298679,93.29656861588073,93.15809065556,93.22248307298679,370
93.47203832638625,93.64041519644333,93.28526029958385,93.47203832638625,506
93.53600192757355,93.60632341322993,93.13009096988932,93.53600192757355,543
93.85386519079383,93.90231682211788,93.83128943806331,93.85386519079383,190
93.6042413835465,93.62084902350915,93.45356611563099,93.6042413835465,753
92.66762132763692,92.75204495061782,92.44303259896971,92.66762132763692,216
92.44243723200859,92.62210645702369,92.25693171440145,92.44243723200859,613
92.64586104957847,92.90684909038008,92.51628866217968,92.64586104957847,992
93.15355721391609,93.2106544464537,93.07757237825774,93.15355721391609,142
92.56764156367983,92.78152204112693,92.33733769230494,92.56764156367983,170
93.08117177711634,93.1349939376224,93.06713221881144,93.08117177711634,243
92.75723563229307,92.95809930916968,92.63005845271638,92.75723563229307,441
92.93846057309034,93.27783138783279,92.87538169039533,92.93846057309034,857
92.68351359665752,93.08099377316296,92.52425743658043,92.68351359665752,895
92.77459891051357,92.90466115001284,92.56947365495192,92.77459891051357,938
93.22053772779871,93.39222949632652,93.12233693277385,93.22053772779871,825
92.60703068915444,92.65721932780177,92.5783392501705,92.60703068915444,206
92.26707774078102,92.34028892387317,92.24804928462127,92.26707774078102,485
92.35955903445206,92.67904987811788,92.03710501012533,92.35955903445206,555
93.56035086496723,93.57513733801862,93.38228914748895,93.56035086496723,874
93.12875600888383,93.30498662135308,92.97061985722823,93.12875600888383,393
94.14882295188228,94.20509425938995,93.83324562727702,94.14882295188228,275
95.15103460371986,95.16295657279757,95.01975612619935,95.15103460371986,206
95.10237902836907,95.49174342083829,94.86465528520328,95.10237902836907,185
94.95330276526911,95.13662830301368,94.71911660218478,94.95330276526911,609
94.60727016593677,94.6641725624411,94.59046745631242,94.60727016593677,326
94.57316890077044,94.62655683819837,94.36011659991829,94.57316890077044,693
93.86980918449066,94.20501347624266,93.67682773340879,93.86980918449066,428
93.83168967583036,93.83768060505567,93.49553254525752,93.83168967583036,340
94.58012981275579,94.64646460508284,94.4362756844405,94.58012981275579,101
94.27458728151743,94.2830372024028,94.0779592359585,94.27458728151743,350
94.1542251295229,94.23505591066436,93.99747683349014,94.1542251295229,141
93.30365489238928,93.31095613686638,93.27579721994337,93.30365489238928,525
93.4906859364548,93.88307930659046,93.35236659487401,93.4906859364548,180
93.62292677893048,93.93246805917872,93.54250872704698,93.62292677893048,587
93.65477795881337,93.7247040671473,93.61641266793602,93.65477795881337,361
93.5463644337023,93.86000437180779,93.19110721983671,93.5463644337023,494
93.39998547431607,93.4696296951449,93.13271418811016,93.39998547431607,808
93.6509355911664,93.79500936214573,93.54020330144265,93.6509355911664,347
93.63652729037209,93.92509804118555,93.45393461711102,93.63652729037209,429
93.79401322614976,93.95091867824489,93.58268858664566,93.79401322614976,907
93.90150463487703,94.01494366508005,93.53074698300921,93.90150463487703,995
94.4632182784249,94.59186536213542,94.40146100645963,94.4632182784249,647
94.80171532711243,94.87968835872557,94.72351216014371,94.80171532711243,714
94.89814624868752,94.99380632713846,94.87988206407914,94.89814624868752,914
95.65735726401361,95.66407760548432,95.56986146615739,95.65735726401361,197
95.86749152854189,95.94422040553582,95.71286049607036,95.86749152854189,244
96.5199728729371,96.54386375318838,96.43484477035975,96.5199728729371,893
96.82344417713043,96.95050548400407,96.72367731147477,96.82344417713043,226
95.90248463766466,96.09518444976787,95.74740176496589,95.90248463766466,403
96.55490201932432,97.03190377891852,96.1992463990733,96.55490201932432,894
96.62249013999565,96.65871205247655,96.6220883539665,96.62249013999565,913
96.59651275454526,96.90038839113565,96.53547094612836,96.59651275454526,678
96.73718692829004,96.88320294679757,96.65395729218619,96.73718692829004,478
96.56469534731151,96.6102371710067,96.53051809495473,96.56469534731151,246
96.67820977750598,96.82501077636381,96.64605947754656,96.67820977750598,939
96.38227174433443,96.58173958948625,96.23829046339827,96.38227174433443,180
97.01940787370161,97.04326973606221,96.66443892656207,97.01940787370161,864
96.96261381689108,97.27760067964888,96.76598639662994,96.96261381689108,341
96.77132189552987,96.96753934818881,96.54444757486597,96.77132189552987,676
96.30885898767023,96.45885289326476,96.27676821504748,96.30885898767023,682
96.44324688224455,96.61270087108848,96.29342095566415,96.44324688224455,647
96.5368004323071,96.8332241063939,96.21939857633188,96.5368004323071,166
96.73101273914585,96.91842167618421,96.71508379624412,96.73101273914585,694
96.2173867953933,96.23803004734648,96.15529550281688,96.2173867953933,781
95.41679619598752,95.55923640095764,95.26722302224232,95.41679619598752,574
95.7295918472408,96.50086691308891,95.29829701371916,95.7295918472408,678
96.47191277817905,96.68676743766306,96.39077487276742,96.47191277817905,709
95.9587359669841,96.29555471285357,95.88325207465773,95.9587359669841,936
96.75345660876495,96.87130226574227,96.61413781249401,96.75345660876495,532
96.89541213813314,96.90165505606706,96.58087632441682,96.89541213813314,904
96.89188068585773,97.3153552491418,96.88259483384485,96.89188068585773,861
96.69310633758484,96.89249783388937,96.29431480659355,96.69310633758484,401
96.00084732787234,96.10176824696933,95.96929784853518,96.00084732787234,819
96.49471158583464,96.6351242983057,96.47315605460311,96.49471158583464,923
96.10690840511583,96.40745394127569,96.10278109704433,96.10690840511583,474
95.71700506724703,96.01217928666732,95.63790981116179,95.71700506724703,674
96.21296822219051,96.25114420937425,96.15007008771754,96.21296822219051,177
95.27147649885465,95.2977005915046,95.1164218965226,95.27147649885465,129
94.50967759352056,94.5783228072615,94.44331358302242,94.50967759352056,451
94.50061047176652,94.57131326865621,94.00246012410636,94.50061047176652,862
94.64725268626894,94.68516465837068,94.55412918521318,94.64725268626894,930
94.88962001025341,94.98110015881176,94.4629947949494,94.88962001025341,214
94.73872076355528,94.76651589402793,94.66346848194405,94.73872076355528,976
96.00390559787613,96.08744187887957,95.70967292132481,96.00390559787613,431
95.88995931849321,95.90863235707953,95.75447672154671,95.88995931849321,604
95.77456624244185,95.90645161988512,95.42579978960505,95.77456624244185,830
95.37607290803491,95.37687316008223,95.27019819409186,95.37607290803491,253
95.43802631629545,95.58090362823626,95.09308630546215,95.43802631629545,832
95.74550693231883,95.901582253265,95.58677322319369,95.74550693231883,634
96.34729595958557,96.41452596012911,96.20592576245002,96.34729595958557,468
95.60265382736546,95.62653845951263,95.49905369081704,95.60265382736546,825
95.47965615818761,95.48670121945717,95.42257478003697,95.47965615818761,759
95.70300796359219,95.88628372906486,95.69711377224863,95.70300796359219,457
95.99653673088946,96.09622954739763,95.98378958677613,95.99653673088946,401
95.99981105979172,96.03918144508668,95.94903803420151,95.99981105979172,819
96.27102304455778,96.29462858734654,96.22590035106607,96.27102304455778,770
95.86654109809488,95.9882667555881,95.60727210126754,95.86654109809488,550
96.64549381425407,96.66024197149538,96.48315013439775,96.64549381425407,406
97.14180786574379,97.34235214877926,96.96625880718774,97.14180786574379,778
96.4693439722112,96.50664521558788,96.41928972721027,96.4693439722112,162
95.93179244815283,95.9771092339583,95.86568046954581,95.93179244815283,936
95.40833157309937,95.54939723928791,95.22287688942028,95.40833157309937,375
95.74731655854764,96.14108832878861,95.35402394608658,95.74731655854764,610
95.10495267533891,95.23462394940341,95.0283433397994,95.10495267533891,986
94.93944050823487,95.27299720034436,94.65322100971812,94.93944050823487,634
95.16679270644326,95.33882953048688,95.02433051990917,95.16679270644326,835
95.13370973917004,95.15667314709972,94.90300902466161,95.13370973917004,812
95.2631534970264,95.32376186121581,94.96612238428456,95.2631534970264,486
94.73025214135201,94.83936289743431,94.72909356350496,94.73025214135201,894
95.02767932805064,95.40202225291381,95.0158444891318,95.02767932805064,958
94.72107338181264,94.79199143753358,94.32494711610371,94.72107338181264,557
94.55876354461367,94.66871378894268,94.52979101884357,94.55876354461367,947
94.67762940856666,94.71015253328311,94.66159342519201,94.67762940856666,507
94.72916851933208,94.78317844202111,94.46935071234698,94.72916851933208,826
94.74115852883988,95.02088345095176,94.72370486108052,94.74115852883988,876
94.36584511785149,94.41601605009703,94.28626051569,94.36584511785149,485
94.2160704122519,94.50745792135604,94.17271284867282,94.2160704122519,489
94.21716220767041,94.39077313851597,94.2119858552316,94.21716220767041,328
93.52961959108687,93.62895991353535,93.43532874845523,93.52961959108687,326
93.29835310793018,93.31994907050719,93.24906178254041,93.29835310793018,426
93.4921930474466,93.58634369575616,93.47488195097641,93.4921930474466,434
92.85347474552394,92.92762358958278,92.75892105184663,92.85347474552394,376
93.43176557132107,93.43590408789191,93.32603065252667,93.43176557132107,329
94.06657220262099,94.09291225339297,93.8535882520342,94.06657220262099,967
93.44399691464095,93.56229456605513,93.30222320895332,93.44399691464095,826
94.12280673116602,94.36064128778702,93.83427537739567,94.12280673116602,256
94.05101593680996,94.33346766229351,93.8598226315686,94.05101593680996,112
94.26027321638848,94.73244965075108,94.01759738986866,94.26027321638848,602
94.01194769032436,94.18742013216566,93.75540489869032,94.01194769032436,296
94.47347010393774,94.82906521087821,94.3802064925031,94.47347010393774,722
94.67651711336208,94.72135037926027,94.61735472628038,94.67651711336208,714
94.26944048506328,94.303149668244,94.2542726844937,94.26944048506328,202
93.68683948508064,93.76521681086906,93.55493177996236,93.68683948508064,269
92.95668826747603,93.15456392162397,92.89885461842984,92.95668826747603,208
93.0506591556924,93.05706422436604,93.0320643242742,93.0506591556924,475
93.33689486158227,93.3611187412068,93.32244056605833,93.33689486158227,225
93.66237770097199,93.80990137348668,93.55592522098885,93.66237770097199,846
93.6033871536683,93.77873759996254,93.47224370945398,93.6033871536683,484
93.02488892583611,93.20864985517657,93.00615471936807,93.02488892583611,247
92.68385152682421,93.02316803483274,92.65905337001105,92.68385152682421,782
93.26002584630518,93.35560163352439,93.21484624215545,93.26002584630518,100
93.01771156400514,93.17721362538076,92.68840127988054,93.01771156400514,651
93.08942037934588,93.13313204701356,92.7434208210825,93.08942037934588,848
92.55159513755844,92.56206970550343,92.35765920531487,92.55159513755844,106
92.71988666028795,92.95258566022743,92.58515074099877,92.71988666028795,262
92.49104437944841,92.63201468159322,92.43708749968059,92.49104437944841,535
93.0144007363363,93.13473122211413,92.96185082630612,93.0144007363363,901
93.4011795894397,93.50027632565957,93.26768048969704,93.4011795894397,533
93.15332661615226,93.38639173599691,93.1105280375275,93.15332661615226,424
93.08999460247843,93.34845335185537,92.97813810678858,93.08999460247843,256
92.8144364824581,93.09361452935083,92.68867465443645,92.8144364824581,213
92.1047198841856,92.30596803364793,92.10054245158578,92.1047198841856,211
91.675998669412,91.83978033068145,91.58648323363408,91.675998669412,554
91.7751073332724,92.08582629536237,91.63703520835682,91.7751073332724,868
91.93773708238719,92.01475868881246,91.80753031073078,91.93773708238719,172
92.0120110341835,92.02086305823921,91.96905773586334,92.0120110341835,292
91.86114450720419,92.09018784451852,91.51772067640528,91.86114450720419,574
92.32767781006469,92.46745856836503,92.06231246311063,92.32767781006469,372
92.35944876234515,92.8084284451749,92.15907732353439,92.35944876234515,835
92.71107567639312,92.90281724538549,92.19780256183137,92.71107567639312,972
91.82418811029186,91.85489770557663,91.7948954298923,91.82418811029186,193
89.86298798448269,90.09780886055792,89.77002791861946,89.86298798448269,818
90.00488199840173,90.12106543384056,89.83280937854106,90.00488199840173,781
89.29249917154098,89.57969016714658,89.24197231194212,89.29249917154098,767
89.18627332018445,89.22928572739663,89.18388777705489,89.18627332018445,855
89.03522479967215,89.22043831831871,88.83804080652209,89.03522479967215,614
89.82892510087991,89.82965931857602,89.70759320933729,89.82892510087991,319
90.02892337735172,90.23326843110374,89.7347219282442,90.02892337735172,104
90.11185289075105,90.17936763743886,90.09256524651917,90.11185289075105,293
90.53034846806788,90.61096692601869,90.52727732056474,90.53034846806788,153
90.7145972614874,90.7321222925214,90.62738949300343,90.7145972614874,911
90.48575876499318,90.5801781032042,90.13431581326088,90.48575876499318,308
91.02149673012046,91.04934140981318,90.66857051136557,91.02149673012046,687
90.46662166617632,90.49675851194671,90.31738718484196,90.46662166617632,829
90.6282452599431,90.78205528146044,90.52043519419068,90.6282452599431,596
89.85446036287495,89.94105561592339,89.79667539058656,89.85446036287495,729
89.95643229163295,90.40812445086388,89.95314521986673,89.95643229163295,554
90.05292711251941,90.29862041060412,89.87600941531592,90.05292711251941,891
90.89115459347674,91.18592277283868,90.82292814922452,90.89115459347674,179
90.10866764675585,90.58206143825711,89.74886179114806,90.10866764675585,798
89.80822405882894,89.82346254311868,89.32891416235455,89.80822405882894,107
90.21956527211601,90.39825985100121,90.17095096187302,90.21956527211601,190
90.38722390031467,90.49121226779911,90.27801362429526,90.38722390031467,445
90.47737642598342,90.68170817162301,90.27474216645393,90.47737642598342,450
89.99930857450416,90.01123948750558,89.96771181894958,89.99930857450416,309
89.70389940045844,89.73651165640383,89.37375233845847,89.70389940045844,357
90.32641990457007,90.47764293980511,90.21677689083099,90.32641990457007,140
90.30066530769311,90.40704046627356,90.20331084938867,90.30066530769311,826
90.48834515576534,90.54568642012607,90.43788972988222,90.48834515576534,795
90.43075099137711,90.5647844438032,90.15440704655089,90.43075099137711,403
89.83920823375223,89.84548742116543,89.79839814432742,89.83920823375223,340
90.30611344678972,90.68786870146528,90.13523209076057,90.30611344678972,717
90.55772963905598,90.69649472162718,90.34220584615115,90.55772963905598,633
91.71054805773957,91.83631082340612,91.62750552911317,91.71054805773957,964
91.2027573679143,91.21265829712732,91.18594868552881,91.2027573679143,344
91.61404382851454,91.78899476385646,91.36136032052198,91.61404382851454,885
90.95827184549604,91.02279340005637,90.51883445729443,90.95827184549604,690
91.03694512933258,91.09342067957249,90.97041624004342,91.03694512933258,934
91.52519842386417,91.70845703326508,91.45190239857871,91.52519842386417,403
90.48913086581592,90.69701914426204,90.07373616133705,90.48913086581592,989
90.38666462869512,90.44478556814748,90.29385747654575,90.38666462869512,634
90.1050597616738,90.50156237441338,89.79692633543554,90.1050597616738,210
89.75408111252624,90.23254078926018,89.28794841691875,89.75408111252624,229
89.94668743865591,90.09935132894255,89.89422487295685,89.94668743865591,461
90.50703029186721,90.52071535410879,90.44780126770644,90.50703029186721,359
90.44039093425263,90.62960383667775,90.39140021766077,90.44039093425263,765
90.54313414803265,90.72408410868441,90.49256249885298,90.54313414803265,630
90.60028852456227,90.64234543734132,90.42440915991953,90.60028852456227,660
90.60119027774049,90.70879724557138,90.24301907505131,90.60119027774049,685
90.05651895888444,90.4024764363757,90.04986015725814,90.05651895888444,313
90.61074125974588,90.77562591747855,90.35345516713359,90.61074125974588,152
90.7583389438253,90.94319977752156,90.42235909552755,90.7583389438253,289
90.95577968882658,91.00306487650072,90.78887375880821,90.95577968882658,740
90.55252487431379,90.71676510426416,90.41526191330495,90.55252487431379,590
90.32291467531917,90.43388812336207,90.27760182018358,90.32291467531917,243
90.23484757646378,90.41398527880293,90.02021169898919,90.23484757646378,859
89.46778522973935,89.61909580987985,89.10005925001053,89.46778522973935,279
88.6237680671405,88.86401063091915,88.47712733269243,88.6237680671405,618
88.32339410182122,88.490942436691,88.19307365083145,88.32339410182122,955
88.58465448504242,88.60774594848026,88.53599034675858,88.58465448504242,902
88.25808579007744,88.36877203927249,88.15890455192026,88.25808579007744,817
87.74868319128208,87.92665508901227,87.52606518575612,87.74868319128208,167
87.34134036466325,87.39861606126347,87.33074405668391,87.34134036466325,972
87.1136691530906,87.46678138861606,86.85060543236152,87.1136691530906,754
86.93673967168054,86.98617674475142,86.78642285556762,86.93673967168054,207
88.01950039778382,88.04394082799196,87.7672502815039,88.01950039778382,284
88.54681071202748,88.78888723383983,88.1766435594012,88.54681071202748,851
89.05919776816835,89.0773819287931,88.92369220278827,89.05919776816835,250
89.64348795030503,89.94228899984654,89.3446487600152,89.64348795030503,822
89.144077515638,89.2522431577149,88.98082557176147,89.144077515638,689
88.53289520814438,89.00345250212145,88.45325263245908,88.53289520814438,574
87.97946006237736,88.21497414520725,87.88674549314314,87.97946006237736,839
88.64671312904628,88.82925849167023,88.51753551815948,88.64671312904628,858
88.37311723460503,88.56338375582715,87.92349106139237,88.37311723460503,992
87.7474391434854,88.12963481919445,87.74003780743193,87.7474391434854,201
87.53194104337548,87.66453903562969,87.45149295362967,87.53194104337548,825
87.41263827751817,87.53037924422952,87.27303139578179,87.41263827751817,238
87.54684491436545,87.71506918787753,87.54282870858965,87.54684491436545,487
87.67232042472148,88.02070493110027,87.65984652868055,87.67232042472148,797
87.25823014278473,87.26058371034945,87.13111868331131,87.25823014278473,779
87.60105833904159,87.60837052756742,87.27844218234623,87.60105833904159,588
87.2814615721665,87.39186323422966,87.13534101634401,87.2814615721665,157
87.20332340381398,87.31718373739186,87.02406769213933,87.20332340381398,730
87.54671043906566,88.21368898119083,87.52604988233779,87.54671043906566,187
87.2257997370935,87.35507124452337,87.12355259064127,87.2257997370935,221
86.94112402530293,87.22368174086118,86.76198310518322,86.94112402530293,343
87.2369580501495,87.31701926878046,87.10370634209943,87.2369580501495,166
86.80809146184698,86.8658699447138,86.76721094038423,86.80809146184698,393
86.61569545004495,86.6187729629452,86.41129874304208,86.61569545004495,229
86.8935665390664,87.3092704888445,86.88901320482255,86.8935665390664,954
87.92061275978439,87.98258320472249,87.86220195373441,87.92061275978439,139
88.22331501216577,88.44634106253233,87.75870114672159,88.22331501216577,311
88.45963489366078,88.7415247902812,88.37255604396479,88.45963489366078,155
88.72503568549715,88.86880836940529,88.4090921920075,88.72503568549715,811
88.18844054846362,88.45553360715324,87.96218312719188,88.18844054846362,390
88.24623891780357,88.49811927840199,88.23868279784406,88.24623891780357,916
88.23135567363536,88.37615612463537,88.14261183304936,88.23135567363536,718
88.39214794382174,88.41558575063465,88.04410262758168,88.39214794382174,806
88.45040197005967,88.85540923296162,88.27621325992672,88.45040197005967,451
88.64025180876823,88.83097079890074,88.50770111721738,88.64025180876823,221
88.48451821131863,88.6029514773153,88.42409213429448,88.48451821131863,194
88.51382267000453,88.58305583421549,88.43865860485684,88.51382267000453,527
87.89990838697604,87.91358715910337,87.49385335670657,87.89990838697604,898
87.73995474797458,88.04763374486224,87.6492517781551,87.73995474797458,736
88.4353715220629,88.4604449192624,88.21607521062303,88.4353715220629,548
88.59477569187702,88.59779840989421,88.23962403391577,88.59477569187702,943
88.58431517318547,88.9000382512812,88.51000239191411,88.58431517318547,737
89.53237681131264,89.66402126006268,89.26366988059095,89.53237681131264,443
88.8519593221621,89.01482389244366,88.5159419922942,88.8519593221621,647
88.29723154443899,88.33695468901468,88.1965317302674,88.29723154443899,828
89.15358725007712,89.35409564247811,88.99760118115482,89.15358725007712,102
89.1765677181016,89.17679991544577,88.89060975410051,89.1765677181016,129
89.0552761999567,89.19361722267828,88.97499992180062,89.0552761999567,354
88.45567403740887,88.72641600540418,88.19865851960951,88.45567403740887,144
88.67952217060638,88.97446096767551,88.67234983993872,88.67952217060638,276
88.9517521053701,89.0107049202152,88.87288927661595,88.9517521053701,321
88.40450492495266,88.6019547713591,88.28018307966022,88.40450492495266,724
88.33436713217745,88.39811491209295,88.30144710064269,88.33436713217745,221
88.16660921616092,88.40291536682695,88.07986598218565,88.16660921616092,374
88.2945977893703,88.3380750292536,88.15527392436114,88.2945977893703,843
87.73497266825999,87.80330572498394,87.69025539363183,87.73497266825999,411
88.36094639551656,88.50644443634792,88.2087716593272,88.36094639551656,517
88.81885828631536,89.26004532229824,88.40834677968014,88.81885828631536,860
88.63727050694895,88.78399209616627,88.22738280861924,88.63727050694895,428
88.52906115112977,88.67416481201815,88.13374581766504,88.52906115112977,202
88.46085007599096,88.69827552647257,88.4088757231064,88.46085007599096,787
88.07169579948771,88.29446467496791,87.87871582568224,88.07169579948771,847
87.84998109037019,87.89531256229999,87.61776255037185,87.84998109037019,381
87.71484590653289,87.74047158941684,87.40194655174477,87.71484590653289,344
88.52128009188645,88.72988859725373,88.3756877189405,88.52128009188645,232
88.99458924605167,89.11375561895379,88.94953498442811,88.99458924605167,955
89.46191659971998,89.48616534608406,89.4511973799294,89.46191659971998,770
89.64687940622218,89.75781278113979,89.57539263772271,89.64687940622218,891
89.08821590175657,89.45868440237855,88.82446370678875,89.08821590175657,440
89.06747034946788,89.11688748060536,89.05210480926559,89.06747034946788,121
89.55271457927458,89.65881253898056,89.2290050463129,89.55271457927458,713
88.92358226459093,89.23855578708586,88.79697950012817,88.92358226459093,249
89.24185886802756,89.48859770089328,88.92617886268819,89.24185886802756,668
90.40316348065895,90.45362947533329,90.35749572332028,90.40316348065895,769
90.93407180365381,91.00190014089539,90.79956186874023,90.93407180365381,980
91.6410863714348,91.83921583345321,91.51019103697406,91.6410863714348,914
91.75025574665588,91.8650686893695,91.66964915372897,91.75025574665588,806
92.23422172103838,92.60151948875247,92.17926866257075,92.23422172103838,266
91.87529511386137,92.15074789462402,91.84714661509432,91.87529511386137,444
92.27322702003198,92.53320190150568,92.17001046430488,92.27322702003198,805
92.60042108706236,92.70887296531207,92.43897000147528,92.60042108706236,560
92.74537667408119,92.75236881331186,92.29427327749389,92.74537667408119,958
93.40338038394043,93.66129910786537,93.37868119774042,93.40338038394043,359
93.13398796501673,93.29243878357168,92.98682935422079,93.13398796501673,299
93.0404592067799,93.05270974884797,92.72294785724425,93.0404592067799,104
93.08819022745905,93.42787560930653,93.01235363034594,93.08819022745905,399
92.57338474191435,92.9610901093023,92.51930136322194,92.57338474191435,702
92.68685071381448,92.80611743058758,92.48338773601706,92.68685071381448,635
91.82738550733755,92.18439067515149,91.72018696106404,91.82738550733755,335
92.35086277455166,92.39650628143856,92.32936583102054,92.35086277455166,846
92.37418145783464,92.57644054742923,92.27324878300168,92.37418145783464,837
92.11373500588276,92.26307197710169,91.59336816831512,92.11373500588276,639
91.6965481997352,91.82946529732493,91.59409313141965,91.6965481997352,251
91.5792586849256,91.89695931220724,91.17905413715374,91.5792586849256,995
91.9233885403118,92.0252875126429,91.624858304545,91.9233885403118,345
92.19725802968058,92.46570938625261,92.06940880299051,92.19725802968058,104
91.84448905604135,91.97693667177448,91.83697696255739,91.84448905604135,112
91.42146921972754,91.58213179140897,91.33450429551263,91.42146921972754,666
91.74991857288737,91.85489896546116,91.7175540210301,91.74991857288737,564
91.38874487057986,91.50306661274128,91.19345813674211,91.38874487057986,385
91.4186997576196,91.66440327890258,91.33039269178556,91.4186997576196,713
91.48057707888175,91.72849844115785,91.40867330257511,91.48057707888175,438
91.63660814474513,91.93626450661006,91.56998373335668,91.63660814474513,313
92.06574335983606,92.53374262422255,92.01506262679281,92.06574335983606,212
91.4342618914024,91.46972644898041,91.42232692642568,91.4342618914024,437
90.47868222877216,90.52926078791022,90.30653374372477,90.47868222877216,189
90.19495858815799,90.33334475628152,90.14354998294228,90.19495858815799,882
91.09572279207408,91.19371525396463,90.81741232412176,91.09572279207408,858
92.10680984211777,92.29882201705807,91.73729033071426,92.10680984211777,575
93.02239840990072,93.0823576442153,92.89103620510556,93.02239840990072,129
92.92590772602037,93.27407934142326,92.8282335035709,92.92590772602037,639
92.03485018502795,92.10019910301617,91.89993687357764,92.03485018502795,567
90.86333063420203,90.91590712880911,90.79228442883097,90.86333063420203,487
90.55631155342732,90.6025928236828,90.46335336560551,90.55631155342732,679
90.45727473835264,90.55026706745386,90.27408768892289,90.45727473835264,456
91.10758743888061,91.15317689129314,90.7576948052144,91.10758743888061,754
91.54149016865183,91.79837317404285,91.41584095512098,91.54149016865183,645
91.65519270814764,91.71769574138675,91.56366247103612,91.65519270814764,558
91.21027032267706,91.28510503963776,90.98521236781735,91.21027032267706,570
90.72988054355461,90.84607594636954,90.36202550079138,90.72988054355461,966
90.85694438709034,90.86344079804098,90.3678845940661,90.85694438709034,326
91.2054698765102,91.39777441397604,91.02824188990738,91.2054698765102,814
91.40141050763299,91.62848877240764,91.11541827027506,91.40141050763299,672
90.88411152782966,91.40720531983042,90.87027460388309,90.88411152782966,290
91.2094453422257,91.55889280792769,91.04571199478568,91.2094453422257,101
91.4224008257764,91.53354708959701,91.36937802470013,91.4224008257764,217
90.88706762268131,90.91042044694258,90.68124253369004,90.88706762268131,407
90.49490713753119,90.62835178490852,90.18436617738223,90.49490713753119,663
90.83915512481197,91.41436158122124,90.69883735495456,90.83915512481197,114
90.72190135723902,90.86760713248331,90.7194656575076,90.72190135723902,523
91.51647500805724,91.65964827549006,91.40106619154398,91.51647500805724,895
91.76703964608953,91.9554745068083,91.76484457462173,91.76703964608953,578
91.52372405199489,91.65218245071556,91.40935028424396,91.52372405199489,195
91.51862125179942,91.55029964294991,91.29599660152505,91.51862125179942,709
91.55031294811828,91.81108777730455,91.41578392570887,91.55031294811828,154
91.18611779149742,91.25182523591513,91.05266339305766,91.18611779149742,377
90.72982369240862,90.94686147563549,90.59736924287046,90.72982369240862,512
91.08051863931337,91.15743512805741,90.99499937542525,91.08051863931337,344
91.50315528783442,91.67938354960997,91.31421551346652,91.50315528783442,939
91.8050460226109,92.0061886186954,91.52383216665697,91.8050460226109,495
92.56270506977279,92.77560435400738,92.18742150029149,92.56270506977279,570
92.29181845176699,92.42363205752748,91.82345896299317,92.29181845176699,137
93.12895383480254,93.27750294902197,92.78536436282661,93.12895383480254,731
92.67849327552547,92.88509904453245,92.41028397260843,92.67849327552547,869
92.17215049384122,92.31489753777349,91.95490183648329,92.17215049384122,239
91.29217105276659,91.35776513086104,91.23464819039161,91.29217105276659,282
91.06927339585319,91.26179179242234,90.73847908011057,91.06927339585319,312
90.81741222743847,90.91993212969302,90.74109488797694,90.81741222743847,225
91.0803808675658,91.23100318360525,90.89075979874126,91.0803808675658,239
91.20232633837603,91.21754682166974,91.15565816443663,91.20232633837603,720
90.60583965286645,90.63086625102038,90.54987139188503,90.60583965286645,578
90.40947653365355,90.59330826534834,90.34076888856764,90.40947653365355,620
90.2237455231097,90.4446705179285,90.14493606603027,90.2237455231097,562
89.33575439962875,89.47189872145229,89.28415524027042,89.33575439962875,131
88.84528103612207,89.25259750745649,88.63642267653208,88.84528103612207,334
88.45987422081502,88.54242303965934,88.1392813514307,88.45987422081502,172
89.17668673072549,89.42326008900284,89.13297907992505,89.17668673072549,571
89.27241208870417,89.36614419060014,88.90743425831953,89.27241208870417,747
89.60349646567792,89.78126422958591,89.42815509872567,89.60349646567792,865
88.85417871710331,89.03467704821487,88.60777702630867,88.85417871710331,727
89.4512859586103,89.64180406020071,89.19904430748757,89.4512859586103,767
90.10183699012235,90.17940245852414,89.98637942000181,90.10183699012235,693
89.10266450655004,89.37813782230627,88.8137437098781,89.10266450655004,718
88.75000614459212,88.82567693846266,88.64973268147901,88.75000614459212,840
88.99788893109988,89.34059487696794,88.61941756619862,88.99788893109988,391
89.32008315786896,89.64406711850665,89.27430631609143,89.32008315786896,728
